customer_id,state,account_length,churn,customer_service_calls,total_intl_calls,avg_charge_per_call,anomaly_flag_iforest,anomaly_flag_svm,high_confidence_anomaly,risk_rule_score,predicted_churn_probability,risk_score,risk_tier
CUST00000,KS,128,False,1.0,3,0.2493729372937294,1,1,0,0,0.0418579645883902,7.129761403511516,Low
CUST00001,OH,107,False,1.0,3,0.178433734939759,1,1,0,0,0.1101740494441724,9.30267574361344,Low
CUST00002,NJ,137,False,0.0,5,0.187057057057057,1,1,0,0,0.0892841475419534,13.000165771036592,Low
CUST00003,OH,84,False,2.0,7,0.2625098039215686,-1,1,0,0,0.2598680424408699,35.01077397372078,Medium
CUST00004,OK,75,False,3.0,3,0.1450974930362117,1,1,0,0,0.3124747384441571,16.465795281724443,Low
CUST00005,AL,118,False,0.0,6,0.2093188854489164,1,1,0,0,0.2022172727001331,16.853376540304048,Low
CUST00006,MA,121,False,3.0,7,0.2412772585669781,1,1,0,0,0.1282261968482631,21.140042545405528,Low
CUST00007,MO,147,False,0.0,6,0.1705454545454545,1,1,0,0,0.1080300002858867,15.379701557471371,Low
CUST00008,WV,141,False,0.0,5,0.2711784511784511,1,1,0,0,0.2494351492799115,21.785369555758543,Low
CUST00009,RI,74,False,0.0,5,0.1526203208556149,1,1,0,0,0.0872571125164555,15.205535105760251,Low
CUST00010,IA,168,False,1.0,2,0.1353198653198653,1,1,0,0,0.1272770994163759,17.37140928678931,Low
CUST00011,MT,95,False,3.0,5,0.2107420494699646,1,1,0,0,0.1613926707814465,12.643688440973245,Low
CUST00012,IA,62,False,3.5,6,0.2362948207171314,1,1,0,0,0.3549074917445508,31.845254712310272,Low
CUST00013,ID,85,False,1.0,4,0.2111038961038961,1,1,0,0,0.0661170520490404,20.560018529655206,Low
CUST00014,VT,93,False,3.0,3,0.169025787965616,1,1,0,0,0.0650481604138425,11.475690819615817,Low
CUST00015,VA,76,False,1.0,5,0.2479508196721311,1,1,0,0,0.075657156680982,9.973765782550679,Low
CUST00016,TX,73,False,1.0,2,0.2515748031496063,1,1,0,0,0.1992964659982634,13.611389169896206,Low
CUST00017,FL,147,False,0.0,4,0.170028818443804,1,1,0,0,0.1453941212623249,10.946024290632469,Low
CUST00018,CO,77,True,3.5,6,0.1286428571428571,-1,1,0,0,0.9691071498955792,58.13568681203803,Medium
CUST00019,AZ,130,False,0.0,19,0.156038961038961,1,-1,0,1,0.1555202488394388,57.09797955568223,Medium
CUST00020,VA,132,False,0.0,2,0.1748363636363636,1,1,0,0,0.1831559142521034,21.2102720189222,Low
CUST00021,NE,174,False,3.0,5,0.1952922077922078,1,1,0,0,0.1203168236221719,24.560315945154056,Low
CUST00022,WY,57,False,0.0,3,0.1833043478260869,1,1,0,0,0.1131955770042412,7.917814963544736,Low
CUST00023,MT,54,False,3.0,4,0.1820816326530612,1,1,0,0,0.0322780825649588,22.873581653388026,Low
CUST00024,MO,20,False,0.0,6,0.2130232558139535,1,1,0,0,0.0638022694799993,12.537471735258855,Low
CUST00025,IL,142,False,2.0,6,0.1318589743589743,-1,1,0,0,0.0711703000303339,27.931802621028506,Low
CUST00026,NH,75,False,1.0,5,0.2204126984126984,1,1,0,0,0.2802138918715087,10.230615958088078,Low
CUST00027,LA,172,False,3.0,10,0.1791358024691358,1,1,0,0,0.0961917031772218,27.54383255574621,Low
CUST00028,AZ,12,True,1.0,3,0.2414545454545454,1,1,0,0,0.9570005364452764,37.352239253394956,Medium
CUST00029,OK,57,False,0.0,4,0.2023875432525951,1,1,0,0,0.0569780776241573,7.681475895610787,Low
CUST00030,GA,72,False,3.0,6,0.2576061776061776,1,1,0,0,0.0727069340197658,18.25611176434728,Low
CUST00031,MA,78,False,1.0,5,0.1849829351535836,1,1,0,0,0.1109962219393729,9.475100147275645,Low
CUST00032,AK,136,False,3.0,6,0.1824842767295597,1,1,0,0,0.185773549472038,15.473598853897103,Low
CUST00033,NJ,149,False,1.0,9,0.1928712871287128,1,1,0,0,0.0821477068239256,10.121950648191245,Low
CUST00034,GA,98,False,3.0,2,0.1439506172839506,1,1,0,0,0.1159858580228817,15.108158009423173,Low
CUST00035,MD,135,True,0.0,15,0.1971929824561403,1,-1,0,1,0.9949074074074076,83.31779736949045,High
CUST00036,AR,34,False,2.0,4,0.2363740458015266,1,1,0,0,0.1185130473219361,16.86388968958191,Low
CUST00037,ID,160,False,3.0,4,0.138339222614841,1,1,0,0,0.1466923395718991,17.6622188198197,Low
CUST00038,WI,64,False,1.0,3,0.2126277372262774,1,1,0,0,0.0903085347560956,24.09146545502732,Low
CUST00039,OR,59,False,2.0,5,0.1558064516129032,1,1,0,0,0.0986759608680179,8.220721080086205,Low
CUST00040,DE,142,False,2.0,5,0.165575221238938,1,1,0,0,0.0746359383287479,16.129634142423672,Low
CUST00041,WY,97,False,1.0,3,0.1718181818181818,1,1,0,0,0.0785992668112213,20.308490780305146,Low
CUST00042,IA,52,False,3.0,5,0.2308108108108107,1,1,0,0,0.1276967676997045,11.743845080841101,Low
CUST00043,IN,60,False,1.0,3,0.2252960526315789,1,1,0,0,0.1153837593637157,17.47864296696203,Low
CUST00044,UT,96,False,2.0,5,0.2442023346303501,1,1,0,0,0.130767412004676,13.6182841659477,Low
CUST00045,WY,87,True,3.5,3,0.1706382978723404,1,1,0,0,0.9494703368164492,38.92426173991576,Medium
CUST00046,IN,81,False,1.0,3,0.2606324110671936,1,1,0,0,0.1430564351517101,10.373786346770068,Low
CUST00047,CO,141,False,1.0,2,0.1564482758620689,1,1,0,0,0.0846811808805815,15.76320945383113,Low
CUST00048,CO,121,True,3.0,3,0.1743006993006992,1,-1,0,0,0.852234003759614,46.05436705197733,Medium
CUST00049,OK,125,False,1.0,8,0.1982530120481927,1,1,0,0,0.1847264814931647,12.510029651900245,Low
CUST00050,ID,174,False,1.0,4,0.2316465863453815,1,1,0,0,0.0850897519620794,10.389694092068108,Low
CUST00051,CA,116,False,2.0,3,0.2138323353293413,1,1,0,0,0.1387791440219229,19.68867024269755,Low
CUST00052,SD,149,False,3.0,3,0.2925943396226415,1,1,0,1,0.0679789027373001,48.5014318133534,Medium
CUST00053,NC,38,False,2.0,6,0.1482410423452768,1,1,0,0,0.0516400017314644,7.703764008900895,Low
CUST00054,WA,40,False,2.0,5,0.189182156133829,1,1,0,0,0.1056679928998523,12.0761489814602,Low
CUST00055,WY,43,False,0.0,4,0.2516428571428571,1,1,0,0,0.5127103793072817,25.951449724796028,Low
CUST00056,MN,113,False,0.0,8,0.1305849582172702,1,1,0,0,0.1515611158345634,21.760167526761233,Low
CUST00057,UT,126,False,1.0,1,0.3006161137440758,1,1,0,1,0.0987072612729336,48.111625692988916,Medium
CUST00058,TX,150,True,3.5,3,0.175796178343949,1,1,0,0,0.9429366292444448,39.62093801104752,Medium
CUST00059,NJ,138,False,3.0,7,0.2511498257839721,1,1,0,0,0.1765012977743881,17.798054405979887,Low
CUST00060,MN,162,False,0.0,2,0.2826229508196721,1,1,0,0,0.0675468071139664,14.258655753474065,Low
CUST00061,NM,147,False,3.0,4,0.2307473309608541,1,1,0,0,0.0787216462953966,13.415286367886539,Low
CUST00062,NV,90,False,1.0,4,0.1684946236559139,1,1,0,0,0.1513602604250563,13.821304084555,Low
CUST00063,MN,50,False,1.0,2,0.2018181818181817,1,1,0,0,0.1007847476139635,11.96159656470183,Low
CUST00064,DC,82,True,0.0,4,0.2858391608391608,1,1,0,0,0.9631167282969376,48.116954917882495,Medium
CUST00065,NY,144,True,3.5,7,0.0877272727272727,-1,1,0,0,0.8643194444585316,52.742160977484744,Medium
CUST00066,MD,70,False,1.0,2,0.2030935251798561,1,1,0,0,0.0545941078713082,12.779411386617346,Low
CUST00067,WV,144,False,1.0,2,0.2504421768707482,1,1,0,0,0.2322102557583484,18.06824845999305,Low
CUST00068,OR,116,False,3.0,5,0.2355555555555555,1,1,0,0,0.1656220926954787,14.616565128438474,Low
CUST00069,CO,55,False,3.0,2,0.1632258064516129,1,1,0,0,0.0573419952218766,9.530237736572184,Low
CUST00070,GA,70,False,1.0,4,0.2847232472324724,1,1,0,0,0.0773468890131538,11.189187332634509,Low
CUST00071,TX,106,True,2.0,1,0.2553333333333333,1,1,0,0,0.6327313430276837,26.331009992077163,Low
CUST00072,IN,94,True,3.5,5,0.1718983050847457,1,1,0,0,0.9666379299402992,37.69237465193468,Medium
CUST00073,WV,111,False,1.0,2,0.2231292517006802,1,1,0,0,0.1466936302200371,8.726814565333143,Low
CUST00074,KY,74,False,2.0,9,0.1918110236220472,1,1,0,0,0.0631015362690521,15.856081600361154,Low
CUST00075,NJ,128,True,1.0,4,0.2573793103448276,1,1,0,0,0.9228752936271644,40.3379884331964,Medium
CUST00076,DC,82,False,1.0,2,0.1868702290076336,1,1,0,0,0.0542246440017692,12.364097054756924,Low
CUST00077,AR,80,False,1.0,9,0.1775539568345324,1,1,0,0,0.1315596568001432,18.879855230997283,Low
CUST00078,ME,78,False,3.0,7,0.2290220820189274,1,1,0,0,0.2881287980146922,20.414793384612945,Low
CUST00079,AZ,90,False,3.0,7,0.22104,1,1,0,0,0.0745966948238676,15.004045875563405,Low
CUST00080,AK,104,False,1.0,5,0.1778670360110803,1,1,0,0,0.1788899401528143,24.23318226657225,Low
CUST00081,AZ,99,False,3.5,3,0.2231182795698925,1,1,0,0,0.2366070835584689,16.136706294143366,Low
CUST00082,MS,120,True,1.0,5,0.1869345238095238,1,1,0,0,0.1366659206854522,14.6558006700998,Low
CUST00083,IA,98,False,3.5,8,0.1927272727272727,1,1,0,0,0.2972003431340011,31.428026050930775,Low
CUST00084,VT,135,False,0.0,6,0.1598976109215016,1,1,0,0,0.0814026127094824,10.555729509659532,Low
CUST00085,IN,122,False,1.0,2,0.2071071428571428,1,1,0,0,0.1049942416999092,7.491342066219192,Low
CUST00086,AZ,95,False,3.5,4,0.241595744680851,1,1,0,0,0.173708932740951,17.89927307397482,Low
CUST00087,NM,93,False,1.0,3,0.1385970149253731,1,1,0,0,0.105948404039721,10.29570210420976,Low
CUST00088,UT,157,False,3.0,7,0.1996625766871165,1,1,0,0,0.1090275828017007,13.29051451051249,Low
CUST00089,MI,120,False,1.0,8,0.226028880866426,1,1,0,0,0.0510897630219918,16.46649985166177,Low
CUST00090,MA,103,False,2.0,2,0.2100657894736842,1,1,0,0,0.1316308081274581,8.284657106003046,Low
CUST00091,AL,98,False,3.5,4,0.1646109510086455,1,1,0,0,0.5220309176736166,23.553019159991734,Low
CUST00092,DE,125,False,1.0,7,0.1686206896551723,1,1,0,0,0.1318467020208017,11.848457795391152,Low
CUST00093,ME,36,True,0.0,6,0.1926384839650146,1,1,0,0,0.9898205128205128,52.93147313704332,Medium
CUST00094,NJ,64,False,1.0,3,0.1493217665615142,1,1,0,0,0.0446472066025595,16.560987083079155,Low
CUST00095,NV,74,True,1.0,4,0.2737010676156584,1,1,0,0,0.9685436310385028,44.608430509676985,Medium
CUST00096,MO,112,False,2.0,3,0.13565625,1,1,0,0,0.1083245551859664,10.784966062457697,Low
CUST00097,NE,46,False,1.0,7,0.231472602739726,1,1,0,0,0.1450687850358204,12.003666926541792,Low
CUST00098,TX,41,False,0.0,3,0.1807006369426751,1,1,0,0,0.0218099937024416,12.013150918140752,Low
CUST00099,MD,121,False,3.0,4,0.1853516819571865,1,1,0,0,0.1282567321941336,7.861766403642504,Low
CUST00100,MS,193,False,1.0,3,0.1559807073954983,1,1,0,0,0.0599823147022496,10.031171979836063,Low
CUST00101,NV,130,False,2.0,5,0.1424483775811209,1,1,0,0,0.0677372990688123,8.751428393089956,Low
CUST00102,AZ,85,False,1.0,3,0.2578867924528301,1,1,0,0,0.1222569902576035,12.775922252216743,Low
CUST00103,MS,162,True,3.5,3,0.1244285714285714,1,1,0,0,0.9746873858526144,47.971225602220954,Medium
CUST00104,MS,61,True,3.5,6,0.1553314917127072,1,1,0,0,0.3919495371361516,28.918793916216618,Low
CUST00105,TX,92,False,2.0,4,0.1399669966996699,1,1,0,0,0.189196557480863,14.818644362336158,Low
CUST00106,NE,131,False,3.0,4,0.1912130177514792,1,1,0,0,0.2060693919314196,14.028248039882069,Low
CUST00107,NE,90,False,3.0,2,0.1594864048338368,1,1,0,0,0.1004193996690646,11.671672924821976,Low
CUST00108,NJ,78,False,1.0,3,0.1935978835978835,1,1,0,0,0.2685680434799358,19.739826043384532,Low
CUST00109,TX,82,False,3.5,1,0.2406949806949807,1,1,0,0,0.1950749056340126,21.359431177616113,Low
CUST00110,AR,163,False,1.0,10,0.1910091743119266,1,1,0,0,0.1227450417520929,11.836434124091522,Low
CUST00111,AL,91,False,3.0,3,0.1553353658536585,1,1,0,0,0.3349852551400964,19.889353199648223,Low
CUST00112,NY,75,False,3.5,4,0.1774193548387096,1,1,0,0,0.1985983878981245,24.67804867874526,Low
CUST00113,FL,91,False,3.0,3,0.1835612535612535,1,1,0,0,0.1100839571974925,10.843861859562189,Low
CUST00114,AK,127,False,1.0,8,0.2087867647058823,1,1,0,0,0.11901594685053,15.91810804633459,Low
CUST00115,NV,113,False,2.0,5,0.2562666666666667,1,1,0,0,0.0299142129431748,13.157137171173918,Low
CUST00116,DE,110,False,1.0,3,0.1936305732484076,1,1,0,0,0.166833215467224,10.057574304515851,Low
CUST00117,MD,120,False,0.0,4,0.2352280701754386,1,1,0,0,0.0921186823965065,9.431464013826426,Low
CUST00118,MI,157,False,3.0,5,0.1727384615384615,1,1,0,0,0.0480232157508943,19.23688242502383,Low
CUST00119,VT,103,False,1.0,4,0.3061038961038961,1,1,0,1,0.3590392483339139,52.370934462505026,Medium
CUST00120,VT,117,True,2.0,7,0.1875961538461538,1,1,0,0,0.9860472399135314,42.634363512548504,Medium
CUST00121,MI,140,False,3.0,6,0.2068896321070234,1,1,0,0,0.0641509552234896,17.62908516808392,Low
CUST00122,UT,83,False,1.0,4,0.2272049689440993,1,1,0,0,0.3939009070686121,24.841814554576228,Low
CUST00123,RI,145,False,2.0,4,0.2606382978723404,1,1,0,0,0.0792574095295017,11.608121094218978,Low
CUST00124,IA,113,False,1.0,6,0.21003367003367,1,1,0,0,0.1448098184041711,10.341405573961257,Low
CUST00125,RI,56,False,1.0,11,0.1768146214099217,1,1,0,0,0.1831568646613386,26.9038838167181,Low
CUST00126,OK,96,False,3.5,4,0.2853968253968254,1,1,0,0,0.2184763326263349,27.631752606908233,Low
CUST00127,LA,151,False,0.0,4,0.1945125348189415,1,1,0,0,0.1448212695305083,16.41014470954564,Low
CUST00128,OH,83,True,0.0,7,0.2405042016806722,-1,-1,1,0,0.9711226130721902,58.369711281609604,Medium
CUST00129,VA,139,False,0.0,2,0.186283185840708,1,1,0,0,0.086952129357494,14.401989990238611,Low
CUST00130,FL,115,False,1.0,4,0.1341239892183288,1,1,0,0,0.1182393043841735,8.708412574793844,Low
CUST00131,SC,87,False,0.0,5,0.147652733118971,1,1,0,0,0.0658102502588372,11.18091229562653,Low
CUST00132,VA,141,False,0.0,6,0.2184545454545454,1,1,0,0,0.205264047453795,12.312172331057983,Low
CUST00133,IA,141,False,3.0,5,0.2017538461538461,1,1,0,0,0.1357446369444471,8.164037140053537,Low
CUST00134,MI,62,False,1.0,1,0.1372077922077922,1,1,0,0,0.1333161016815478,17.03528886702386,Low
CUST00135,OK,146,False,1.0,3,0.1702694610778443,1,1,0,0,0.0929062133604226,16.32984617181347,Low
CUST00136,DE,92,False,2.0,2,0.2519310344827585,1,1,0,0,0.0637039219801988,7.739596473660053,Low
CUST00137,GA,185,False,1.0,3,0.1548969072164948,1,1,0,0,0.2372240437220588,18.930851362174078,Low
CUST00138,DC,148,False,1.0,3,0.2158204334365325,1,1,0,0,0.1223179658568988,7.478846117960192,Low
CUST00139,AZ,94,False,1.0,4,0.1690220820189274,1,1,0,0,0.0437571095934488,12.07233586773939,Low
CUST00140,CO,68,False,1.0,2,0.2310996563573883,1,1,0,0,0.2035945073406516,18.896587596331084,Low
CUST00141,LA,179,False,0.0,5,0.1920858895705521,1,1,0,0,0.095251191215524,15.083218946091176,Low
CUST00142,NE,94,False,2.0,7,0.1988304093567251,1,1,0,0,0.1405761628556641,12.91310890015156,Low
CUST00143,MN,62,False,0.0,3,0.1685443037974683,1,1,0,0,0.107172758676148,7.204880126885984,Low
CUST00144,AR,116,False,3.0,10,0.2052577319587628,1,1,0,0,0.0819811434780732,22.63371023677405,Low
CUST00145,KS,70,False,3.0,0,0.2144653179190751,-1,1,0,0,0.6332937041618382,48.885729483062036,Medium
CUST00146,WV,94,False,3.5,5,0.1815989159891598,1,1,0,0,0.1862238132309068,20.366896758913146,Low
CUST00147,AK,126,True,3.5,1,0.1021381578947368,1,1,0,0,0.9730829460937594,54.09778177135678,Medium
CUST00148,NY,67,False,2.0,12,0.1567812499999999,1,1,0,1,0.0455822628988383,45.88638002811793,Medium
CUST00149,NH,19,False,2.0,7,0.2312456747404844,1,1,0,0,0.166708486397887,20.419057267528494,Low
CUST00150,VA,170,False,3.0,3,0.2335350318471337,1,1,0,0,0.3316670010678,29.099024285888458,Low
CUST00151,NM,73,False,1.0,13,0.1896623376623376,1,1,0,1,0.2633597378681546,59.89060771497188,Medium
CUST00152,NY,106,False,1.0,4,0.13790625,1,1,0,0,0.0803802583600835,15.999243064686425,Low
CUST00153,WY,164,False,1.0,3,0.1477840909090909,1,1,0,0,0.0911191430973652,5.4962800182368765,Low
CUST00154,WA,51,False,1.0,3,0.2175159235668789,1,1,0,0,0.1807991173806662,7.603886680660772,Low
CUST00155,CO,107,False,0.0,4,0.1528187919463087,1,1,0,0,0.0503481303610542,12.276599233058189,Low
CUST00156,TX,130,False,1.0,2,0.1797887323943662,1,1,0,0,0.0936260452174919,12.412873603678651,Low
CUST00157,KY,80,False,2.0,4,0.2336131386861313,1,1,0,0,0.1183707814735214,10.354856212699689,Low
CUST00158,MT,94,False,0.0,2,0.1505014749262536,1,1,0,0,0.101610863036592,17.016701980123937,Low
CUST00159,OK,118,False,1.0,4,0.2796470588235293,1,1,0,0,0.0589841149555372,22.29236156967583,Low
CUST00160,MD,117,False,1.0,6,0.2173703703703703,1,1,0,0,0.0440073516489587,6.734176413420448,Low
CUST00161,TN,78,False,0.0,8,0.1503532608695652,1,1,0,0,0.1364028723311414,16.489105399768313,Low
CUST00162,ME,131,True,3.5,7,0.2469277108433734,1,1,0,0,0.9890388475021912,53.508809312194686,Medium
CUST00163,DC,63,False,0.0,3,0.1669083969465648,1,1,0,0,0.1490364344768768,21.712967748888698,Low
CUST00164,MN,53,False,3.0,5,0.152219321148825,1,1,0,0,0.1182418461215133,19.210205201491746,Low
CUST00165,DE,62,False,2.0,1,0.2237423312883435,1,1,0,0,0.3055291922173122,22.81421801066687,Low
CUST00166,MD,97,False,3.0,8,0.2189597315436241,1,1,0,0,0.0897545728418442,16.390308435016355,Low
CUST00167,MI,105,False,2.0,3,0.2060162601626016,1,1,0,0,0.0671620678072743,14.681809703070833,Low
CUST00168,WA,157,False,1.0,4,0.2102836879432624,1,1,0,0,0.1181522349906989,6.372929191229662,Low
CUST00169,MO,66,False,1.0,2,0.1757720588235294,1,1,0,0,0.1391796284549628,14.045981320611197,Low
CUST00170,OR,38,False,3.0,5,0.2179225352112676,1,1,0,0,0.0804306127614383,6.287052168802022,Low
CUST00171,MD,106,False,3.0,5,0.2185714285714285,1,1,0,0,0.0576158497493756,14.014928130523735,Low
CUST00172,RI,99,False,3.0,7,0.2435353535353535,1,1,0,0,0.2009489713517172,23.932657976727885,Low
CUST00173,AZ,144,False,0.0,11,0.2194805194805194,1,1,0,0,0.1999300915026218,17.216490137701246,Low
CUST00174,PA,82,False,1.0,3,0.1803896103896103,1,1,0,0,0.0667609888690644,11.31239401578715,Low
CUST00175,AZ,86,False,1.0,6,0.1367187499999999,1,1,0,0,0.084001892759286,14.208708737009212,Low
CUST00176,FL,70,True,2.0,4,0.2127258064516128,1,-1,0,0,0.6793874179288543,42.30288977871904,Medium
CUST00177,LA,93,False,3.0,6,0.1795731707317073,1,1,0,0,0.0878320486637819,10.643413544780046,Low
CUST00178,FL,93,False,0.0,3,0.1815277777777777,1,1,0,0,0.1269895045403659,10.560026862394514,Low
CUST00179,FL,120,False,3.0,7,0.2418076923076923,1,1,0,0,0.0727785831850909,22.158989563172838,Low
CUST00180,MD,136,True,1.0,2,0.2127887323943662,1,1,0,0,0.9670070671919208,41.027312193792945,Medium
CUST00181,AL,106,False,0.0,12,0.1706508875739645,1,1,0,1,0.0542788092705133,52.61711820754419,Medium
CUST00182,WA,81,False,3.0,6,0.1787460815047022,1,1,0,0,0.0392694374510553,7.293770733675334,Low
CUST00183,TN,127,False,1.0,6,0.1952577319587628,1,1,0,0,0.0526713641365606,7.158866065863171,Low
CUST00184,ME,35,False,2.0,6,0.162927536231884,1,1,0,0,0.0915231434363882,7.631517381639387,Low
CUST00185,OK,88,False,2.0,1,0.1385714285714285,1,1,0,0,0.089089312692467,24.62718940795588,Low
CUST00186,MO,123,False,3.0,2,0.2259800664451827,1,1,0,0,0.148018602511021,18.680792274092994,Low
CUST00187,IA,126,False,2.0,3,0.1775577557755775,1,1,0,0,0.0269000436873541,15.573352234863327,Low
CUST00188,VA,104,False,3.5,3,0.2285885885885886,1,1,0,0,0.1918569749216301,28.282801993313196,Low
CUST00189,MD,93,True,0.0,2,0.2690175438596491,1,1,0,0,0.9898388427506676,49.696003548752664,Medium
CUST00190,OH,63,False,1.0,6,0.220846394984326,1,1,0,0,0.1363743350982002,9.99287471551426,Low
CUST00191,OK,100,False,3.0,2,0.1871965317919075,1,1,0,0,0.1156920355753603,15.724095449589557,Low
CUST00192,NV,53,False,0.0,2,0.1916722408026755,1,1,0,0,0.1050273004781305,8.239015743327736,Low
CUST00193,ID,92,False,1.0,5,0.1710626702997275,1,1,0,0,0.1179911216515767,10.093029981827682,Low
CUST00194,SD,110,False,2.0,9,0.1702366863905325,1,1,0,0,0.1030783488715804,14.323582071413881,Low
CUST00195,IL,110,False,3.0,7,0.1270588235294117,1,1,0,0,0.1121177429998898,18.611363555224617,Low
CUST00196,AL,73,False,1.0,6,0.1892542372881356,1,1,0,0,0.0647870836876613,7.510264976514048,Low
CUST00197,NJ,138,False,0.0,5,0.191979865771812,1,1,0,0,0.1025483846358848,17.31754781141984,Low
CUST00198,NV,137,True,2.0,2,0.1704642857142857,1,1,0,0,0.9534427173902644,35.89848445612561,Medium
CUST00199,IN,36,False,1.0,2,0.2199999999999999,1,1,0,0,0.2493662326984237,26.183735621339878,Low
CUST00200,WV,85,False,3.0,2,0.2498046875,1,1,0,0,0.1488298167238874,18.9554690574831,Low
CUST00201,VA,108,True,0.0,3,0.3132700421940929,1,1,0,1,0.2313140853381711,54.67462309726147,Medium
CUST00202,SC,22,False,0.0,5,0.1480730897009966,1,1,0,0,0.0720748278065569,9.523121468443032,Low
CUST00203,RI,107,False,0.0,3,0.1157044673539519,1,1,0,0,0.0817154750596643,21.780190388999348,Low
CUST00204,IN,51,False,0.0,5,0.2903139013452915,1,1,0,1,0.081190497044806,48.393591799003374,Medium
CUST00205,OR,33,True,3.5,11,0.197360594795539,1,1,0,0,0.5176970068330362,40.59576268423813,Medium
CUST00206,NJ,106,False,3.5,7,0.1785142857142857,1,1,0,0,0.2977505100863539,29.09035631460667,Low
CUST00207,MS,82,False,3.0,8,0.2256401384083044,1,1,0,0,0.0899192853917296,11.655819841301449,Low
CUST00208,TX,97,False,0.0,3,0.2070671378091872,1,1,0,0,0.2298571762991525,14.325687904477652,Low
CUST00209,DC,108,False,1.0,3,0.1535329341317365,1,1,0,0,0.0941350225884962,6.020429293813664,Low
CUST00210,TX,114,False,1.0,8,0.1571986970684039,1,1,0,0,0.1302567841928881,21.418150155753157,Low
CUST00211,UT,59,False,1.0,4,0.197027972027972,1,1,0,0,0.0934261804169361,7.785143094311496,Low
CUST00212,MN,24,False,1.0,9,0.2079928315412186,1,1,0,0,0.0500116510684553,16.640605740131427,Low
CUST00213,IL,151,False,1.0,1,0.1880534351145038,1,1,0,0,0.0575964071415649,20.971640738727636,Low
CUST00214,NM,117,False,1.0,3,0.1734193548387096,1,1,0,0,0.1004721000340394,3.3283110562682503,Low
CUST00215,WV,114,False,1.0,6,0.2832046332046332,1,1,0,0,0.0672259852263607,11.218254840411051,Low
CUST00216,RI,114,False,3.5,9,0.2110312499999999,1,1,0,0,0.231210338677751,19.899534548361114,Low
CUST00217,NH,119,False,3.0,6,0.1975276752767527,1,1,0,0,0.114406960315609,15.556708301406749,Low
CUST00218,MA,118,False,2.0,3,0.1654205607476635,1,1,0,0,0.2113451662046509,8.51189935584351,Low
CUST00219,PA,101,False,0.0,3,0.2136307692307692,1,1,0,0,0.102595146190598,13.266440899176088,Low
CUST00220,OK,117,False,1.0,3,0.1585852090032154,1,1,0,0,0.0872670202619389,7.739158123120326,Low
CUST00221,AL,49,False,3.0,13,0.2277852348993288,1,1,0,1,0.0656455252367396,49.54935757589817,Medium
CUST00222,WY,139,False,3.0,3,0.2149671052631579,1,1,0,0,0.1166391095723948,9.05605145048742,Low
CUST00223,PA,92,False,1.0,3,0.1947902097902098,1,1,0,0,0.0590113389036044,4.0272339937025805,Low
CUST00224,HI,148,False,0.0,4,0.2428985507246377,1,1,0,0,0.1917575670593655,9.57828827101702,Low
CUST00225,AL,131,False,2.0,6,0.2601568627450979,1,1,0,0,0.0785716566160856,11.902594266670624,Low
CUST00226,VT,146,False,3.0,6,0.1919710144927536,1,1,0,0,0.1546808889226212,13.07040234754893,Low
CUST00227,AK,48,False,1.0,1,0.2119642857142857,1,1,0,0,0.0608287733058167,10.518645627907647,Low
CUST00228,MI,86,False,1.0,2,0.2683985765124556,1,1,0,0,0.1320488097182998,12.243676342837183,Low
CUST00229,DE,71,False,3.0,5,0.2285611510791367,1,1,0,0,0.1264750122959469,19.56300722385454,Low
CUST00230,MI,137,False,2.0,5,0.1824281150159744,1,1,0,0,0.0978124571124865,9.201823680183791,Low
CUST00231,KS,137,False,2.0,4,0.2662595419847328,1,1,0,0,0.1054188840078765,15.398096116595369,Low
CUST00232,AL,167,False,0.0,5,0.2434251968503936,1,1,0,0,0.1067261922343748,18.625014852293834,Low
CUST00233,NE,132,False,0.0,3,0.1140063091482649,1,1,0,0,0.0638081557169248,18.42532852107015,Low
CUST00234,WI,94,False,1.0,4,0.1630654761904761,1,1,0,0,0.1018715768879216,10.260167929204322,Low
CUST00235,WI,96,False,1.0,3,0.2023161764705882,1,1,0,0,0.0858298406070807,10.605010116390979,Low
CUST00236,IN,166,False,1.0,5,0.1635958005249344,1,1,0,0,0.1137531607669052,13.302386481212006,Low
CUST00237,DC,74,False,2.0,5,0.1865,1,1,0,0,0.1210139743874884,18.821001729117675,Low
CUST00238,AR,36,False,0.0,1,0.2054181818181818,1,1,0,0,0.0993348714841234,13.73261096720157,Low
CUST00239,ME,113,False,3.5,9,0.1917052023121387,1,1,0,0,0.2392411993991083,25.04437335507841,Low
CUST00240,MD,67,False,2.0,4,0.1832246376811594,1,1,0,0,0.0678167221395436,9.052365954167152,Low
CUST00241,IA,158,False,1.0,4,0.2077635782747603,1,1,0,0,0.1397621499139776,9.438541892237563,Low
CUST00242,AZ,136,False,1.0,10,0.1687414965986395,1,1,0,0,0.1149577953774502,18.29059559154419,Low
CUST00243,MO,196,False,2.0,5,0.2390604026845637,1,1,0,0,0.3582100184614882,18.44546190574429,Low
CUST00244,VT,113,True,1.0,10,0.2354651162790697,1,1,0,0,0.9845580232962176,44.859709269254786,Medium
CUST00245,RI,112,False,0.0,2,0.2073972602739726,1,1,0,0,0.1323195936605242,7.666718921890313,Low
CUST00246,SD,209,False,3.0,4,0.2390604026845638,1,1,0,0,0.4958690986940533,26.256299105563265,Low
CUST00247,MN,62,True,1.0,2,0.249185667752443,1,1,0,0,0.9115193002545696,38.9491990432192,Medium
CUST00248,TX,110,False,1.0,6,0.2241721854304635,1,1,0,0,0.0840206376649743,6.39270470223848,Low
CUST00249,VA,16,False,0.0,3,0.2716157205240174,1,1,0,0,0.1389262184449856,13.88068983196376,Low
CUST00250,MA,73,False,0.0,4,0.1525368731563421,1,1,0,0,0.1016546143256809,19.084124674120257,Low
CUST00251,ID,128,False,0.0,2,0.1721473354231975,1,1,0,0,0.0990721404612715,23.49886037377227,Low
CUST00252,MA,39,False,1.0,3,0.1383180428134556,-1,-1,1,0,0.1079711627717055,33.81755330228139,Medium
CUST00253,GA,103,False,2.0,4,0.185438596491228,1,1,0,0,0.0620210528262642,11.340978189581827,Low
CUST00254,RI,119,False,3.0,3,0.1951737451737451,1,1,0,0,0.0821846343866823,18.454304888340136,Low
CUST00255,ID,173,False,3.0,5,0.2216822429906542,1,1,0,0,0.1150979587829874,21.019069320524153,Low
CUST00256,SD,128,True,2.0,2,0.2463565891472868,1,1,0,0,0.9792100607132695,35.933761111159626,Medium
CUST00257,MA,86,False,0.0,3,0.2591439688715953,1,1,0,0,0.1173023535847853,19.08050327231883,Low
CUST00258,WY,114,False,1.0,3,0.1823550724637681,1,1,0,0,0.0614555493582624,7.859974813884316,Low
CUST00259,VA,104,False,0.0,3,0.1976094276094276,1,1,0,0,0.1377311040246572,11.445783575091104,Low
CUST00260,OR,148,False,1.0,4,0.1557632398753894,1,1,0,0,0.0995436914841859,14.643608418893358,Low
CUST00261,VA,129,False,3.0,5,0.1915197568389057,1,1,0,0,0.0641062859059992,12.109081427987562,Low
CUST00262,ME,100,False,0.0,3,0.1127409638554216,1,1,0,0,0.0936607497851532,20.728195948771244,Low
CUST00263,GA,143,False,1.0,4,0.2196249999999999,1,1,0,0,0.0863483898938845,7.022815196536206,Low
CUST00264,IA,76,False,0.0,3,0.2032380952380952,1,1,0,0,0.0985388026274581,10.238511587508,Low
CUST00265,AZ,158,False,0.0,12,0.2136394557823129,1,-1,0,1,0.0733784980534418,56.25907354469931,Medium
CUST00266,FL,116,False,3.0,2,0.2044072948328267,1,1,0,0,0.0664955446944387,19.738166088058122,Low
CUST00267,MT,54,True,1.0,2,0.2923333333333333,1,1,0,1,0.9708125177040572,70.06873990735838,High
CUST00268,AL,86,True,3.5,5,0.1295956873315364,1,1,0,0,0.9642882850107792,47.237779088535916,Medium
CUST00269,DE,108,False,0.0,4,0.2353358208955223,1,1,0,0,0.1232713350016979,9.506634911548979,Low
CUST00270,MT,66,False,1.0,4,0.2245488721804511,1,1,0,0,0.0443836632466069,9.03558339891982,Low
CUST00271,KY,151,False,1.0,4,0.2476595744680851,1,1,0,0,0.0572579840933012,14.148370069742974,Low
CUST00272,SC,99,False,0.0,2,0.2464822134387351,1,1,0,0,0.1858326275849297,16.62387319482971,Low
CUST00273,WA,55,False,2.0,7,0.1698663101604278,1,1,0,0,0.093337058070761,18.232432723089815,Low
CUST00274,AK,78,False,0.0,2,0.2249664429530201,1,1,0,0,0.1785354332758243,21.95487602704165,Low
CUST00275,GA,89,True,1.0,1,0.2509578544061303,1,1,0,0,0.1495139043366231,17.60069095289556,Low
CUST00276,MN,101,False,1.0,11,0.1836290322580645,1,1,0,0,0.1725545825273973,23.662844406342103,Low
CUST00277,IL,44,False,0.0,7,0.2528185328185328,1,1,0,0,0.0888845328433558,17.548438917743496,Low
CUST00278,IN,98,False,2.0,0,0.1411007462686567,-1,1,0,0,0.040819192577524,31.27545517545004,Low
CUST00279,SC,64,False,1.0,3,0.1495959595959596,1,1,0,0,0.0895913783345487,12.44296057996701,Low
CUST00280,VA,141,False,3.0,8,0.1785185185185185,1,1,0,0,0.1371318216829107,26.989548841443757,Low
CUST00281,WI,81,False,1.0,5,0.1692651757188498,1,1,0,0,0.0386942947198076,7.8994932058077865,Low
CUST00282,VT,162,False,1.0,11,0.1832248520710059,1,1,0,0,0.0770271310338576,13.774224330004184,Low
CUST00283,AZ,83,False,3.0,5,0.1462536873156342,1,1,0,0,0.0473319221981053,12.606367887091288,Low
CUST00284,FL,100,True,3.5,3,0.2008212560386473,1,1,0,0,0.9870779163509588,53.99156617342904,Medium
CUST00285,AK,59,False,3.5,8,0.201400651465798,1,1,0,0,0.2513301162295731,16.375033328038977,Low
CUST00286,AR,179,False,3.5,4,0.2972689075630252,1,1,0,1,0.2831157413513647,50.6634051934836,Medium
CUST00287,AR,79,False,1.0,3,0.1398203592814371,1,1,0,0,0.0499437247259685,17.236923213193165,Low
CUST00288,AK,117,False,2.0,9,0.2242335766423357,1,1,0,0,0.0941881302350021,13.509068203757602,Low
CUST00289,ME,31,False,1.0,2,0.1611744966442952,1,1,0,0,0.0705177313185854,10.964648518185742,Low
CUST00290,NM,122,False,2.0,2,0.1585396825396825,1,1,0,0,0.0582269173858709,11.206479225868877,Low
CUST00291,NE,37,False,1.0,4,0.1752920962199312,1,1,0,0,0.1003736480937449,10.886305360284648,Low
CUST00292,SC,90,False,1.0,4,0.1840894568690095,1,1,0,0,0.06324420107727,9.422341581035143,Low
CUST00293,CO,159,True,1.0,6,0.3017537313432835,1,1,0,1,0.9787664067324608,81.00134573822038,High
CUST00294,OH,39,False,1.0,5,0.1542432432432432,1,1,0,0,0.0919973846072841,9.560915222978597,Low
CUST00295,OK,194,False,0.0,2,0.1983737024221453,1,1,0,0,0.1336097019926396,9.319258716165734,Low
CUST00296,CO,154,True,1.0,9,0.3161510791366906,1,1,0,1,0.9716788198206372,79.57892237724718,High
CUST00297,NC,112,False,3.5,3,0.1886053412462908,1,1,0,0,0.3959960429313565,25.54308743904833,Low
CUST00298,MD,45,False,1.0,3,0.150991124260355,-1,-1,1,0,0.1426678841475271,30.55825034820769,Low
CUST00299,KS,132,False,1.0,5,0.116311475409836,1,1,0,0,0.2354372212384446,23.841020061504278,Low
CUST00300,MA,128,False,0.0,2,0.2281144781144781,1,1,0,0,0.1039833799914227,22.88985988458441,Low
CUST00301,NM,56,False,2.0,6,0.211747572815534,1,1,0,0,0.1054610426699076,5.652267585441504,Low
CUST00302,CA,151,True,0.0,1,0.2582572614107883,1,1,0,0,0.9670303343728784,46.972629353200205,Medium
CUST00303,NY,32,False,2.0,2,0.194375,1,1,0,0,0.0851226860845979,10.675941505171433,Low
CUST00304,AZ,90,False,2.0,6,0.2637916666666667,1,1,0,0,0.161649029396338,16.384232883928618,Low
CUST00305,DC,138,False,2.0,7,0.1573831775700934,1,1,0,0,0.0689783896034104,9.361455590308777,Low
CUST00306,ND,79,False,1.0,18,0.1836056338028169,1,-1,0,1,0.1415525766182759,51.461789603488754,Medium
CUST00307,MO,95,True,1.0,2,0.2248432055749128,1,1,0,0,0.9596759917333836,35.00528878363821,Medium
CUST00308,KS,127,False,2.0,4,0.2030670926517572,1,1,0,0,0.0628526730514763,8.417154940465732,Low
CUST00309,SD,137,False,3.0,2,0.2707604562737642,1,1,0,0,0.2392684470487886,28.55173727556066,Low
CUST00310,OK,97,False,1.0,4,0.1684952978056426,1,1,0,0,0.0350004842639823,9.484415675903717,Low
CUST00311,OR,149,False,0.0,4,0.2085227272727272,1,1,0,0,0.1096589664392014,15.762177053167756,Low
CUST00312,IN,117,False,1.0,5,0.2487889273356401,1,1,0,0,0.1496148720950206,27.645168011487048,Low
CUST00313,OH,84,False,2.0,4,0.1944186046511628,1,1,0,0,0.0861647515623555,9.856060439597124,Low
CUST00314,KS,137,False,3.5,7,0.2256774193548386,1,1,0,0,0.2278561132695394,17.952538517839606,Low
CUST00315,CT,99,False,3.0,1,0.2484351145038168,1,1,0,0,0.1348507126409959,22.323406625774155,Low
CUST00316,WI,85,False,1.0,3,0.1458187134502924,1,1,0,0,0.1074872099480891,15.233483955469417,Low
CUST00317,MS,150,False,3.0,6,0.2060071942446043,1,1,0,0,0.1017715745662635,14.001901665335744,Low
CUST00318,WV,43,False,1.0,2,0.1949999999999999,1,1,0,0,0.1097812124593493,5.70073804854324,Low
CUST00319,MD,98,False,3.5,5,0.1756043956043956,1,1,0,0,0.1964439701775293,22.989046515803402,Low
CUST00320,PA,112,False,2.0,3,0.2416666666666666,1,1,0,0,0.1227988060851685,7.8676765761131975,Low
CUST00321,WI,16,True,0.0,2,0.2398207885304659,1,1,0,0,0.732833635061588,29.034944287289306,Low
CUST00322,TN,98,False,0.0,5,0.2247670250896057,-1,-1,1,0,0.0850451388888888,35.03453749856904,Medium
CUST00323,IL,84,False,1.0,4,0.1450688705234159,1,1,0,0,0.0776170305134239,8.240724934749224,Low
CUST00324,DC,66,True,1.0,5,0.2109219858156028,1,1,0,0,0.5424536454623217,20.532960816059244,Low
CUST00325,GA,98,False,1.0,1,0.1675796178343949,1,1,0,0,0.043262540824945,7.569590917048526,Low
CUST00326,ID,74,False,0.0,3,0.1821921921921922,1,1,0,0,0.0855223952808206,11.551833344591135,Low
CUST00327,KY,119,False,1.0,6,0.1786743515850144,1,1,0,0,0.0625018857145288,6.552887237075717,Low
CUST00328,OH,73,False,3.5,3,0.2108724832214765,1,1,0,0,0.2324823378904898,16.696274965884903,Low
CUST00329,WI,92,False,0.0,5,0.2466901408450704,1,1,0,0,0.4143130892121495,25.043601106444946,Low
CUST00330,IL,21,False,0.0,7,0.1731985294117647,1,1,0,0,0.0846398360796371,18.653604425247483,Low
CUST00331,DE,122,True,3.5,5,0.1674999999999999,1,1,0,0,0.8154839846546292,39.39982823426449,Medium
CUST00332,RI,133,False,1.0,3,0.1852142857142857,1,1,0,0,0.23108860479317,11.876826472554509,Low
CUST00333,TX,145,False,2.0,4,0.169646017699115,1,1,0,0,0.1009733366696352,15.106840168899591,Low
CUST00334,OR,25,False,2.0,5,0.2022932330827067,1,1,0,0,0.0684552705775958,7.793496083802666,Low
CUST00335,MS,126,False,3.0,5,0.2155927051671732,1,1,0,0,0.257564565435427,19.894312475070677,Low
CUST00336,OR,76,False,0.0,3,0.2005019305019305,1,1,0,0,0.1073806697836244,11.094340858457594,Low
CUST00337,DE,113,True,2.0,3,0.3140322580645161,1,1,0,1,0.9593172883761172,73.46202120946306,High
CUST00338,DE,224,True,1.0,2,0.1753921568627451,1,1,0,0,0.7280887684810395,32.425387797665664,Low
CUST00339,SD,128,False,1.0,6,0.2336401673640167,1,1,0,0,0.061157043327827,17.464581611488875,Low
CUST00340,NV,115,False,2.0,6,0.2497879858657243,1,1,0,0,0.1450543138455354,16.643144446521134,Low
CUST00341,NM,141,False,2.0,11,0.1754005167958656,1,1,0,0,0.1364790485216615,21.245474466150878,Low
CUST00342,MN,51,False,1.0,1,0.2079750778816199,1,1,0,0,0.1766529472795312,28.459176513743362,Low
CUST00343,NJ,100,False,0.0,3,0.249894366197183,1,1,0,0,0.2746351760468983,18.818022443918036,Low
CUST00344,IN,96,False,3.0,2,0.2258032786885246,1,1,0,0,0.1013339845792679,16.565381777759175,Low
CUST00345,ME,163,False,1.0,7,0.122991202346041,1,1,0,0,0.0915958614460762,14.972345096198787,Low
CUST00346,NH,67,False,1.0,9,0.1647118644067796,1,1,0,0,0.1324348052022207,18.27332382557621,Low
CUST00347,OR,49,False,2.0,7,0.1761059190031152,1,1,0,0,0.1459732643128646,23.358807508610834,Low
CUST00348,KS,46,True,2.0,2,0.2603716216216216,1,1,0,0,0.9681007914600602,39.61786013020611,Medium
CUST00349,NE,148,False,1.0,4,0.2114838709677419,1,1,0,0,0.1313250298219288,7.402930285229805,Low
CUST00350,MI,112,False,1.0,2,0.2665925925925925,1,1,0,0,0.2371187042736266,16.70964130853693,Low
CUST00351,SC,78,False,2.0,5,0.1526409495548961,1,1,0,0,0.0733806994322461,7.032629079657799,Low
CUST00352,PA,61,False,0.0,3,0.3053333333333333,1,1,0,1,0.070858424810833,50.65789065296743,Medium
CUST00353,MT,58,False,1.0,3,0.2176950354609929,1,1,0,0,0.0789385132225649,10.67554405991855,Low
CUST00354,NM,155,False,1.0,3,0.1960112359550561,1,1,0,0,0.2398472976307584,19.23592327695439,Low
CUST00355,OH,100,True,0.0,4,0.2657142857142857,1,1,0,0,0.7519481218246239,39.64694372614937,Medium
CUST00356,WY,113,False,1.0,3,0.2049846153846154,1,1,0,0,0.2284567420855624,19.895041059856503,Low
CUST00357,AR,135,False,1.0,6,0.2065642458100558,1,1,0,0,0.0811751585159823,18.1917604324698,Low
CUST00358,FL,99,False,0.0,4,0.2273745173745174,1,1,0,0,0.069466080792535,13.722253717174942,Low
CUST00359,AR,59,False,1.0,3,0.1628807947019867,1,1,0,0,0.0552394581235787,9.719621383397508,Low
CUST00360,MO,135,False,1.0,5,0.187554945054945,1,1,0,0,0.2296995991689999,16.258756679747194,Low
CUST00361,WI,85,False,2.0,7,0.1787571428571428,1,1,0,0,0.1997261140146623,17.531645896610158,Low
CUST00362,TX,88,False,3.0,4,0.1473369565217391,1,1,0,0,0.1079276490834559,12.786526271741373,Low
CUST00363,NM,55,False,2.0,5,0.2031609195402298,1,1,0,0,0.233433773601635,24.732639323964005,Low
CUST00364,GA,75,False,1.0,3,0.1737692307692307,1,1,0,0,0.04177429851241,14.532479883772956,Low
CUST00365,KS,86,False,0.0,2,0.2474237288135593,1,1,0,0,0.0732796898799254,9.084796837759336,Low
CUST00366,OH,97,True,1.0,1,0.2443119266055045,1,1,0,0,0.9773157898098168,39.47459222583196,Medium
CUST00367,MA,88,True,1.0,2,0.218413597733711,1,1,0,0,0.9648908843195996,45.545130456467206,Medium
CUST00368,KY,54,False,2.0,7,0.2393333333333333,1,1,0,0,0.0320414901870059,15.631687935324672,Low
CUST00369,DC,11,False,3.0,3,0.2090721649484536,1,1,0,0,0.061167616745665,14.141509986442873,Low
CUST00370,WA,109,False,0.0,3,0.1567073170731707,1,1,0,0,0.0658673043072456,10.354916895769325,Low
CUST00371,UT,90,False,1.0,5,0.2195121951219512,1,1,0,0,0.405907402059479,21.90216302202444,Low
CUST00372,NV,91,False,0.0,2,0.2116205533596838,1,1,0,0,0.1177088573996968,20.24770923610247,Low
CUST00373,ND,105,False,0.0,5,0.2274226804123711,1,1,0,0,0.0638287293711949,8.439259303523853,Low
CUST00374,NV,71,True,3.0,3,0.1757320872274143,1,1,0,0,0.8724395260914933,33.958074441106184,Medium
CUST00375,FL,132,True,3.0,5,0.2041194029850746,1,1,0,0,0.816661698370336,31.860854986002185,Low
CUST00376,MD,112,False,1.0,4,0.2184892086330935,1,1,0,0,0.106068098199128,5.740536237986363,Low
CUST00377,AL,41,False,2.0,9,0.2241414141414141,1,-1,0,0,0.1486673178055599,28.553103742756036,Low
CUST00378,NE,44,False,1.0,2,0.2033531157270029,1,1,0,0,0.2173403106607659,17.80685348736627,Low
CUST00379,NV,78,False,3.0,6,0.151986301369863,1,1,0,0,0.1039852320863303,19.991158953322532,Low
CUST00380,IL,149,False,1.0,3,0.1216849816849816,1,1,0,0,0.0857970723486704,25.223615223402707,Low
CUST00381,WV,72,True,3.5,4,0.1879496402877698,1,-1,0,0,0.968521165876163,53.879023632021585,Medium
CUST00382,AR,74,False,3.0,6,0.2205785123966942,1,1,0,0,0.0590301802165575,18.500125796447755,Low
CUST00383,UT,50,False,1.0,5,0.2167889908256881,1,1,0,0,0.2438921826745769,13.051677050409543,Low
CUST00384,GA,141,False,3.0,2,0.1476080691642651,1,1,0,0,0.0563878229416822,10.934583433616027,Low
CUST00385,AZ,140,False,1.0,2,0.1533240223463687,1,1,0,0,0.0780227783937082,16.01535593514846,Low
CUST00386,ID,99,False,2.0,4,0.2001639344262295,1,1,0,0,0.0863303575585823,6.306515391921288,Low
CUST00387,HI,166,False,1.0,6,0.2312595419847328,1,1,0,0,0.0572808746708582,13.039754044561514,Low
CUST00388,MD,74,False,0.0,4,0.1964285714285714,1,1,0,0,0.0631909472974685,11.835392868916342,Low
CUST00389,GA,117,False,2.0,13,0.1948709677419354,1,1,0,1,0.1679625938573559,50.837945425862706,Medium
CUST00390,GA,85,False,3.0,2,0.2274193548387096,1,1,0,0,0.1940003624104405,16.314633714670396,Low
CUST00391,UT,36,False,0.0,2,0.1417891373801916,1,1,0,0,0.0348727775125658,14.29569157482102,Low
CUST00392,IN,76,False,0.0,2,0.2121676300578034,1,1,0,0,0.1648949014948121,16.80474975708621,Low
CUST00393,VT,165,False,1.0,0,0.2215930599369084,-1,1,0,0,0.2031631037960983,36.18197971970998,Medium
CUST00394,IA,130,False,1.0,4,0.1908053691275167,1,1,0,0,0.1217678190138446,7.9995373954283036,Low
CUST00395,ME,92,True,2.0,2,0.1728358208955223,1,1,0,0,0.9626886660997772,35.81565008601694,Medium
CUST00396,MD,18,False,1.0,4,0.2094294294294294,1,1,0,0,0.1693473274891472,18.466721145311904,Low
CUST00397,FL,161,False,2.0,9,0.1759136212624584,1,1,0,0,0.1292484506274415,13.658785483504474,Low
CUST00398,CA,93,False,2.0,4,0.1659316770186335,1,1,0,0,0.1747179073088987,14.40946453649341,Low
CUST00399,AL,144,False,2.0,3,0.2281660899653979,1,1,0,0,0.1836129120955483,12.324160453597477,Low
CUST00400,WV,95,False,1.0,2,0.1885185185185185,1,1,0,0,0.0368533628814089,11.661405560977991,Low
CUST00401,FL,124,False,1.0,5,0.2358620689655172,1,1,0,0,0.061830034066474,10.620261257254356,Low
CUST00402,MI,93,True,1.0,5,0.2338006756756756,1,1,0,0,0.9833006552791386,49.25327145519742,Medium
CUST00403,MI,109,False,0.0,3,0.1964329268292683,1,1,0,0,0.1191482629513906,18.69433920781737,Low
CUST00404,NM,80,False,0.0,12,0.2195501730103806,1,1,0,1,0.0736276278283844,48.54046185812905,Medium
CUST00405,AK,41,False,1.0,5,0.2368018018018018,1,1,0,0,0.1409903310748054,16.269051742292373,Low
CUST00406,OH,136,False,2.0,5,0.2078057553956834,1,1,0,0,0.0660352713150458,8.159572461792996,Low
CUST00407,KS,143,False,1.0,5,0.1960060975609756,1,1,0,0,0.0552924620816934,10.424090272285289,Low
CUST00408,MS,118,True,3.5,5,0.1644152046783626,1,1,0,0,0.9567302403949892,36.98999464382026,Medium
CUST00409,VT,193,False,1.0,3,0.1615238095238095,1,1,0,0,0.0902765385310369,8.73211708122803,Low
CUST00410,NE,73,False,3.0,8,0.2345862068965517,1,1,0,0,0.0420465502511814,18.57262384372367,Low
CUST00411,VA,62,False,2.0,8,0.2030067567567567,1,1,0,0,0.1006387887180588,7.712877156064153,Low
CUST00412,DE,30,False,0.0,3,0.2514232209737828,1,1,0,0,0.0477724744722644,12.2761181772835,Low
CUST00413,AL,60,True,0.0,12,0.2398006644518272,-1,1,0,1,0.9796074074074074,86.25758214938645,High
CUST00414,ID,148,False,1.0,5,0.1463926174496644,-1,1,0,0,0.0649040859403253,28.96787515314509,Low
CUST00415,MS,96,False,2.0,1,0.171715210355987,1,1,0,0,0.2289384065710856,24.145456078215712,Low
CUST00416,NM,87,False,1.0,3,0.1999999999999999,1,1,0,0,0.1094912464574655,5.818210033906673,Low
CUST00417,WI,41,False,3.0,3,0.1861486486486486,1,1,0,0,0.0216459383427682,9.682763863365633,Low
CUST00418,WV,112,False,1.0,2,0.2204966887417218,1,1,0,0,0.1494721236189969,14.222724518521119,Low
CUST00419,SC,88,True,3.5,3,0.158582995951417,1,1,0,0,0.9821333895109976,50.166743348994444,Medium
CUST00420,KY,122,False,3.5,5,0.2294704049844237,1,1,0,0,0.1667528488192951,18.486961977780645,Low
CUST00421,MO,61,False,2.0,6,0.1065248226950354,1,1,0,0,0.0587521689225601,22.71700922666639,Low
CUST00422,OK,176,False,2.0,8,0.0984848484848484,1,1,0,0,0.1034847134305393,23.701582260262576,Low
CUST00423,MI,30,False,0.0,3,0.2036307692307692,1,1,0,0,0.2375288282933233,16.28542942437477,Low
CUST00424,ID,46,False,2.0,4,0.1303409090909091,1,1,0,0,0.127410639298179,18.69274322263557,Low
CUST00425,DC,100,False,0.0,9,0.1585585585585585,1,1,0,0,0.2224169543978086,30.849010768265767,Low
CUST00426,NY,47,False,2.0,4,0.2133703703703703,1,1,0,0,0.0612975617806026,6.4292423583990415,Low
CUST00427,AL,77,False,2.0,3,0.2171851851851851,1,1,0,0,0.1104762658141118,12.498285382648938,Low
CUST00428,OR,98,False,2.0,5,0.2883950617283951,1,1,0,0,0.1328436720355525,13.358369321188807,Low
CUST00429,OK,125,False,1.0,3,0.1547682119205298,1,1,0,0,0.1738315603041839,23.35063514782679,Low
CUST00430,NE,194,False,1.0,1,0.142737003058104,-1,-1,1,0,0.1388450207449688,38.8719472089394,Medium
CUST00431,TX,128,False,1.0,6,0.1828378378378378,1,1,0,0,0.1530146077773793,11.60077403937213,Low
CUST00432,UT,190,False,0.0,3,0.1779655172413793,1,1,0,0,0.0615932518526281,9.569402837381205,Low
CUST00433,NY,59,False,2.0,3,0.1477477477477477,1,1,0,0,0.1436160371472823,10.355533544020384,Low
CUST00434,AL,47,False,1.0,2,0.1580555555555555,1,1,0,0,0.0252160099225706,9.606159019428112,Low
CUST00435,MN,152,True,3.5,3,0.2615488215488215,1,1,0,0,0.64,38.55747018378448,Medium
CUST00436,RI,95,False,1.0,3,0.1861464968152866,1,1,0,0,0.0732665959845678,6.825350219527168,Low
CUST00437,CT,31,False,0.0,3,0.1790526315789473,1,1,0,0,0.0900766157488374,26.099841901775868,Low
CUST00438,OK,121,False,3.5,5,0.2569259259259259,1,1,0,0,0.1139280312423423,15.88155956203341,Low
CUST00439,AK,111,True,3.5,3,0.1986080586080586,1,1,0,0,0.948624410653327,41.116514971524595,Medium
CUST00440,GA,44,True,3.0,4,0.276241610738255,1,1,0,0,0.9786588220157588,42.95404044796928,Medium
CUST00441,UT,61,False,2.0,6,0.1048324022346368,1,1,0,0,0.102025998089471,24.433794484865683,Low
CUST00442,NM,65,False,2.0,6,0.2002090592334494,1,1,0,0,0.0665652621727969,10.373987104530768,Low
CUST00443,NE,74,False,2.0,2,0.2072348484848484,1,1,0,0,0.0673442440297153,12.540868089913747,Low
CUST00444,NJ,123,False,0.0,4,0.2265870307167235,1,1,0,0,0.1711737373341396,16.344303329702868,Low
CUST00445,TX,58,False,1.0,2,0.2199658703071672,1,1,0,0,0.0274594629896603,2.9910970540193462,Low
CUST00446,MT,74,True,2.0,5,0.2036792452830188,1,1,0,0,0.5446840664006922,21.946231677668994,Low
CUST00447,CO,125,False,2.0,6,0.1552173913043478,1,1,0,0,0.0753828953113859,16.210371116773057,Low
CUST00448,RI,53,False,0.0,7,0.1868597560975609,1,1,0,0,0.0613911288253136,21.113877964816094,Low
CUST00449,WY,99,False,1.0,5,0.2148231511254019,1,1,0,0,0.1294135611482882,7.707792681399694,Low
CUST00450,ID,99,False,1.0,5,0.1548,1,1,0,0,0.0879047826678624,9.119660004280945,Low
CUST00451,CT,66,False,2.0,1,0.2385064935064935,1,1,0,0,0.0493952420874682,12.486269144836399,Low
CUST00452,ME,97,False,3.0,4,0.2083333333333333,1,1,0,0,0.0483973569585341,20.330557427626662,Low
CUST00453,MD,85,False,2.0,7,0.2044406779661016,1,1,0,0,0.2060160793629986,28.24340263774634,Low
CUST00454,IN,108,False,2.0,6,0.2575886524822695,1,1,0,0,0.5282240030525827,31.81020394204681,Low
CUST00455,NC,133,True,2.0,4,0.2065229885057471,1,1,0,0,0.6556432057057058,36.378173821529124,Medium
CUST00456,DE,51,False,1.0,2,0.1860759493670886,1,1,0,0,0.1019563650489296,5.062499698020254,Low
CUST00457,MN,186,False,2.0,3,0.1422468354430379,1,1,0,0,0.0612175393151889,23.558980509033333,Low
CUST00458,WI,44,False,1.0,3,0.1513333333333333,1,1,0,0,0.2680647089616665,24.486001729433106,Low
CUST00459,FL,64,False,3.0,1,0.2171739130434782,1,1,0,0,0.1122219133611386,16.280666240595888,Low
CUST00460,SD,114,False,1.0,2,0.286013986013986,1,1,0,0,0.1197271944873385,22.506544371614282,Low
CUST00461,FL,92,False,3.0,6,0.2404659498207885,1,1,0,0,0.1339841798840195,16.25513315755765,Low
CUST00462,OR,110,False,2.0,4,0.153140243902439,1,1,0,0,0.0929841071594702,7.921547517569803,Low
CUST00463,CO,90,False,1.0,3,0.1990939597315436,1,1,0,0,0.0437704830360573,8.926767721450467,Low
CUST00464,CT,72,False,1.0,4,0.2305993690851734,1,1,0,0,0.1068772174477127,23.322924192297005,Low
CUST00465,IN,113,True,1.0,2,0.202696335078534,1,1,0,0,0.9096023855720056,46.95958060583397,Medium
CUST00466,PA,171,False,3.0,3,0.2189236111111111,1,1,0,0,0.0620803230997824,9.636356763877055,Low
CUST00467,NM,104,False,1.0,8,0.1592901234567901,1,1,0,0,0.0801944400304375,7.988107002757341,Low
CUST00468,ME,165,False,1.0,2,0.223574144486692,1,1,0,0,0.1022887062269121,12.280928035077812,Low
CUST00469,SD,104,True,0.0,6,0.2480327868852459,1,1,0,0,0.947812989245303,41.84570356989038,Medium
CUST00470,AR,110,False,1.0,5,0.1037758112094395,1,1,0,0,0.1107528180711977,18.030052823253058,Low
CUST00471,TX,90,False,1.0,4,0.1722622107969151,1,1,0,0,0.1578449061325343,19.003763685542037,Low
CUST00472,NH,114,False,1.0,8,0.1462046204620462,1,1,0,0,0.0791978413057814,17.77207720295341,Low
CUST00473,AL,109,False,2.0,4,0.2382026143790849,1,1,0,0,0.265910480935475,16.268182951900044,Low
CUST00474,OK,92,False,2.0,1,0.1566666666666666,1,1,0,0,0.0559675778178319,12.93995865534628,Low
CUST00475,ME,82,False,2.0,5,0.1942318840579709,1,1,0,0,0.0652553258011278,10.261083978087138,Low
CUST00476,WV,90,False,2.0,6,0.1941087613293051,1,1,0,0,0.0578091382593015,12.608973782435545,Low
CUST00477,HI,87,False,1.0,0,0.1687209302325581,1,1,0,0,0.0235918142771228,23.23580477459747,Low
CUST00478,MN,124,False,3.0,4,0.1959362549800797,1,1,0,0,0.1337391521590518,13.577770282145755,Low
CUST00479,AZ,84,False,1.0,5,0.1661146496815286,1,1,0,0,0.102528180378887,8.075329027996508,Low
CUST00480,OH,75,False,0.0,6,0.2199016393442623,1,1,0,0,0.1249263127842558,14.438703953754118,Low
CUST00481,MI,102,False,2.0,4,0.1563870967741935,1,1,0,0,0.2105964188723841,19.814045012259086,Low
CUST00482,MA,62,True,0.0,6,0.1947252747252747,1,1,0,0,0.9839094209290358,42.98566729572813,Medium
CUST00483,WV,143,False,1.0,4,0.1954513888888888,1,1,0,0,0.0930989952176492,17.794866462102902,Low
CUST00484,MI,53,False,3.0,6,0.1290833333333333,1,1,0,0,0.190852902269051,28.904314272612314,Low
CUST00485,MO,112,True,2.0,8,0.2722392638036809,-1,1,0,0,0.910143313806327,53.29573181457441,Medium
CUST00486,RI,129,False,0.0,8,0.1752887537993921,1,1,0,0,0.0756245837507873,19.33089163564564,Low
CUST00487,WY,28,False,0.0,5,0.2113915857605178,1,1,0,0,0.1611522067601293,10.0935283125547,Low
CUST00488,KY,90,False,1.0,3,0.2796888888888889,1,1,0,0,0.1188647665388289,17.043820723723684,Low
CUST00489,OR,151,False,3.5,6,0.1536729222520107,1,1,0,0,0.4181756423538137,27.817866064185043,Low
CUST00490,DC,41,False,2.0,1,0.2150613496932515,1,1,0,0,0.0774926788045506,12.608053045615758,Low
CUST00491,UT,48,False,1.0,5,0.2134420289855072,1,1,0,0,0.0597872367443615,7.3310844095497245,Low
CUST00492,VA,153,False,1.0,6,0.1827450980392156,1,1,0,0,0.0378776936363976,4.663877880754932,Low
CUST00493,KS,110,True,0.0,4,0.3098863636363636,1,1,0,1,0.9909856888008484,81.83911231701694,High
CUST00494,KS,163,False,1.0,4,0.2144186046511627,1,1,0,0,0.0976766405129194,7.65375507487592,Low
CUST00495,DC,126,False,1.0,3,0.1402922077922078,1,1,0,0,0.1069586653806143,8.168497243530142,Low
CUST00496,DC,126,False,0.0,2,0.1866031746031746,1,1,0,0,0.0826085984275693,18.751415537582417,Low
CUST00497,TX,97,False,3.0,4,0.1776973684210526,1,1,0,0,0.0957875570919299,19.03970775995904,Low
CUST00498,NJ,95,True,0.0,2,0.2175342465753424,1,1,0,0,0.9822367637683296,46.91559057563812,Medium
CUST00499,DE,87,False,3.5,2,0.2437024221453287,1,1,0,0,0.2395786197929306,23.14456443195629,Low
CUST00500,VT,97,False,1.0,5,0.1497087378640776,1,1,0,0,0.1364400255507161,15.642040907090845,Low
CUST00501,GA,76,True,0.0,4,0.2348450704225352,1,1,0,0,0.9115694781357536,49.02629771813744,Medium
CUST00502,TX,140,False,0.0,4,0.203069306930693,1,1,0,0,0.108287295732531,9.61640604001708,Low
CUST00503,MT,169,False,0.0,2,0.1725539568345323,1,1,0,0,0.1518372426064179,15.79233994807438,Low
CUST00504,ND,68,False,3.0,4,0.1555663430420712,1,1,0,0,0.0867606123524516,25.33404668461698,Low
CUST00505,NJ,122,False,2.0,4,0.1543708609271523,1,1,0,0,0.061896764770479,17.314931929356867,Low
CUST00506,MO,36,False,2.0,6,0.2037962962962963,1,1,0,0,0.1255004392952155,12.448818563722492,Low
CUST00507,CO,120,False,3.5,7,0.2204651162790697,1,1,0,0,0.4345335085512325,25.6265457521368,Low
CUST00508,NC,64,False,0.0,3,0.1698119122257053,1,1,0,0,0.0323246994064184,8.944927469006032,Low
CUST00509,MT,13,False,1.0,1,0.2371335504885993,1,1,0,0,0.0579403451111526,16.267616668939606,Low
CUST00510,DE,106,False,0.0,2,0.146826923076923,1,1,0,0,0.1071705206834484,11.524714759286404,Low
CUST00511,VA,74,False,1.0,3,0.1722054380664652,1,1,0,0,0.1005348043972602,3.99282194433932,Low
CUST00512,IL,83,False,0.0,13,0.2219285714285714,1,1,0,1,0.0888276574661909,46.1188701670228,Medium
CUST00513,OK,49,False,0.0,7,0.2406514657980455,1,1,0,0,0.1886722640302304,25.738053251604537,Low
CUST00514,CO,111,False,1.0,4,0.215,1,1,0,0,0.1060505289224416,7.804611794825887,Low
CUST00515,MT,50,False,3.0,4,0.1870914127423822,1,1,0,0,0.029521776769707,14.931969939670356,Low
CUST00516,ME,88,False,1.0,5,0.150919540229885,1,1,0,0,0.0619497381028011,12.281953641077246,Low
CUST00517,WI,131,False,0.0,4,0.0773595505617977,-1,1,0,0,0.0618499443098742,27.230805044681432,Low
CUST00518,MO,79,True,3.0,3,0.3270995670995671,1,1,0,1,0.9566194771499872,82.53925923203809,High
CUST00519,NY,140,False,2.0,4,0.2136503067484662,1,1,0,0,0.2549285338557259,20.65253628712471,Low
CUST00520,CT,105,False,1.0,6,0.2564143426294821,1,1,0,0,0.105544473205146,11.208448963070571,Low
CUST00521,WY,87,False,3.0,3,0.2236301369863013,1,1,0,0,0.0549704186705929,19.24381889968157,Low
CUST00522,CA,96,False,1.0,5,0.178,1,1,0,0,0.1444151972095849,5.91110098076457,Low
CUST00523,AK,130,False,2.0,2,0.1924509803921568,1,1,0,0,0.1073547528804101,14.103079610758229,Low
CUST00524,VA,34,False,0.0,7,0.1618581081081081,1,1,0,0,0.0697659739405789,10.422598590829045,Low
CUST00525,CO,139,False,1.0,2,0.1707835820895522,1,1,0,0,0.0559008214957829,11.150276155714034,Low
CUST00526,NE,63,False,0.0,2,0.3050643776824033,1,1,0,1,0.190855670410985,49.79458826247044,Medium
CUST00527,VT,152,False,3.0,4,0.1636601307189542,1,1,0,0,0.0546016403985838,19.545483270008013,Low
CUST00528,ND,147,False,1.0,4,0.1993890675241157,1,1,0,0,0.1322851794100231,9.598017155710723,Low
CUST00529,GA,112,False,2.0,4,0.1708994708994708,1,1,0,0,0.0752683571242407,11.409675529499875,Low
CUST00530,OR,120,False,2.0,1,0.2013312693498452,1,1,0,0,0.1509061948183748,16.108079852969443,Low
CUST00531,WY,171,False,1.0,1,0.203502994011976,1,1,0,0,0.2258674379503886,19.00805070260342,Low
CUST00532,GA,101,False,0.0,4,0.1959876543209876,1,1,0,0,0.0613621112883719,12.930290862840751,Low
CUST00533,IL,151,False,0.0,5,0.1834615384615384,1,1,0,0,0.0618542155247277,8.168816398841225,Low
CUST00534,CO,60,False,3.0,3,0.2261316872427983,1,1,0,0,0.0928839835966829,12.750166828029904,Low
CUST00535,MA,42,False,0.0,4,0.1767055393586006,1,1,0,0,0.1038028803496104,15.84031948582021,Low
CUST00536,IN,84,False,1.0,4,0.2227835051546391,1,1,0,0,0.1735268423355196,14.17979843264749,Low
CUST00537,NY,65,False,0.0,4,0.180030487804878,1,1,0,0,0.1160204866243165,7.091243246434309,Low
CUST00538,TX,75,True,1.0,9,0.2560264900662251,1,1,0,0,0.9284524132468324,43.091288389286994,Medium
CUST00539,NE,189,False,3.0,3,0.2112012987012987,1,1,0,0,0.0594620989045489,15.846175283655692,Low
CUST00540,CO,63,False,1.0,7,0.1032934131736526,1,1,0,0,0.1067216845225112,22.794671532234805,Low
CUST00541,SC,108,False,1.0,8,0.1811988304093567,1,1,0,0,0.1102624910519466,8.495647841998856,Low
CUST00542,CO,71,False,1.0,2,0.2021341463414633,1,1,0,0,0.3557720838643849,26.682225675723203,Low
CUST00543,MS,137,False,1.0,4,0.1627899686520376,1,1,0,0,0.1075258311072547,5.216426799207403,Low
CUST00544,NE,82,False,3.5,7,0.2322775800711744,-1,-1,1,0,0.1824140488541027,32.11152321495851,Low
CUST00545,MT,96,False,1.0,9,0.1169696969696969,1,1,0,0,0.0673587993410897,14.809790006436232,Low
CUST00546,NH,37,False,0.0,11,0.2442335766423357,1,1,0,0,0.1253146884295364,21.263137828913703,Low
CUST00547,IA,98,False,0.0,9,0.2239236111111111,1,1,0,0,0.1533069247619009,13.761697475639147,Low
CUST00548,WV,121,False,0.0,3,0.1264285714285714,1,1,0,0,0.0859544465561155,13.966645167001246,Low
CUST00549,RI,94,False,0.0,3,0.1412852664576802,1,1,0,0,0.0436001853257742,13.672561072572154,Low
CUST00550,KS,99,False,1.0,3,0.1860182370820668,1,1,0,0,0.0554283940704576,7.925364616334721,Low
CUST00551,MT,163,False,1.0,7,0.1926962457337884,1,1,0,0,0.0639702123569532,7.400048600807682,Low
CUST00552,MO,161,False,3.0,4,0.2196938775510204,1,1,0,0,0.086655135873004,12.666057208584213,Low
CUST00553,HI,99,False,1.0,5,0.148450184501845,1,1,0,0,0.1822917919816857,24.304321448851542,Low
CUST00554,CO,108,False,1.0,5,0.2358426966292134,1,1,0,0,0.1118133668206332,24.29250107343684,Low
CUST00555,CT,84,False,3.0,7,0.2071088435374149,1,1,0,0,0.0960525323211015,15.438602818800383,Low
CUST00556,DC,139,False,2.0,3,0.2278764478764478,1,1,0,0,0.0948324676449265,7.908286740186646,Low
CUST00557,TN,69,False,3.0,4,0.221594684385382,1,1,0,0,0.1382525406483662,14.399914654599607,Low
CUST00558,WY,129,False,3.5,8,0.2038888888888888,1,1,0,0,0.2872399219144685,23.057407106868062,Low
CUST00559,MO,106,False,2.0,0,0.1322438162544169,-1,-1,1,0,0.0695007197366194,31.630063569273027,Low
CUST00560,SD,168,False,2.0,5,0.2211111111111111,1,1,0,0,0.0626528812394166,10.020091543831464,Low
CUST00561,GA,57,False,2.0,4,0.2082558139534883,1,1,0,0,0.1096391872427377,11.135089728690218,Low
CUST00562,AZ,67,False,1.0,6,0.2215807560137457,1,1,0,0,0.0921880614266026,9.550448247429104,Low
CUST00563,AK,127,False,1.0,3,0.1592634560906515,1,1,0,0,0.0991028890147186,5.107471138662886,Low
CUST00564,AK,78,False,2.0,5,0.218487972508591,1,1,0,0,0.1246342194097206,7.383510424208785,Low
CUST00565,CT,100,False,0.0,2,0.2108888888888888,1,1,0,0,0.0578725948172962,12.37102633913834,Low
CUST00566,KY,113,False,1.0,3,0.1802932551319648,1,1,0,0,0.0511309117823118,12.63980842267039,Low
CUST00567,MI,78,False,3.0,11,0.1857049180327868,-1,1,0,0,0.205294425814887,32.382593235779744,Low
CUST00568,OR,129,False,1.0,5,0.2006472491909385,1,1,0,0,0.0637744594214731,13.592296969684654,Low
CUST00569,TN,57,False,2.0,3,0.1784713375796178,1,1,0,0,0.0864655099070151,4.406955560469668,Low
CUST00570,WV,82,False,1.0,5,0.1714285714285714,1,1,0,0,0.0858795149060439,9.993704740026676,Low
CUST00571,WY,94,True,3.0,3,0.2893939393939394,1,1,0,0,0.9533964854562156,45.645312609012414,Medium
CUST00572,WY,90,False,2.0,1,0.2201215805471124,1,1,0,0,0.1872213449756445,16.684020797200038,Low
CUST00573,IN,48,False,2.0,5,0.247331081081081,1,1,0,0,0.4080513020210348,29.634071296366628,Low
CUST00574,NM,85,False,2.0,8,0.21006734006734,1,1,0,0,0.0849394904796348,14.887403256187262,Low
CUST00575,NJ,93,False,1.0,4,0.1715522388059701,1,1,0,0,0.1762238907660276,8.515680789161875,Low
CUST00576,DC,169,False,3.0,6,0.1431578947368421,1,1,0,0,0.1355489305032558,27.386566064789918,Low
CUST00577,UT,68,True,3.5,9,0.1949626865671641,1,1,0,0,0.9611666513691306,41.36591699705443,Medium
CUST00578,KY,91,True,2.0,3,0.1570144927536231,1,1,0,0,0.9819032369972724,50.149772877009056,Medium
CUST00579,KS,68,False,1.0,3,0.2038305084745763,1,1,0,0,0.1067685445799215,6.796244658487149,Low
CUST00580,MI,101,False,1.0,8,0.2098639455782313,1,1,0,0,0.1130242903573323,8.99435592287217,Low
CUST00581,UT,67,False,1.0,2,0.3028372093023256,1,1,0,1,0.138383769385938,50.58922831311495,Medium
CUST00582,NE,66,False,0.0,3,0.1214826498422712,-1,-1,1,0,0.094509749139122,31.85707667934303,Low
CUST00583,FL,116,False,3.5,3,0.1964244186046511,1,1,0,0,0.291728374599465,19.279348166288663,Low
CUST00584,LA,158,False,1.0,6,0.1981456953642384,1,1,0,0,0.0999357122944234,7.041379770492045,Low
CUST00585,MT,78,False,1.0,5,0.2150498338870431,1,1,0,0,0.0986960033722967,5.555273558371751,Low
CUST00586,WA,119,False,1.0,8,0.1853094462540716,1,1,0,0,0.0625396620494831,11.938076552240776,Low
CUST00587,MI,120,False,1.0,2,0.1418047337278106,1,1,0,0,0.0681510889570481,16.085584303402015,Low
CUST00588,KY,155,False,1.0,1,0.1764327485380117,1,1,0,0,0.1019993609344909,10.048902903719082,Low
CUST00589,LA,106,False,1.0,5,0.2051351351351351,1,1,0,0,0.1126852619946791,11.801247547167904,Low
CUST00590,AL,146,False,3.0,4,0.1802482269503546,1,1,0,0,0.0839316737289255,9.054966431774647,Low
CUST00591,MO,101,False,0.0,6,0.1684848484848485,1,1,0,0,0.0478456238246535,10.837796685813608,Low
CUST00592,CO,22,False,3.0,4,0.2091891891891892,1,1,0,0,0.0309524031206604,12.536425285105462,Low
CUST00593,NY,41,False,1.0,4,0.1888364779874213,1,1,0,0,0.0545330863713485,6.265588127384854,Low
CUST00594,OR,69,False,2.0,4,0.2061454545454545,1,1,0,0,0.0571294932356103,10.637866493184111,Low
CUST00595,WY,33,False,2.0,14,0.2263013698630137,1,1,0,1,0.1312714428369504,50.855114340759364,Medium
CUST00596,UT,112,False,1.0,5,0.1729139072847682,1,1,0,0,0.1361321353224479,12.037510247847083,Low
CUST00597,NV,136,False,2.0,4,0.2035275080906149,1,1,0,0,0.0756746503305505,10.35676953963225,Low
CUST00598,NC,128,False,1.0,5,0.2653968253968254,1,1,0,0,0.1244242968652337,10.431703957143032,Low
CUST00599,NC,27,False,2.0,3,0.1936024844720497,1,1,0,0,0.1044987485421755,9.208861854056138,Low
CUST00600,WY,161,False,1.0,6,0.1896597633136094,1,1,0,0,0.1250080536737141,28.026876735759647,Low
CUST00601,FL,120,False,0.0,4,0.2257915057915057,1,1,0,0,0.058562909070271,7.549618586298062,Low
CUST00602,CA,113,False,2.0,6,0.1835093167701863,1,1,0,0,0.099580284056635,6.691932347882637,Low
CUST00603,PA,122,True,0.0,2,0.2451724137931034,1,1,0,0,0.7835623419729746,37.29691206346152,Medium
CUST00604,WV,148,False,2.0,4,0.1733159268929504,1,-1,0,0,0.1192837625656711,27.325470997369184,Low
CUST00605,NJ,74,False,3.0,2,0.2479197080291971,1,1,0,0,0.2159698311166548,14.987444200979299,Low
CUST00606,MT,106,False,1.0,3,0.2051475409836065,1,1,0,0,0.0963871124652834,6.368133153184955,Low
CUST00607,MN,179,False,1.0,4,0.2143223443223443,1,1,0,0,0.1204321633389574,13.489165912393913,Low
CUST00608,ID,77,False,0.0,7,0.2030491803278688,1,1,0,0,0.1017780501162609,8.19957447154133,Low
CUST00609,MA,127,True,1.0,2,0.1560571428571428,1,1,0,0,0.9644977208531552,36.58049315025172,Medium
CUST00610,OR,80,False,1.0,4,0.1914333333333333,1,1,0,0,0.1306096569218095,4.844275776438687,Low
CUST00611,AL,61,False,0.0,4,0.2195679012345679,1,1,0,0,0.0414355305853001,13.095689753450571,Low
CUST00612,ND,135,False,2.0,4,0.2109311740890688,1,1,0,0,0.1725210973140022,20.16557380687382,Low
CUST00613,LA,115,False,3.5,5,0.2356923076923077,1,1,0,0,0.5490312288084799,30.083085857633428,Low
CUST00614,MS,107,False,2.0,9,0.2903629032258064,1,1,0,1,0.4118811867147622,62.53597123197907,Medium
CUST00615,WV,112,False,1.0,4,0.1372307692307692,1,1,0,0,0.1000424923673174,13.563062062392254,Low
CUST00616,KS,103,False,3.0,4,0.1481985294117647,1,1,0,0,0.1466917348732812,27.60260756872765,Low
CUST00617,PA,69,False,3.0,5,0.327953488372093,1,1,0,1,0.2300021965918154,53.4634902554315,Medium
CUST00618,SD,85,False,0.0,3,0.2434469696969697,1,1,0,0,0.1266828603249639,7.891497221338679,Low
CUST00619,NJ,24,True,2.0,6,0.2478595317725752,1,1,0,0,0.711951544886306,28.876766502284735,Low
CUST00620,AL,90,False,2.0,2,0.189625850340136,1,1,0,0,0.0740069577377737,11.877984850487213,Low
CUST00621,ME,137,False,3.0,3,0.1876653696498054,1,1,0,0,0.1640358055387482,16.503545605704666,Low
CUST00622,NV,69,True,1.0,2,0.2695121951219511,1,1,0,0,0.9876453117975494,40.39444526941399,Medium
CUST00623,WI,45,False,2.0,3,0.1513946587537092,1,1,0,0,0.1398223909614632,9.599943096844173,Low
CUST00624,HI,73,False,1.0,2,0.2007232704402515,1,1,0,0,0.0844879330190609,12.567588962167589,Low
CUST00625,DE,92,False,1.0,4,0.222986577181208,1,1,0,0,0.0945866763478542,6.8964841385679545,Low
CUST00626,AZ,113,False,1.0,2,0.1517699115044248,1,1,0,0,0.0773062489824448,10.491413542512182,Low
CUST00627,GA,135,False,2.0,5,0.1883908045977011,1,1,0,0,0.0807718253784976,17.130856166681895,Low
CUST00628,AZ,100,False,1.0,5,0.1398378378378378,1,1,0,0,0.0858026213419068,20.269366614599463,Low
CUST00629,MN,96,False,1.0,2,0.2510810810810811,1,1,0,0,0.0877090938356212,8.640861086769537,Low
CUST00630,ME,108,False,1.0,5,0.2074107142857142,1,1,0,0,0.2089927982834813,14.41955256395444,Low
CUST00631,FL,84,False,0.0,4,0.2498620689655172,1,1,0,0,0.1056907267052228,19.94585321289263,Low
CUST00632,WA,134,False,1.0,3,0.2782954545454545,1,1,0,0,0.1776399572395947,13.083108626271676,Low
CUST00633,MT,72,False,0.0,4,0.3024180327868853,1,1,0,1,0.4298577825031738,53.126545987221206,Medium
CUST00634,AL,83,False,0.0,4,0.2040140845070422,1,1,0,0,0.0580014005507848,15.158451190279612,Low
CUST00635,WV,137,False,0.0,5,0.1506686046511627,1,1,0,0,0.0490848193982585,9.217855380828183,Low
CUST00636,GA,56,False,1.0,3,0.1513166144200627,1,1,0,0,0.0695755009904178,5.379381021897396,Low
CUST00637,OH,61,False,0.0,3,0.2358620689655172,1,1,0,0,0.2290367092614114,17.625515230214784,Low
CUST00638,DE,171,False,1.0,3,0.2099665551839465,1,1,0,0,0.1227603816750283,19.004953643319205,Low
CUST00639,FL,58,False,0.0,6,0.171551724137931,1,1,0,0,0.0728208636837842,16.34338290585913,Low
CUST00640,AK,156,False,1.0,4,0.1597328244274809,1,1,0,0,0.072485037872357,13.037987770071133,Low
CUST00641,WI,166,False,0.0,5,0.2163486842105263,1,1,0,0,0.1194862633201226,17.147802528690832,Low
CUST00642,KY,75,True,2.0,3,0.2827491408934708,1,1,0,0,0.9674327950585668,52.037830800143716,Medium
CUST00643,OH,83,False,1.0,5,0.2321476510067114,1,1,0,0,0.238563726676886,11.4726452535692,Low
CUST00644,UT,243,False,2.0,6,0.1570609318996415,1,1,0,0,0.1740604381176415,23.197126433534347,Low
CUST00645,MN,150,False,1.0,3,0.1682634730538922,1,1,0,0,0.1235336703244209,10.397284735148547,Low
CUST00646,WV,92,False,2.0,3,0.1491867469879518,1,1,0,0,0.0779406210870948,13.525033976851619,Low
CUST00647,MN,80,False,0.0,5,0.1222758620689655,1,1,0,0,0.0508448703871047,19.92798410014074,Low
CUST00648,AL,134,False,1.0,4,0.2019081272084805,1,1,0,0,0.0482531010399725,6.040002382540717,Low
CUST00649,PA,77,False,1.0,6,0.1970338983050847,1,1,0,0,0.0721840271434628,12.034366005995693,Low
CUST00650,DE,147,False,2.0,3,0.1838636363636363,1,1,0,0,0.0886559639073574,10.06917600292218,Low
CUST00651,MO,74,False,1.0,6,0.1859682539682539,1,1,0,0,0.0915203482979637,3.4101278900117618,Low
CUST00652,IL,138,False,1.0,9,0.1845396825396825,1,1,0,0,0.1735859267000791,18.362529096792482,Low
CUST00653,HI,64,False,2.0,2,0.1752285714285714,1,1,0,0,0.097073962936185,19.996018474312983,Low
CUST00654,ME,120,False,2.0,3,0.2883568075117371,1,1,0,0,0.0904435402936047,14.936909427961947,Low
CUST00655,CO,121,True,3.0,1,0.1539274924471299,1,1,0,0,0.984639369340766,47.08684422664619,Medium
CUST00656,NH,88,False,2.0,2,0.2384285714285714,1,1,0,0,0.0955334535963065,6.584501419752217,Low
CUST00657,FL,104,False,3.0,3,0.1238327526132404,1,1,0,0,0.0963924000843948,20.685822806133757,Low
CUST00658,GA,27,False,1.0,3,0.1342857142857142,1,-1,0,0,0.0977733894486005,24.54169579077629,Low
CUST00659,IL,81,False,0.0,4,0.2029595015576324,1,1,0,0,0.05449879598588,6.290376301525454,Low
CUST00660,NC,64,False,0.0,13,0.1529467084639498,1,1,0,1,0.1175841647696176,52.187309517139134,Medium
CUST00661,VT,107,False,1.0,8,0.2114655172413793,1,1,0,0,0.0744546866306916,19.491055043371563,Low
CUST00662,DC,88,False,1.0,5,0.2565799256505576,1,1,0,0,0.0691789327938478,14.895584883209715,Low
CUST00663,VT,111,False,3.0,6,0.1506896551724137,1,1,0,0,0.1247360037890517,17.999413398321472,Low
CUST00664,NV,77,False,3.5,2,0.203301282051282,1,1,0,0,0.2262690239976884,20.400630079331634,Low
CUST00665,OR,67,False,2.0,11,0.1668641114982578,-1,1,0,0,0.1504575478995747,29.930039876752378,Low
CUST00666,AL,102,False,1.0,6,0.1980844155844156,1,1,0,0,0.0808245229993095,18.286704635447915,Low
CUST00667,ND,146,False,1.0,6,0.222829457364341,1,1,0,0,0.0477673336630966,11.753199341486878,Low
CUST00668,NE,96,True,1.0,4,0.188089552238806,1,1,0,0,0.4814264565724632,20.046679573774494,Low
CUST00669,ME,149,False,0.0,9,0.223954248366013,1,1,0,0,0.2282868921923036,18.340248716085423,Low
CUST00670,IL,129,False,2.0,2,0.2123999999999999,1,1,0,0,0.045377991359162,10.02542534739946,Low
CUST00671,WA,166,False,0.0,5,0.192536443148688,1,1,0,0,0.2103997590268768,24.556520189485436,Low
CUST00672,KS,149,False,3.0,3,0.2736329588014981,1,1,0,0,0.3686224064533217,20.196800752643703,Low
CUST00673,RI,70,False,3.0,6,0.1859344262295082,1,1,0,0,0.1202090538362068,13.568195448139015,Low
CUST00674,IA,66,False,2.0,7,0.180130548302872,1,1,0,0,0.1895230576861674,25.35232456815013,Low
CUST00675,NV,160,False,1.0,4,0.2005592105263157,1,1,0,0,0.132799365471236,6.0166538087440795,Low
CUST00676,WI,129,False,1.0,8,0.2111538461538461,1,1,0,0,0.0566239765822261,6.686015530980368,Low
CUST00677,AL,93,True,3.0,3,0.2824555160142348,1,1,0,0,0.9662040501804896,42.41418285272343,Medium
CUST00678,HI,169,False,2.0,6,0.1720058997050147,1,1,0,0,0.0885480471294062,6.888917641661184,Low
CUST00679,MO,58,False,1.0,3,0.1538781163434903,1,1,0,0,0.127089143740598,16.499984559117948,Low
CUST00680,MO,45,False,1.0,13,0.2027062706270627,1,1,0,1,0.0488900113954364,48.44102072545067,Medium
CUST00681,CT,155,False,3.0,4,0.1539938080495356,1,1,0,0,0.0597574282354802,12.453499679623688,Low
CUST00682,MD,52,False,3.5,9,0.1847530864197531,1,1,0,0,0.2438654383078439,22.801830102297888,Low
CUST00683,OH,119,False,0.0,3,0.2029360465116279,1,1,0,0,0.0930466399765353,16.635486893003883,Low
CUST00684,NV,86,False,1.0,5,0.1856653992395437,1,1,0,0,0.0678825086012217,8.197975607366972,Low
CUST00685,MD,42,False,0.0,7,0.1896296296296296,1,1,0,0,0.0725293299047823,22.699669636006654,Low
CUST00686,OH,123,False,0.0,5,0.1623372781065089,1,1,0,0,0.1133873250160753,25.533982881424187,Low
CUST00687,MA,98,True,3.5,6,0.226463768115942,1,1,0,0,0.9834440515288504,46.29226403573088,Medium
CUST00688,OK,149,False,1.0,3,0.224612676056338,1,1,0,0,0.1389247981390486,8.492163290055034,Low
CUST00689,MA,160,False,1.0,1,0.2130592105263158,1,1,0,0,0.1044563844941584,13.672783849819908,Low
CUST00690,WA,103,False,3.5,3,0.1839622641509433,1,1,0,0,0.3514684356122198,18.31408497405553,Low
CUST00691,HI,132,False,1.0,4,0.1716768292682926,1,1,0,0,0.0827980845914384,6.952221398634781,Low
CUST00692,CO,137,False,1.0,2,0.185112540192926,1,1,0,0,0.1644484210438855,22.78719926258665,Low
CUST00693,FL,129,False,1.0,4,0.2218530351437699,1,1,0,0,0.2611610176340088,31.40331150560325,Low
CUST00694,WI,62,False,1.0,0,0.2652217741935484,-1,-1,1,0,0.1925854501117658,43.1457688580302,Medium
CUST00695,WY,32,False,1.0,7,0.2226666666666666,1,1,0,0,0.0956381484438394,9.517603560082533,Low
CUST00696,GA,86,False,3.0,8,0.161580547112462,1,1,0,0,0.141937158248285,22.815896293027826,Low
CUST00697,FL,130,False,1.0,3,0.1620435967302452,1,1,0,0,0.0866983847438777,17.771492174310243,Low
CUST00698,WY,42,False,1.0,12,0.1585736196319018,1,1,0,1,0.0469706974781323,52.220380351167314,Medium
CUST00699,DE,73,False,2.0,7,0.2426642335766423,1,1,0,0,0.104387493967463,20.610970403414917,Low
CUST00700,ME,66,False,2.0,3,0.2171554252199413,1,1,0,0,0.1568181186693822,22.46101605838906,Low
CUST00701,DC,103,False,0.0,3,0.1386018237082066,1,1,0,0,0.1027432763573082,11.25744637762471,Low
CUST00702,IA,128,False,1.0,7,0.25484,1,1,0,0,0.0785226849486964,14.59045760335736,Low
CUST00703,CO,104,False,2.0,4,0.2068300653594771,1,1,0,0,0.0995555477032258,11.868067898695996,Low
CUST00704,MN,103,False,0.0,5,0.1527492447129909,1,1,0,0,0.0502672817654709,15.73349396746599,Low
CUST00705,AZ,87,False,1.0,5,0.1266959064327485,1,1,0,0,0.1014007920425639,16.127605165678336,Low
CUST00706,LA,109,True,1.0,4,0.2135611510791367,1,1,0,0,0.5717490908509962,18.35248628518924,Low
CUST00707,ME,97,True,3.5,3,0.1783650190114068,1,1,0,0,0.9688244749553812,42.1639061757358,Medium
CUST00708,MD,106,False,2.0,3,0.1799047619047619,1,1,0,0,0.119807216649275,5.8426598794219755,Low
CUST00709,VT,125,False,2.0,7,0.1320385674931129,1,1,0,0,0.0612917158889353,15.16628957867152,Low
CUST00710,DC,108,False,0.0,7,0.2040672782874618,1,1,0,0,0.0818473147303515,13.91949081925057,Low
CUST00711,WY,125,False,1.0,2,0.1652225519287834,1,1,0,0,0.1246648875353301,14.862412523315482,Low
CUST00712,VA,72,False,0.0,6,0.1570568561872909,1,1,0,0,0.1055039989479946,17.652516206916818,Low
CUST00713,CT,23,True,2.0,3,0.2231331592689295,1,-1,0,0,0.974962946973918,53.05534119859312,Medium
CUST00714,HI,149,False,3.5,6,0.1918032786885246,1,1,0,0,0.449611573915166,28.445453293485617,Low
CUST00715,WI,73,False,0.0,8,0.2147222222222222,1,1,0,0,0.067101802463639,16.515837226518716,Low
CUST00716,MD,61,True,1.0,3,0.2324458204334365,1,1,0,0,0.9473328688687328,40.8116777967404,Medium
CUST00717,WV,161,True,3.5,4,0.1655627009646302,1,1,0,0,0.5386202492647063,32.097762236779715,Low
CUST00718,UT,118,False,1.0,2,0.195695652173913,1,1,0,0,0.1319199499371225,28.835887479986035,Low
CUST00719,CO,23,False,3.5,4,0.2204744525547445,1,1,0,0,0.1657737430493432,20.96328253044883,Low
CUST00720,NC,127,False,0.0,6,0.1310509554140127,1,1,0,0,0.0455152202954786,22.840941203457355,Low
CUST00721,NJ,42,False,0.0,5,0.1710828025477707,1,1,0,0,0.0953048939878881,9.373014654357824,Low
CUST00722,AR,118,True,3.5,11,0.2328804347826087,-1,-1,1,0,0.9860374253209936,63.787188553132964,Medium
CUST00723,IA,45,False,2.0,3,0.1743589743589743,1,1,0,0,0.082428304612739,7.667639724851035,Low
CUST00724,GA,50,False,1.0,4,0.2452201257861635,1,1,0,0,0.0941884498828255,22.07639067410882,Low
CUST00725,MO,179,True,0.0,4,0.2496600566572238,1,1,0,0,0.9897317592421448,47.59765767630337,Medium
CUST00726,MO,152,False,2.0,3,0.1196428571428571,1,1,0,0,0.0977556589094329,16.23307100090166,Low
CUST00727,WY,105,False,2.0,5,0.1742586750788643,1,1,0,0,0.1873321250983206,20.94330095774866,Low
CUST00728,HI,72,False,0.0,6,0.1552296819787986,1,1,0,0,0.1194439729395313,20.676064007102347,Low
CUST00729,PA,52,False,1.0,2,0.2336970684039088,1,-1,0,0,0.1084390982463797,25.159656963948464,Low
CUST00730,TX,125,False,1.0,4,0.1761111111111111,1,1,0,0,0.0602020891333807,4.73460760516674,Low
CUST00731,VA,143,False,1.0,2,0.1607089552238805,1,1,0,0,0.1035443057239403,14.321921550150035,Low
CUST00732,RI,65,False,1.0,14,0.2009663865546218,-1,-1,1,1,0.1177213844781183,63.47371186190952,Medium
CUST00733,WI,80,False,1.0,5,0.249416961130742,1,-1,0,0,0.163110075350158,23.411428278481093,Low
CUST00734,NC,43,False,1.0,2,0.1035220125786163,1,1,0,0,0.1162096117079535,21.2735436106119,Low
CUST00735,NV,143,False,0.0,6,0.1862376237623762,1,1,0,0,0.1247918106260344,19.243753562617535,Low
CUST00736,UT,81,False,0.0,5,0.1572875816993464,1,1,0,0,0.0537951702217568,14.335770958315184,Low
CUST00737,ME,205,False,2.0,5,0.1742156862745098,1,1,0,0,0.1119989094375825,14.532298524573559,Low
CUST00738,HI,24,False,1.0,5,0.1990490797546011,1,1,0,0,0.0641509761611917,10.417063899524283,Low
CUST00739,OH,74,False,0.0,4,0.1740425531914893,1,1,0,0,0.1319215255274281,8.822379318536955,Low
CUST00740,OK,74,False,1.0,2,0.2240064102564102,1,1,0,0,0.1223917597085901,13.557401461940616,Low
CUST00741,KY,74,True,1.0,4,0.1508092485549133,1,1,0,0,0.9822301767975612,41.29853393101046,Medium
CUST00742,AL,200,False,1.0,2,0.139179810725552,1,1,0,0,0.1417846054730462,10.980448272112012,Low
CUST00743,MD,86,False,3.5,3,0.2497931034482759,1,1,0,0,0.2444307412464774,18.547342211270472,Low
CUST00744,NE,91,False,0.0,4,0.19509375,1,1,0,0,0.1017195613087016,8.125064382053507,Low
CUST00745,TX,130,False,1.0,2,0.1827083333333333,1,1,0,0,0.0623253759504295,20.003394451967946,Low
CUST00746,OH,56,False,2.0,8,0.1571854304635761,1,1,0,0,0.1564664719386705,21.04213233925179,Low
CUST00747,DE,117,False,0.0,4,0.1769209039548022,1,1,0,0,0.1577050957641899,19.362745687020965,Low
CUST00748,VT,126,False,0.0,2,0.1958917197452229,1,1,0,0,0.1132055591000093,15.53022768961067,Low
CUST00749,OR,132,False,1.0,2,0.2032407407407407,1,1,0,0,0.106453817353996,9.518389326916624,Low
CUST00750,NV,81,True,3.5,6,0.1549030470914127,1,1,0,0,0.647873177404617,30.924574214261614,Low
CUST00751,NC,122,False,2.0,6,0.1943642611683849,1,1,0,0,0.0751248821903073,8.039846753221335,Low
CUST00752,NJ,46,True,2.0,5,0.2917407407407408,1,1,0,1,0.9670947100254408,73.89384329497543,High
CUST00753,ID,99,False,1.0,3,0.1686604361370716,1,1,0,0,0.1144180344299423,8.802244962403881,Low
CUST00754,AL,87,False,1.0,3,0.2373220338983051,1,1,0,0,0.3173584742663101,14.816475172423319,Low
CUST00755,AK,108,False,1.0,3,0.1478395061728395,1,1,0,0,0.1249922767404068,13.449801184105695,Low
CUST00756,PA,53,False,3.0,2,0.1788615384615384,1,1,0,0,0.0666594932309644,13.840526472386017,Low
CUST00757,NV,144,False,0.0,15,0.219136690647482,1,-1,0,1,0.1636510094125849,58.22254903252366,Medium
CUST00758,AL,91,False,3.0,3,0.2126898734177215,1,1,0,0,0.0395669842674643,9.857089744748823,Low
CUST00759,GA,58,False,2.0,5,0.1617096774193548,1,1,0,0,0.0563451602497025,8.242739429604756,Low
CUST00760,AR,5,False,3.0,3,0.3058252427184466,1,-1,0,1,0.105505368285002,46.46439986441199,Medium
CUST00761,MA,97,False,0.0,3,0.2944489795918367,-1,-1,1,1,0.1426407229214003,63.825392977384034,Medium
CUST00762,MO,142,False,1.0,5,0.2128461538461538,1,1,0,0,0.0458822475573225,7.93735177841998,Low
CUST00763,NY,9,False,1.0,2,0.1878313253012048,1,1,0,0,0.0781942359448039,8.294987323871025,Low
CUST00764,AZ,73,False,0.0,4,0.1842901234567901,1,1,0,0,0.0697310849092265,11.686272334465073,Low
CUST00765,WV,43,False,0.0,3,0.1705121293800539,1,1,0,0,0.1665709154287218,17.88072387305693,Low
CUST00766,NM,122,True,1.0,3,0.1892660550458715,1,1,0,0,0.7616338390040568,28.22088526395507,Low
CUST00767,SC,93,False,0.0,4,0.2756578947368421,1,1,0,0,0.0717614238909777,16.20748570352226,Low
CUST00768,VT,85,False,1.0,1,0.2097972972972973,1,1,0,0,0.113230668402783,15.477695426294238,Low
CUST00769,LA,87,False,1.0,3,0.2229078014184397,1,1,0,0,0.0966444611773113,7.136471344659458,Low
CUST00770,OH,137,False,0.0,2,0.1719298245614035,1,1,0,0,0.0604260872009312,10.288192761627446,Low
CUST00771,OR,21,False,3.5,7,0.2102592592592592,1,1,0,0,0.3549871052365222,23.324257348419742,Low
CUST00772,KY,104,False,0.0,6,0.1853992395437262,1,1,0,0,0.1203747072381735,22.41396996616076,Low
CUST00773,GA,93,True,3.5,2,0.1483384615384615,1,1,0,0,0.9814912986468932,40.60331166309707,Medium
CUST00774,VT,63,True,3.5,4,0.2471005917159763,1,1,0,0,0.9827457879887248,48.77926927044438,Medium
CUST00775,OR,161,False,0.0,5,0.1496904024767802,1,1,0,0,0.1794878375197302,20.392557472272586,Low
CUST00776,MO,103,False,1.0,4,0.1959926470588235,1,1,0,0,0.0751876660797322,13.119232875317788,Low
CUST00777,ND,84,False,1.0,18,0.1588288288288288,1,1,0,1,0.0900136646784183,48.30764975387468,Medium
CUST00778,MN,92,False,1.0,4,0.2035843373493976,1,1,0,0,0.1545232313934161,6.054805290157033,Low
CUST00779,NV,77,False,1.0,1,0.2017647058823529,1,1,0,0,0.1436545693068382,14.46863998631257,Low
CUST00780,NY,64,True,1.0,9,0.3776326530612244,-1,-1,1,1,0.9983441220713788,89.11154101413217,High
CUST00781,FL,159,False,1.0,9,0.1108629441624365,1,1,0,0,0.0887848269799645,22.27687764104234,Low
CUST00782,KS,110,True,1.0,2,0.2742807017543859,1,1,0,0,0.9873833667904144,40.977952388457496,Medium
CUST00783,NV,138,False,3.0,4,0.1473076923076923,1,1,0,0,0.0802255656736143,24.751189658940042,Low
CUST00784,NV,178,False,1.0,3,0.2142228739002932,1,1,0,0,0.3340483063841196,32.34323802766031,Low
CUST00785,SC,38,False,0.0,2,0.235578231292517,1,1,0,0,0.0690159053421644,27.034403446080013,Low
CUST00786,MI,45,False,1.0,5,0.1008610271903323,1,1,0,0,0.0521308614355916,17.942454803246466,Low
CUST00787,TN,70,False,0.0,2,0.1571617161716171,1,1,0,0,0.0679495235614433,11.17773129866645,Low
CUST00788,NY,147,False,3.0,6,0.2421612903225806,1,1,0,0,0.0922231579964571,11.883554687514497,Low
CUST00789,NV,94,False,1.0,5,0.1766885245901639,1,1,0,0,0.0408343658034213,5.9413259760451425,Low
CUST00790,IL,179,False,0.0,5,0.156525974025974,1,1,0,0,0.1112522076809869,8.544297106490026,Low
CUST00791,ND,59,False,0.0,3,0.2165156794425087,1,1,0,0,0.0904998005125959,12.931288893903591,Low
CUST00792,NC,165,False,0.0,3,0.183047138047138,1,1,0,0,0.057998173186155,14.953806352934022,Low
CUST00793,MI,133,True,2.0,4,0.2079834254143646,1,1,0,0,0.9645986655166652,46.88228716359961,Medium
CUST00794,TN,140,False,1.0,4,0.1635313531353135,1,1,0,0,0.0975723753111679,10.092480009613682,Low
CUST00795,VT,93,False,2.0,3,0.1789679715302491,1,1,0,0,0.0994229758030155,11.374946239571036,Low
CUST00796,DE,64,False,1.0,3,0.1766249999999999,1,1,0,0,0.0337219128993324,6.846522707326402,Low
CUST00797,OR,48,False,2.0,4,0.2299319727891156,1,1,0,0,0.0575756006386123,13.289628774788397,Low
CUST00798,NY,181,False,1.0,7,0.2097609561752988,1,1,0,0,0.0648974176195756,15.293326569536953,Low
CUST00799,MO,168,False,2.0,2,0.1593594306049821,1,1,0,0,0.2660432612552447,23.16388636786748,Low
CUST00800,FL,155,False,3.0,3,0.1698780487804878,1,1,0,0,0.0814930350577264,8.321333406650371,Low
CUST00801,NY,11,False,2.0,6,0.2109440559440559,1,1,0,0,0.0853004744889817,16.962393719750697,Low
CUST00802,ND,182,False,2.0,5,0.1482568807339449,1,1,0,0,0.1269267822796037,13.241429187758392,Low
CUST00803,OH,102,False,0.0,4,0.121938202247191,1,1,0,0,0.0974701810620853,22.286317209319012,Low
CUST00804,AL,122,False,0.0,2,0.2259870550161812,1,1,0,0,0.2866664695309213,14.900545657559075,Low
CUST00805,SC,41,False,1.0,3,0.143284023668639,1,1,0,0,0.0679746486922758,5.352570787531477,Low
CUST00806,GA,132,False,2.0,4,0.1820833333333333,1,1,0,0,0.1748912413278151,11.833388380464575,Low
CUST00807,WY,76,True,1.0,5,0.2325696594427244,1,1,0,0,0.701444690678107,34.345991496169745,Medium
CUST00808,HI,115,False,2.0,3,0.1511081081081081,1,1,0,0,0.1355599415521161,25.93031895080887,Low
CUST00809,LA,154,False,0.0,5,0.1793103448275862,1,1,0,0,0.0651762560955853,9.094773798274646,Low
CUST00810,AR,100,False,2.0,8,0.1615333333333333,1,1,0,0,0.063405971792548,13.198373874312463,Low
CUST00811,AK,146,False,1.0,3,0.1993425605536332,1,1,0,0,0.2402513840460005,17.098616048210385,Low
CUST00812,AL,67,False,2.0,2,0.179434628975265,1,1,0,0,0.0692055462033853,15.563507237185636,Low
CUST00813,UT,161,True,1.0,1,0.2028152492668621,1,1,0,0,0.9658473404863992,38.14446095359314,Medium
CUST00814,KS,70,False,1.0,0,0.1923638968481375,1,1,0,0,0.0973928686169753,26.980643085229726,Low
CUST00815,VA,99,True,2.0,4,0.2062462462462462,1,1,0,0,0.7943119408217345,27.7365621824739,Low
CUST00816,UT,87,False,1.0,9,0.1699649122807017,1,1,0,0,0.0950213149158828,19.952554794216624,Low
CUST00817,IN,87,False,1.0,5,0.2323357664233576,1,1,0,0,0.1218479513055921,8.444552007731994,Low
CUST00818,CT,70,False,2.0,6,0.1854599406528189,1,1,0,0,0.1129210013517827,6.460915882679796,Low
CUST00819,MO,119,False,3.0,2,0.172214983713355,1,1,0,0,0.0936873795125868,12.717767093317384,Low
CUST00820,RI,87,False,0.0,5,0.1841860465116279,1,1,0,0,0.1541507724349448,13.2455437159397,Low
CUST00821,CA,112,True,3.5,3,0.1234384858044164,1,1,0,0,0.9833033684884578,54.237329026820625,Medium
CUST00822,RI,75,False,2.0,2,0.187027972027972,1,1,0,0,0.1267773167249106,9.68958759746158,Low
CUST00823,CT,150,False,3.5,5,0.2111184210526316,1,1,0,0,0.2519325926396838,16.501478287360438,Low
CUST00824,IN,161,False,0.0,6,0.2157831325301204,1,1,0,0,0.0925701634114443,18.304003274058005,Low
CUST00825,FL,91,False,0.0,3,0.1196542553191489,1,1,0,0,0.114792651563821,17.66053231669827,Low
CUST00826,KS,124,False,3.0,8,0.1902047781569965,1,1,0,0,0.0844282966392867,9.793601426274586,Low
CUST00827,RI,158,False,0.0,5,0.22198738170347,1,1,0,0,0.1716267871891054,19.89421584665362,Low
CUST00828,NV,102,False,0.0,7,0.209644128113879,1,1,0,0,0.1096778813370473,21.28807241456786,Low
CUST00829,UT,85,False,0.0,3,0.1973556231003039,1,1,0,0,0.1051529955497598,9.807256796446417,Low
CUST00830,OK,79,False,1.0,9,0.1802758620689655,1,1,0,0,0.0700376109846437,12.397741672352526,Low
CUST00831,MN,139,False,2.0,10,0.1566304347826086,1,1,0,0,0.0558941553241645,18.385087401799524,Low
CUST00832,NC,103,False,0.0,2,0.2406644518272425,1,1,0,0,0.6381528012159889,31.12979586902248,Low
CUST00833,OR,98,False,1.0,9,0.1472440944881889,-1,1,0,0,0.1929747134111122,31.79233667497787,Low
CUST00834,NH,78,False,2.0,3,0.1885245901639344,1,1,0,0,0.0967157408770555,4.38798627009538,Low
CUST00835,AK,50,False,1.0,3,0.1470336391437308,1,1,0,0,0.0570063186043821,9.953172333944968,Low
CUST00836,WV,86,False,1.0,4,0.1096354166666666,1,1,0,0,0.057305956542249,18.258507150139643,Low
CUST00837,GA,92,False,0.0,6,0.1908881578947368,1,1,0,0,0.0644998434364606,17.073332233590637,Low
CUST00838,NM,174,False,1.0,3,0.2025714285714285,1,1,0,0,0.0890125653051547,16.098018999583157,Low
CUST00839,OH,124,False,1.0,3,0.1727722772277228,1,1,0,0,0.0521310286219011,14.812735880601238,Low
CUST00840,RI,190,False,1.0,3,0.1614716981132075,1,1,0,0,0.1119585944719917,11.411486117666794,Low
CUST00841,HI,101,False,1.0,2,0.1216045845272206,1,1,0,0,0.1014269818893049,13.840780749256393,Low
CUST00842,WY,185,False,2.0,3,0.1567073170731707,1,1,0,0,0.1949502870606427,14.541049235387348,Low
CUST00843,NY,68,False,0.0,6,0.2595437262357414,1,1,0,0,0.0696878642932105,12.621831109077593,Low
CUST00844,KS,117,False,0.0,4,0.2185230769230769,1,1,0,0,0.0825971843201332,15.341856172803118,Low
CUST00845,LA,118,False,1.0,6,0.2102422145328719,1,1,0,0,0.0672931852922481,3.844567084219848,Low
CUST00846,PA,124,False,0.0,5,0.1465706806282722,1,1,0,0,0.0814745829299,17.431504283228247,Low
CUST00847,NV,22,False,1.0,4,0.1837142857142857,1,1,0,0,0.1366218484664031,5.685489610215831,Low
CUST00848,MN,75,False,1.0,9,0.1566666666666666,1,1,0,0,0.1366126335103097,14.516930137980557,Low
CUST00849,MO,164,False,1.0,6,0.2249209486166008,1,1,0,0,0.0554601780197573,20.963880856493702,Low
CUST00850,ME,177,False,2.0,7,0.2348432055749128,1,1,0,0,0.2308038746046265,14.809295203646494,Low
CUST00851,NH,110,False,0.0,8,0.2093140794223826,1,1,0,0,0.0730907708670468,11.651297547367612,Low
CUST00852,MN,158,False,1.0,3,0.228103448275862,1,1,0,0,0.1369675000700104,7.309819107200874,Low
CUST00853,OH,114,False,0.0,0,0.2049471830985915,1,1,0,0,0.0777811545661563,27.483037025842044,Low
CUST00854,NC,64,False,1.0,2,0.2358187134502924,1,1,0,0,0.117392094017094,26.499442359871583,Low
CUST00855,KY,111,False,3.0,5,0.2281904761904761,1,1,0,0,0.3204075768159731,22.215923531699865,Low
CUST00856,MT,60,False,2.0,4,0.2175465838509316,1,1,0,0,0.1852640507610959,16.092635018912418,Low
CUST00857,NJ,113,False,3.0,6,0.1832467532467532,1,1,0,0,0.1202917266942033,18.055463546993796,Low
CUST00858,FL,109,False,1.0,4,0.1873569482288828,1,1,0,0,0.1578984784434471,15.392408931033863,Low
CUST00859,IN,105,False,0.0,2,0.1985490196078431,1,1,0,0,0.111523510013679,18.163557308727807,Low
CUST00860,DE,85,False,2.0,4,0.1939009287925696,1,1,0,0,0.094679725819918,11.304282094042971,Low
CUST00861,AL,131,False,0.0,3,0.2101185770750988,1,1,0,0,0.1462389125385769,9.950792843404004,Low
CUST00862,ME,59,False,2.0,3,0.1940273037542662,1,1,0,0,0.0729432136860964,6.970101666932553,Low
CUST00863,SD,148,False,1.0,13,0.1865333333333333,1,1,0,1,0.0734170879620986,43.692078941120144,Medium
CUST00864,VA,210,False,2.0,8,0.1637827715355805,1,1,0,0,0.0980503019899284,25.789131092192292,Low
CUST00865,ID,106,False,1.0,3,0.271123595505618,1,1,0,0,0.4358404026468649,33.58259285002173,Medium
CUST00866,KY,57,False,1.0,2,0.2496319018404907,1,1,0,0,0.0594793050049899,15.234752351363085,Low
CUST00867,ND,98,False,1.0,4,0.1666954022988505,1,1,0,0,0.1042091062272757,14.946783368450179,Low
CUST00868,HI,157,False,3.0,4,0.2313299663299663,-1,1,0,0,0.2532196716083755,36.36648096135907,Medium
CUST00869,WI,116,False,1.0,4,0.2328282828282828,1,1,0,0,0.1080808133568671,6.6334659532539,Low
CUST00870,WV,30,False,2.0,4,0.1893569131832797,1,1,0,0,0.0903229107387579,5.4069651829611844,Low
CUST00871,NJ,111,True,3.5,2,0.1898888888888888,1,1,0,0,0.4708049282274683,33.13566015058912,Medium
CUST00872,KS,52,False,0.0,6,0.1970033670033669,1,1,0,0,0.1283536213607604,11.530500417826579,Low
CUST00873,NJ,135,True,2.0,4,0.1864772727272727,1,1,0,0,0.0845408152727841,10.600973917121625,Low
CUST00874,NC,86,False,3.0,5,0.1829498525073746,1,1,0,0,0.1318575773058037,11.971653498284079,Low
CUST00875,WY,151,False,3.0,2,0.1856230031948881,1,1,0,0,0.1349793832477924,23.35669086125436,Low
CUST00876,NY,117,False,2.0,9,0.1979207920792079,1,1,0,0,0.104706370894747,18.905200220614343,Low
CUST00877,ID,82,False,0.0,2,0.1633219178082191,1,1,0,0,0.1590509234155671,22.337879649161476,Low
CUST00878,IA,152,False,1.0,4,0.2155245901639344,1,1,0,0,0.0878748396073005,16.251736637008307,Low
CUST00879,TN,108,False,1.0,4,0.2195608108108108,1,1,0,0,0.0993769282499365,6.178743868879064,Low
CUST00880,OH,98,True,1.0,7,0.1644314868804664,1,1,0,0,0.4715264065640817,20.7604162039979,Low
CUST00881,MA,47,False,3.0,4,0.2044604316546762,1,1,0,0,0.0984284113835552,11.142310852016696,Low
CUST00882,OK,189,False,3.0,5,0.1882485875706214,1,1,0,0,0.1657178677239656,12.199996083805937,Low
CUST00883,NE,159,True,1.0,5,0.1839393939393939,1,1,0,0,0.1489482968755806,12.592717590708396,Low
CUST00884,VA,11,False,2.0,3,0.1919732441471572,1,1,0,0,0.050618677099266,7.0783796489830175,Low
CUST00885,MT,111,False,2.0,9,0.1704929577464788,1,1,0,0,0.066310782641609,14.394781660081208,Low
CUST00886,VT,99,False,2.0,4,0.1443934426229508,1,1,0,0,0.0716028964562547,13.779508916271604,Low
CUST00887,VA,114,False,2.0,10,0.1928619528619529,1,1,0,0,0.1177163952167163,14.483889861490768,Low
CUST00888,AL,71,False,2.0,2,0.1389361702127659,1,1,0,0,0.0896271219775237,12.258492269717314,Low
CUST00889,AL,100,False,1.0,5,0.2062187499999999,1,1,0,0,0.0198197142230147,7.9042807415791,Low
CUST00890,WV,83,False,1.0,4,0.1345569620253164,1,1,0,0,0.0778286843888337,11.506235848416976,Low
CUST00891,NV,64,True,3.5,2,0.1735548172757475,1,1,0,0,0.9602933101701422,42.57523555329907,Medium
CUST00892,TN,105,False,1.0,3,0.2042405063291139,1,1,0,0,0.064379922805681,13.630671929758687,Low
CUST00893,ID,144,False,2.0,3,0.2369508196721312,1,1,0,0,0.085821475505718,9.294967877859353,Low
CUST00894,WY,106,True,1.0,7,0.2333137829912024,1,1,0,0,0.9955862857121291,49.98870439618908,Medium
CUST00895,TX,19,False,1.0,1,0.1832424242424242,1,1,0,0,0.0544297125917204,10.45956622834662,Low
CUST00896,MA,46,False,1.0,6,0.1955595667870036,1,1,0,0,0.1070099122261374,11.616577973890005,Low
CUST00897,IL,127,False,2.0,3,0.184971264367816,1,1,0,0,0.1353855022667706,8.177185330468648,Low
CUST00898,LA,9,False,1.0,3,0.1809037900874635,1,1,0,0,0.0870874904237177,4.610912354042614,Low
CUST00899,CO,157,False,1.0,6,0.2429961089494163,1,1,0,0,0.1009643011035578,8.834410343629534,Low
CUST00900,UT,105,True,3.5,4,0.1712499999999999,1,1,0,0,0.7634791889723722,45.057801305111184,Medium
CUST00901,ID,31,False,0.0,2,0.1580487804878048,1,1,0,0,0.0607483576404425,17.723794186719775,Low
CUST00902,MN,95,False,0.0,5,0.2629588014981273,1,1,0,0,0.09807463028616,18.782124795769512,Low
CUST00903,GA,132,True,3.5,4,0.1677708978328173,1,1,0,0,0.932323532104325,38.61394124814458,Medium
CUST00904,HI,119,False,0.0,4,0.2469361702127659,1,1,0,0,0.0223507858795723,13.77855938781957,Low
CUST00905,AL,16,False,1.0,4,0.2032857142857142,1,1,0,0,0.0474395670578683,9.567234674983276,Low
CUST00906,CT,99,False,1.0,5,0.1264024390243902,1,1,0,0,0.1196502033340329,18.104118821476312,Low
CUST00907,CO,76,False,1.0,2,0.1833923303834808,1,1,0,0,0.0335007862477759,11.366096416766364,Low
CUST00908,KS,167,True,3.5,4,0.1605678233438486,1,1,0,0,0.7711782336044638,31.878522810029864,Low
CUST00909,NJ,129,False,1.0,7,0.1528045325779037,1,1,0,0,0.0882432945355835,13.545999344281087,Low
CUST00910,FL,116,False,1.0,5,0.1503790087463556,1,1,0,0,0.1104455761066561,7.538803132717345,Low
CUST00911,CA,60,False,1.0,6,0.1855182926829268,1,1,0,0,0.1428033628996599,5.739153144956094,Low
CUST00912,TX,47,False,0.0,2,0.1504946996466431,1,1,0,0,0.093694956503785,13.854834612224213,Low
CUST00913,MN,40,False,3.0,9,0.2265900383141762,1,1,0,0,0.2745853352150314,25.758020667328047,Low
CUST00914,AK,173,False,0.0,2,0.2093162393162392,1,1,0,0,0.0579240830021948,18.2892707385502,Low
CUST00915,OR,157,False,1.0,5,0.209940119760479,1,1,0,0,0.0667465112128678,10.670585293993874,Low
CUST00916,MS,66,False,2.0,3,0.1614551083591331,1,1,0,0,0.0481344563828312,8.967857689510888,Low
CUST00917,VT,50,False,0.0,3,0.3057746478873239,1,1,0,1,0.3038426728789,59.696871112876934,Medium
CUST00918,UT,72,False,3.0,3,0.1345584045584045,1,1,0,0,0.0835629138784624,13.305785177093634,Low
CUST00919,KS,130,False,1.0,1,0.2082310469314079,1,1,0,0,0.1135780525678929,10.896859924244803,Low
CUST00920,NV,143,False,1.0,11,0.218854961832061,1,1,0,0,0.0965866858733495,18.09355846031116,Low
CUST00921,TX,32,False,1.0,3,0.1588615384615384,1,1,0,0,0.0896485151764324,9.843618773053352,Low
CUST00922,MA,166,False,2.0,5,0.17890625,1,1,0,0,0.0780897862653902,9.958744086996315,Low
CUST00923,CA,72,False,1.0,7,0.1581518151815181,1,1,0,0,0.0831498574692389,19.33679284589301,Low
CUST00924,IA,134,False,0.0,2,0.2032846715328467,1,1,0,0,0.1241830381929889,16.065750965326618,Low
CUST00925,NH,13,False,3.5,2,0.2118245614035087,1,1,0,0,0.2393637961258865,14.554120935934007,Low
CUST00926,GA,90,False,3.0,4,0.1718060200668896,1,1,0,0,0.1093202699452751,21.95573174714657,Low
CUST00927,WI,111,False,3.0,2,0.2197276264591439,1,1,0,0,0.0764284642178674,17.96306934290593,Low
CUST00928,CO,101,False,1.0,14,0.2227118644067796,1,1,0,1,0.0514445077904564,54.5928862752302,Medium
CUST00929,SC,72,False,0.0,4,0.1933939393939393,1,1,0,0,0.1119388159498487,9.258031935179648,Low
CUST00930,MI,67,False,1.0,6,0.2062462462462462,1,1,0,0,0.0641068305134043,16.86869460860262,Low
CUST00931,MD,172,True,3.0,2,0.2244744744744744,1,1,0,0,0.9683350786696252,50.97978590696095,Medium
CUST00932,IN,154,False,2.0,1,0.2006872852233677,1,1,0,0,0.1293179863950052,15.481171942323716,Low
CUST00933,ME,69,False,2.0,3,0.2304895104895105,1,1,0,0,0.1519389670049652,9.705017821089012,Low
CUST00934,DC,123,False,3.0,7,0.2184918032786885,1,1,0,0,0.1072725617413133,8.9887610497972,Low
CUST00935,TN,130,False,0.0,5,0.1823666666666666,1,1,0,0,0.0947990572465023,6.829527542407218,Low
CUST00936,FL,142,False,2.0,9,0.2097041420118343,1,1,0,0,0.0908218024631555,19.88103158474852,Low
CUST00937,HI,87,False,0.0,5,0.1660856269113149,1,1,0,0,0.0729050429064855,15.486686047243264,Low
CUST00938,NE,149,False,0.0,8,0.146725352112676,1,1,0,0,0.1445276275784032,24.658582378718997,Low
CUST00939,TN,146,False,2.0,3,0.2007246376811594,1,1,0,0,0.2212155935904516,11.561452586548752,Low
CUST00940,MD,88,True,3.5,2,0.2987450980392157,1,1,0,1,0.984266848556066,78.95630482084101,High
CUST00941,VT,48,False,1.0,2,0.262,1,1,0,0,0.1207710479988716,15.124890385850104,Low
CUST00942,OR,135,False,1.0,3,0.1858720930232558,1,1,0,0,0.126875536482727,7.196679731460465,Low
CUST00943,IN,100,False,1.0,2,0.1801769911504425,1,1,0,0,0.0814783145288526,17.43969480619336,Low
CUST00944,MO,98,False,3.5,3,0.261231884057971,1,1,0,0,0.2520345524666191,21.07819508694405,Low
CUST00945,FL,75,False,2.0,3,0.1566013071895424,1,1,0,0,0.0756962064265451,12.531011889555572,Low
CUST00946,DC,180,False,1.0,4,0.2502482269503546,1,1,0,0,0.0967112305831597,11.582169549612262,Low
CUST00947,VT,100,False,1.0,4,0.2036734693877551,1,1,0,0,0.091758137761556,12.695787000346941,Low
CUST00948,OH,119,False,2.0,5,0.213179012345679,1,1,0,0,0.2552375854019614,16.99402728479245,Low
CUST00949,LA,155,False,1.0,7,0.2034210526315789,1,1,0,0,0.0794652433802891,13.899604215236733,Low
CUST00950,IL,78,True,1.0,2,0.2250467289719626,1,1,0,0,0.98555189585635,41.33372349904715,Medium
CUST00951,NJ,153,False,1.0,3,0.1865527950310559,1,1,0,0,0.0975996472874166,5.013304003787349,Low
CUST00952,NE,154,False,3.0,3,0.1845535714285714,1,1,0,0,0.1098079148032844,8.924854959679578,Low
CUST00953,WV,48,False,1.0,2,0.2487108013937282,1,1,0,0,0.3942314246321893,26.491987324005017,Low
CUST00954,ND,94,False,1.0,1,0.2093537414965986,1,1,0,0,0.0982693226502253,8.483764013349514,Low
CUST00955,UT,139,False,1.0,8,0.1704237288135593,1,1,0,0,0.1873965476432367,17.00568609786466,Low
CUST00956,MS,126,False,1.0,4,0.2179344262295082,1,1,0,0,0.1352697160698384,6.591205510798121,Low
CUST00957,MN,122,False,2.0,3,0.1606269592476489,1,1,0,0,0.1628613304806041,11.7055643687317,Low
CUST00958,KS,131,False,3.0,3,0.2330937499999999,1,1,0,0,0.1148769704112322,20.563665297231008,Low
CUST00959,KS,36,False,1.0,5,0.1945806451612903,1,1,0,0,0.1219295185742178,5.576607958537675,Low
CUST00960,NV,180,False,2.0,5,0.1932155477031802,1,1,0,0,0.1172310282324706,18.51335875551571,Low
CUST00961,MT,25,False,2.0,5,0.1674679487179487,1,1,0,0,0.0992232088298767,5.92770985883075,Low
CUST00962,AK,120,False,1.0,9,0.1684935897435897,1,1,0,0,0.0637661348071273,11.18705507877385,Low
CUST00963,AR,109,False,2.0,4,0.1935785953177257,1,1,0,0,0.0826766263112714,7.826138889545719,Low
CUST00964,LA,162,False,0.0,6,0.1701823708206687,1,1,0,0,0.0754951477028982,15.274674285414298,Low
CUST00965,KS,124,False,1.0,4,0.2063799283154122,1,1,0,0,0.0676386697194965,4.111242970515569,Low
CUST00966,OR,177,False,2.0,5,0.1860700389105058,1,1,0,0,0.1862128938469057,22.895357926902992,Low
CUST00967,WI,91,False,1.0,2,0.2337792642140468,1,1,0,0,0.1446616321189288,10.085726558197841,Low
CUST00968,CO,105,True,0.0,5,0.2773260073260073,1,1,0,0,0.9626523874261814,44.04131071021306,Medium
CUST00969,KS,24,True,0.0,6,0.2450883392226148,1,1,0,0,0.2678036551598418,23.66565137324928,Low
CUST00970,IA,86,False,2.0,7,0.1380851063829787,1,1,0,0,0.1056819054522573,10.374743245550583,Low
CUST00971,NE,91,False,0.0,4,0.168140243902439,1,1,0,0,0.0372298094786612,18.30818114639254,Low
CUST00972,OH,147,False,3.0,4,0.2076934097421203,1,1,0,0,0.1330068014091136,17.291987811163217,Low
CUST00973,TN,108,True,3.5,3,0.2022939068100358,1,1,0,0,0.964083341806632,40.17711996460641,Medium
CUST00974,OK,159,False,3.5,7,0.1984,1,1,0,0,0.2501238384313862,27.989223226477733,Low
CUST00975,ND,136,False,3.0,10,0.2522377622377622,1,1,0,0,0.5841447767485286,34.81293941760485,Medium
CUST00976,NC,45,False,1.0,2,0.2401742160278745,1,1,0,0,0.054212332511465,7.550396287608399,Low
CUST00977,MN,122,False,2.0,5,0.1446578947368421,1,1,0,0,0.1496286810544937,11.61463668996959,Low
CUST00978,MN,138,False,3.5,3,0.217719298245614,1,1,0,0,0.3735244054643051,18.01502950233519,Low
CUST00979,MA,132,False,1.0,5,0.188058608058608,1,1,0,0,0.1144898089554749,10.375819699315707,Low
CUST00980,GA,58,False,2.0,4,0.2114243323442136,1,1,0,0,0.2813365147880269,15.184354869277799,Low
CUST00981,NV,81,False,1.0,4,0.1354166666666666,1,1,0,0,0.0499920178538933,14.763070900903521,Low
CUST00982,TX,87,False,3.0,10,0.1760990712074303,1,1,0,0,0.0585394137814233,11.631033676316138,Low
CUST00983,ME,116,False,2.0,3,0.2168120805369127,1,1,0,0,0.1742579156226922,9.193473453283287,Low
CUST00984,MN,62,True,2.0,3,0.1984049079754601,1,1,0,0,0.7712124246129273,32.420210488182875,Low
CUST00985,TN,98,False,2.0,3,0.1954092526690391,1,1,0,0,0.0825025351835779,11.903721120684633,Low
CUST00986,RI,107,False,2.0,7,0.2553183520599251,1,1,0,0,0.2053039884619216,12.744688394746523,Low
CUST00987,NC,30,False,3.0,4,0.1714723926380368,1,1,0,0,0.074427722626019,14.896655121083677,Low
CUST00988,MA,40,True,1.0,5,0.2203474903474903,1,1,0,0,0.907037278458246,41.04811045354998,Medium
CUST00989,TN,72,False,1.0,4,0.1840601503759398,1,1,0,0,0.0815945746408333,6.435824454641917,Low
CUST00990,WY,95,False,1.0,5,0.2157725947521866,1,1,0,0,0.1027135276270361,10.174322543252115,Low
CUST00991,IA,42,False,0.0,3,0.1646864686468647,1,1,0,0,0.0733479819684604,18.503499543088086,Low
CUST00992,IN,86,False,1.0,7,0.2076430976430976,1,1,0,0,0.0728764601047964,14.070087795950437,Low
CUST00993,FL,55,True,3.5,5,0.1505810397553517,1,1,0,0,0.9731005798979216,39.91271766535697,Medium
CUST00994,MT,74,False,0.0,6,0.2152901023890785,1,1,0,0,0.1081762202047868,12.38282805872603,Low
CUST00995,ND,81,False,1.0,3,0.2379938271604938,1,1,0,0,0.3256838508511162,22.2020341297057,Low
CUST00996,MI,81,False,3.5,2,0.2120422535211267,1,1,0,0,0.5549743792062353,29.015019664325557,Low
CUST00997,MT,28,True,3.5,2,0.1598239436619718,1,1,0,0,0.9888373873095844,53.07666628386454,Medium
CUST00998,AL,111,False,0.0,2,0.1744478527607361,1,1,0,0,0.1034879313167723,17.809291094405296,Low
CUST00999,NV,3,False,2.0,2,0.1658477508650519,1,1,0,0,0.0725450734018504,19.153102207390805,Low
CUST01000,FL,68,False,1.0,7,0.2095192307692308,1,1,0,0,0.0550105927698687,16.66094067119032,Low
CUST01001,NY,163,True,0.0,7,0.2742335766423358,1,1,0,0,0.9464763634004912,41.57996808647412,Medium
CUST01002,KS,87,False,2.0,5,0.2437068965517241,1,1,0,0,0.148490355783828,20.2252546700893,Low
CUST01003,NC,58,True,0.0,1,0.1857446808510638,1,1,0,0,0.6972725195920948,36.94288810210794,Medium
CUST01004,MN,109,False,0.0,4,0.144390243902439,1,1,0,0,0.0933243266197348,11.332786957075797,Low
CUST01005,RI,111,False,3.5,6,0.237915309446254,1,1,0,0,0.2808687133204826,19.400510906243213,Low
CUST01006,UT,144,False,2.0,4,0.1591044776119402,1,1,0,0,0.0354370427938847,18.62238883800318,Low
CUST01007,OR,135,True,3.5,2,0.2617567567567567,1,1,0,0,0.9712653270709948,46.44627187294035,Medium
CUST01008,SC,109,False,3.5,3,0.2156957928802589,1,1,0,0,0.208353317689564,16.531250348506948,Low
CUST01009,IL,107,False,1.0,8,0.1547540983606557,1,1,0,0,0.0842745145786587,16.75164911552928,Low
CUST01010,OH,149,False,2.0,3,0.1838095238095238,1,1,0,0,0.0572648010832248,7.94116977570527,Low
CUST01011,MA,56,False,1.0,4,0.1913793103448275,1,1,0,0,0.1058483780767563,24.032824707366597,Low
CUST01012,OR,129,False,0.0,4,0.1785763888888889,1,1,0,0,0.1562720884715294,18.38045381440221,Low
CUST01013,CA,92,False,0.0,3,0.2121987951807228,1,1,0,0,0.3683256865816326,19.42833017711324,Low
CUST01014,WV,67,False,1.0,5,0.1913592233009708,1,1,0,0,0.0603633488389015,14.253364269593908,Low
CUST01015,VT,120,False,0.0,7,0.2333333333333333,1,1,0,0,0.0881355001915587,15.711694687173106,Low
CUST01016,GA,76,False,0.0,3,0.2032638888888889,1,1,0,0,0.1201792030158758,14.419030269730982,Low
CUST01017,ME,79,False,2.0,3,0.1764450127877237,1,1,0,0,0.1810777365181855,17.252504080991965,Low
CUST01018,HI,98,False,2.0,4,0.1891394658753709,1,1,0,0,0.0839311797050548,6.612005812520645,Low
CUST01019,AZ,141,False,1.0,6,0.2338291139240506,1,1,0,0,0.0588704242702779,15.273423550476783,Low
CUST01020,IA,46,False,3.0,2,0.21775,1,1,0,0,0.0928136471958081,8.820805348260048,Low
CUST01021,CT,137,False,3.0,4,0.1557913669064748,1,1,0,0,0.1060518866050439,21.568320993325987,Low
CUST01022,WA,171,True,1.0,5,0.25,1,1,0,0,0.9725263650378454,42.31859288471309,Medium
CUST01023,VA,10,False,1.0,4,0.1919345238095238,1,1,0,0,0.0919249589071534,11.805490033683768,Low
CUST01024,CO,88,False,3.0,2,0.1473026315789474,1,1,0,0,0.2391542074411511,25.635249227279427,Low
CUST01025,TX,82,True,3.0,5,0.2174825174825174,1,1,0,0,0.4154853078339648,19.303578110447734,Low
CUST01026,SD,139,False,3.0,1,0.1568716577540107,1,1,0,0,0.1176257574535912,20.86125122486579,Low
CUST01027,VA,87,False,0.0,4,0.1686337209302325,1,1,0,0,0.1263685655829049,11.953359315275256,Low
CUST01028,NY,137,False,2.0,3,0.171386430678466,1,1,0,0,0.1251678527478645,8.228864166762644,Low
CUST01029,WA,45,True,1.0,5,0.1191867469879518,1,1,0,0,0.4945807630597519,26.217766686088744,Low
CUST01030,TN,103,False,1.0,2,0.1851298701298701,1,1,0,0,0.1354935639746645,12.690710078921155,Low
CUST01031,CT,100,False,2.0,1,0.1861335403726708,1,1,0,0,0.0427318401088981,25.421448782419205,Low
CUST01032,WA,110,False,3.0,4,0.1764189189189189,1,1,0,0,0.0269979842709577,13.289307572938167,Low
CUST01033,NH,124,False,2.0,2,0.2084027777777777,1,1,0,0,0.1079312850299898,19.69982269093985,Low
CUST01034,MT,10,False,2.0,6,0.2355598455598455,1,1,0,0,0.1116273388757995,9.53078326227056,Low
CUST01035,NE,89,False,2.0,5,0.185828804347826,1,1,0,0,0.1490239473023594,27.786452310262565,Low
CUST01036,WA,121,False,2.0,2,0.1943225806451613,1,1,0,0,0.0332843512541294,9.526194061791669,Low
CUST01037,WI,101,False,3.0,3,0.2397887323943661,1,1,0,0,0.1704171189699851,18.228763506611287,Low
CUST01038,AR,103,False,2.0,4,0.1706086956521739,1,1,0,0,0.0961024909736569,11.51468623811026,Low
CUST01039,WI,51,False,1.0,5,0.2373003802281369,1,1,0,0,0.1428234348970742,17.567636766094832,Low
CUST01040,DE,2,True,2.0,1,0.1816,1,1,0,0,0.9758897868168996,46.13845266364405,Medium
CUST01041,NH,111,False,0.0,11,0.1821008403361344,1,1,0,0,0.1083253581590396,15.97878572477653,Low
CUST01042,VA,118,False,2.0,5,0.1701234567901234,1,1,0,0,0.093176114317023,5.321679355417046,Low
CUST01043,TN,17,True,3.5,1,0.1971841155234657,1,1,0,0,0.9695387233464752,43.47794871867393,Medium
CUST01044,VA,130,False,2.0,9,0.2048170731707317,1,1,0,0,0.0949049671422752,16.59809899310546,Low
CUST01045,AZ,137,False,2.0,7,0.1835897435897436,1,1,0,0,0.0722217787040634,12.949046033811012,Low
CUST01046,MT,185,False,2.0,2,0.1893046357615894,1,1,0,0,0.1077675141896943,12.81924508160046,Low
CUST01047,OK,101,False,3.0,2,0.2237586206896551,1,1,0,0,0.1438258426854362,12.089617807851456,Low
CUST01048,ID,95,False,3.0,4,0.223469387755102,1,1,0,0,0.067630144963077,10.844316546058028,Low
CUST01049,KS,126,True,1.0,4,0.2641059602649006,1,1,0,0,0.8062456176938049,40.70299558681538,Medium
CUST01050,MS,124,False,3.0,6,0.2782307692307692,1,1,0,0,0.3117879647954599,20.613471907539953,Low
CUST01051,WY,97,True,0.0,2,0.1990718562874251,1,1,0,0,0.7215396440236571,33.360922762342895,Medium
CUST01052,TX,28,False,2.0,3,0.1744072948328267,1,1,0,0,0.1219191995010228,9.018591368909206,Low
CUST01053,WA,90,True,3.5,1,0.1719344262295082,1,1,0,0,0.9937080385790616,43.10034233749394,Medium
CUST01054,HI,190,False,1.0,1,0.209515570934256,1,1,0,0,0.0989452606295354,21.058249115679153,Low
CUST01055,AK,52,False,2.0,5,0.1943928571428571,1,1,0,0,0.0597605642061837,21.35443003320465,Low
CUST01056,MD,73,False,0.0,8,0.2675330396475771,1,-1,0,0,0.1184847996789648,25.167198584651562,Low
CUST01057,SD,98,True,3.5,1,0.1315981735159817,-1,-1,1,0,0.8173681447694874,59.85544527075183,Medium
CUST01058,PA,106,True,1.0,2,0.2048148148148148,1,1,0,0,0.9631576126654754,39.48507965949506,Medium
CUST01059,NC,111,False,0.0,3,0.1967151162790697,1,1,0,0,0.2441480239525092,13.97697242573271,Low
CUST01060,VT,59,False,1.0,5,0.2095017793594306,1,1,0,0,0.1263191621576898,7.9133104072125855,Low
CUST01061,KY,71,False,2.0,3,0.1570382165605095,1,1,0,0,0.0219793152835384,9.043301887859204,Low
CUST01062,WA,55,True,0.0,7,0.2190450928381963,-1,1,0,0,0.9778460936495416,54.882098977447534,Medium
CUST01063,LA,13,False,1.0,5,0.1396065573770491,1,1,0,0,0.0915649705000852,22.288639247271565,Low
CUST01064,WA,136,False,0.0,4,0.1388588588588588,1,1,0,0,0.0799059782473888,13.467561547401663,Low
CUST01065,ME,123,False,0.0,3,0.1633542319749216,1,1,0,0,0.0970475162293477,10.543236543530057,Low
CUST01066,WI,105,False,2.0,3,0.1918181818181818,1,1,0,0,0.1420745264036258,8.633920806800937,Low
CUST01067,TX,50,False,3.0,14,0.2562310030395137,-1,-1,1,1,0.0917842019092019,61.26745314086421,Medium
CUST01068,IA,118,False,1.0,4,0.1697791798107255,1,1,0,0,0.1082288325306799,5.27707811531777,Low
CUST01069,VT,73,True,1.0,6,0.2510247349823322,1,1,0,0,0.5573246412996556,21.437289983634138,Low
CUST01070,HI,35,False,2.0,8,0.1270461538461538,1,1,0,0,0.0444663417165928,14.935922940367846,Low
CUST01071,WY,64,False,1.0,2,0.27916,1,1,0,0,0.1289692416525533,14.360329249041934,Low
CUST01072,WV,63,False,3.0,2,0.1243648208469055,1,-1,0,0,0.0744878011167546,21.382299059724367,Low
CUST01073,OK,117,False,3.0,6,0.1484571428571428,1,1,0,0,0.1210806390061248,17.483790941890582,Low
CUST01074,CT,115,True,1.0,8,0.2592763157894737,1,1,0,0,0.9606068432888294,45.86683816469682,Medium
CUST01075,UT,162,False,1.0,3,0.2069127516778523,1,1,0,0,0.1110390029554783,5.106444624025672,Low
CUST01076,NY,89,False,3.0,1,0.1529965156794425,1,1,0,0,0.1495094504359416,23.253642038862296,Low
CUST01077,VA,94,False,1.0,4,0.1988358208955223,1,1,0,0,0.2611018065327723,13.834885280572157,Low
CUST01078,VT,129,False,3.5,6,0.2105479452054794,1,1,0,0,0.2025499817532846,25.776264460561098,Low
CUST01079,PA,96,False,1.0,2,0.1453634085213032,1,1,0,0,0.0859210020743462,20.99088424593466,Low
CUST01080,SC,108,True,3.5,4,0.1474679487179487,1,1,0,0,0.9733522804396452,49.38014084745371,Medium
CUST01081,MI,97,False,0.0,7,0.1791463414634146,1,1,0,0,0.1504671580961285,12.731616234687005,Low
CUST01082,VT,84,False,0.0,10,0.2037283236994219,1,1,0,0,0.1074851648422449,19.44207501085228,Low
CUST01083,OH,65,True,3.5,5,0.2040106951871657,-1,-1,1,0,0.4861306144930094,43.392020804991795,Medium
CUST01084,VT,131,False,1.0,10,0.1338718662952646,1,1,0,0,0.1244036583714432,25.393835977189088,Low
CUST01085,IL,58,False,1.0,4,0.1919016393442622,1,1,0,0,0.1609976548387387,8.118935844712528,Low
CUST01086,WI,54,False,1.0,2,0.1256521739130434,1,1,0,0,0.0570445879780028,11.559046124338842,Low
CUST01087,GA,125,False,2.0,4,0.2288719512195121,1,1,0,0,0.1645585696647553,12.603303766133806,Low
CUST01088,VT,72,False,2.0,2,0.1705379746835443,1,1,0,0,0.0516163507499438,11.600777423808223,Low
CUST01089,CT,141,False,3.0,3,0.1144983818770226,1,1,0,0,0.0949127597309685,19.86947582906547,Low
CUST01090,AZ,113,False,0.0,3,0.1280337078651685,1,1,0,0,0.1787855052067158,18.435352859987848,Low
CUST01091,SD,20,False,0.0,3,0.1460056657223796,1,1,0,0,0.1052945683434384,13.912603102848117,Low
CUST01092,CT,212,False,1.0,3,0.1756939501779359,1,1,0,0,0.152015816507359,17.24527820832023,Low
CUST01093,IN,99,False,3.5,6,0.1809567901234568,1,1,0,0,0.3888224416576403,21.51152174171808,Low
CUST01094,OH,94,False,1.0,4,0.2766382978723404,1,1,0,0,0.1648286786970288,22.841027909498166,Low
CUST01095,NY,40,False,1.0,6,0.1202539682539682,1,1,0,0,0.0409156368656487,13.374153140100095,Low
CUST01096,NE,86,False,3.0,5,0.1518478260869565,1,1,0,0,0.1485627419920832,13.10256081032417,Low
CUST01097,OK,101,True,3.0,15,0.2537883959044368,-1,-1,1,1,0.9733547362017486,90.90715629196515,High
CUST01098,HI,105,False,1.0,4,0.2413513513513513,1,1,0,0,0.4764878114837929,24.228378818716173,Low
CUST01099,MD,140,False,3.5,5,0.1746223564954682,1,1,0,0,0.2193751018310036,14.45133023567321,Low
CUST01100,VT,101,False,1.0,4,0.1456880733944954,-1,-1,1,0,0.1843057419069332,32.4749007245715,Low
CUST01101,TX,98,False,1.0,4,0.1914705882352941,1,1,0,0,0.0608462697278458,7.120417704822531,Low
CUST01102,AZ,104,False,3.5,2,0.1851851851851851,1,1,0,0,0.4450468547176055,21.77884019502237,Low
CUST01103,VA,115,False,3.0,0,0.1719892473118279,-1,1,0,0,0.0779713339678643,29.66988088823837,Low
CUST01104,NE,70,False,1.0,4,0.2491417910447761,1,1,0,0,0.0969663383962057,12.835203435254538,Low
CUST01105,KY,126,False,0.0,1,0.1758947368421052,1,1,0,0,0.0948080517715778,16.599911160946792,Low
CUST01106,NV,87,False,3.0,1,0.1624150943396226,1,1,0,0,0.0693873060161614,20.995514247630577,Low
CUST01107,MO,86,False,1.0,8,0.1636571428571428,1,1,0,0,0.1040406670780585,16.097932409391348,Low
CUST01108,NJ,1,False,0.0,2,0.2029652996845426,1,1,0,0,0.0462855875611896,6.95255155457879,Low
CUST01109,NH,133,False,1.0,5,0.2261194029850746,1,1,0,0,0.1134454369283926,8.051461165149023,Low
CUST01110,NC,103,False,1.0,6,0.1834797297297297,1,1,0,0,0.1157951624551355,7.953545353859781,Low
CUST01111,MT,131,False,1.0,4,0.2088973384030418,1,1,0,0,0.0764981797505603,10.82184918094708,Low
CUST01112,LA,99,False,0.0,1,0.1778260869565217,1,1,0,0,0.106679241926401,10.08449459951489,Low
CUST01113,NV,27,False,3.0,3,0.2054347826086956,1,1,0,0,0.119215477756786,14.4450703216084,Low
CUST01114,AK,141,False,1.0,7,0.1515151515151515,1,1,0,0,0.1294852037311084,18.83704407537652,Low
CUST01115,OH,29,False,2.0,7,0.2162457337883959,1,1,0,0,0.217243229863041,21.177802989466315,Low
CUST01116,NM,65,False,2.0,12,0.1279487179487179,1,1,0,1,0.055690216403614,51.22227271571697,Medium
CUST01117,MI,81,True,3.0,3,0.2044548872180451,1,1,0,0,0.9811468158974096,49.77883539356297,Medium
CUST01118,MN,37,False,0.0,7,0.2522999999999999,1,1,0,0,0.0588210435714619,12.681984940073098,Low
CUST01119,WY,107,False,1.0,1,0.2638222222222222,1,1,0,0,0.1453003909337458,24.443755411569356,Low
CUST01120,WY,127,False,1.0,3,0.1032637075718015,1,1,0,0,0.1369481201462469,17.694438131391273,Low
CUST01121,WA,78,False,0.0,5,0.1816831683168317,1,1,0,0,0.110216790070488,10.706824846949766,Low
CUST01122,RI,176,False,2.0,6,0.2224080267558528,1,1,0,0,0.1760944510290424,13.39884635441441,Low
CUST01123,AL,96,False,2.0,5,0.1962908011869436,1,1,0,0,0.1201345639443094,15.20194068431085,Low
CUST01124,WV,11,False,1.0,7,0.2158666666666666,1,1,0,0,0.1066955551940251,13.98746494741113,Low
CUST01125,WV,48,False,1.0,4,0.2585714285714285,1,1,0,0,0.0568401957785556,13.135975343133065,Low
CUST01126,UT,47,False,2.0,6,0.1411232876712328,1,1,0,0,0.1312305748422091,18.313060213330314,Low
CUST01127,IL,89,True,0.0,2,0.1371978021978022,1,1,0,0,0.980547003202153,43.84202824024549,Medium
CUST01128,MI,83,False,1.0,7,0.2223432343234323,1,1,0,0,0.0525876014350519,9.068655389572351,Low
CUST01129,WI,126,False,3.5,6,0.1983835616438356,1,1,0,0,0.1932850122388027,20.15921306476733,Low
CUST01130,ND,60,False,2.0,6,0.1976436781609195,1,1,0,0,0.1015911602378888,14.968096133810016,Low
CUST01131,VT,122,False,0.0,4,0.1495081967213114,1,1,0,0,0.1372368330565024,13.116556764021633,Low
CUST01132,WA,136,False,1.0,10,0.1732302405498282,1,1,0,0,0.0556099803026888,19.948009741598398,Low
CUST01133,NC,172,False,1.0,2,0.2202898550724637,1,1,0,0,0.1072335610059874,14.713941274969713,Low
CUST01134,ME,102,True,1.0,3,0.2234050179211469,1,1,0,0,0.3737065393818892,16.062193515964616,Low
CUST01135,SD,113,False,1.0,7,0.1977740863787375,1,1,0,0,0.1923672951050457,11.754070348184463,Low
CUST01136,WV,79,False,3.0,4,0.2435205992509363,1,1,0,0,0.1555342817440691,15.859900201492533,Low
CUST01137,ID,55,False,1.0,2,0.2236464968152866,1,1,0,0,0.0764410462721911,11.552877257337418,Low
CUST01138,GA,160,False,0.0,2,0.1633913043478261,1,1,0,0,0.124971161683043,11.719621044674147,Low
CUST01139,FL,110,False,3.5,3,0.1929793510324483,1,1,0,0,0.2199427318684961,24.46475482084552,Low
CUST01140,CO,192,False,3.5,6,0.303625,1,1,0,1,0.1560271405723424,54.39100576323067,Medium
CUST01141,NV,93,False,0.0,9,0.1561333333333333,1,1,0,0,0.0752239219775826,14.408647130293078,Low
CUST01142,IN,101,False,2.0,2,0.1852601156069364,1,1,0,0,0.1253929737709604,10.93077774455128,Low
CUST01143,VA,77,False,2.0,3,0.1595412844036697,1,1,0,0,0.0984954165868089,13.923852801591702,Low
CUST01144,UT,105,False,2.0,3,0.1837758112094395,1,1,0,0,0.0742664876047147,11.310918689165375,Low
CUST01145,UT,133,True,2.0,7,0.2134843205574912,1,1,0,0,0.8817741532243051,35.774468771676595,Medium
CUST01146,MO,131,False,1.0,7,0.2336046511627907,1,-1,0,0,0.1442234779168301,28.65999426786298,Low
CUST01147,CT,106,False,1.0,4,0.1346583850931677,1,1,0,0,0.0699184634440591,13.764757767454675,Low
CUST01148,HI,118,False,1.0,4,0.1361538461538461,1,1,0,0,0.053179993522096,16.128149719739497,Low
CUST01149,MD,125,False,1.0,4,0.1836949152542373,1,1,0,0,0.1194302464520255,6.1977844194379355,Low
CUST01150,VA,95,False,0.0,8,0.2371641791044776,1,1,0,0,0.1170513360949025,20.981425973705605,Low
CUST01151,MT,80,False,3.0,3,0.1769938650306748,1,1,0,0,0.1144170256233917,16.455992145773617,Low
CUST01152,SC,145,False,0.0,6,0.14375,1,1,0,0,0.1311289920797819,26.08402220601282,Low
CUST01153,CO,37,False,2.0,4,0.1672383720930232,1,1,0,0,0.0722004939690239,12.128795226758712,Low
CUST01154,ID,87,False,1.0,6,0.2340163934426229,1,1,0,0,0.1275563203163986,12.14482055951102,Low
CUST01155,AL,69,False,3.0,5,0.2255985915492957,1,1,0,0,0.090810862705594,6.881622603596129,Low
CUST01156,CO,83,False,1.0,2,0.1435504885993485,1,1,0,0,0.0972619308648847,11.211113666160363,Low
CUST01157,UT,195,False,0.0,3,0.1312751677852349,1,1,0,0,0.1279468013991602,25.939979232108495,Low
CUST01158,DE,67,True,0.0,4,0.2225614035087719,1,1,0,0,0.9905908293276042,49.92176901387672,Medium
CUST01159,OH,75,False,3.0,7,0.1355428571428571,1,1,0,0,0.108093878721711,25.309848633735836,Low
CUST01160,RI,123,False,0.0,1,0.2297080291970802,1,1,0,0,0.0517788948308543,19.589834527454247,Low
CUST01161,FL,41,False,1.0,3,0.1839383561643836,1,1,0,0,0.0685125017151768,17.395145652083706,Low
CUST01162,OH,75,False,0.0,5,0.2081099656357388,1,1,0,0,0.0494788127377557,12.918788029759954,Low
CUST01163,MD,76,True,1.0,7,0.286115107913669,1,1,0,0,0.9877147461328676,47.59810020621343,Medium
CUST01164,IL,86,False,1.0,4,0.2281504702194357,1,1,0,0,0.7235577296584246,28.39347316811024,Low
CUST01165,PA,140,False,0.0,6,0.1964489795918367,1,1,0,0,0.0847372773819937,25.338436712747008,Low
CUST01166,AZ,70,False,3.0,7,0.1101501501501501,1,1,0,0,0.0616833174412563,25.76158781487884,Low
CUST01167,HI,118,False,2.0,7,0.2271111111111111,1,1,0,0,0.3388887172965172,19.299932916762653,Low
CUST01168,NJ,66,False,1.0,2,0.2207744107744108,1,1,0,0,0.0540927650059861,7.758511708570507,Low
CUST01169,WI,78,False,0.0,5,0.1494158075601374,1,1,0,0,0.1242772283479848,17.92378640172897,Low
CUST01170,MD,129,False,2.0,9,0.1843081761006289,1,1,0,0,0.0832184629418345,18.253163416743508,Low
CUST01171,OR,6,False,3.0,4,0.1936277602523659,1,1,0,0,0.1060289420170508,11.66121523988067,Low
CUST01172,NV,107,False,1.0,3,0.2310033444816053,1,1,0,0,0.3569090894945996,16.13358995257157,Low
CUST01173,AR,107,True,3.0,2,0.1641875,1,1,0,0,0.9795222332414016,39.58323073906504,Medium
CUST01174,MT,138,False,1.0,3,0.1468141592920354,1,1,0,0,0.0664482190876093,17.499146201972295,Low
CUST01175,CT,103,False,0.0,2,0.2041025641025641,1,1,0,0,0.1095668740600294,17.90648981295663,Low
CUST01176,UT,116,False,0.0,2,0.2626545454545455,1,1,0,0,0.0691575413630575,9.296405264965973,Low
CUST01177,GA,189,False,2.0,4,0.2234948096885813,1,1,0,0,0.122345349028971,12.946989993590275,Low
CUST01178,NV,161,False,2.0,2,0.1449849849849849,1,1,0,0,0.157682960798497,20.419954908442577,Low
CUST01179,TN,1,False,1.0,2,0.2480496453900709,1,1,0,0,0.1280475055965663,13.172456953727952,Low
CUST01180,DE,89,False,1.0,3,0.1835329341317365,1,1,0,0,0.0546486295206663,4.233969941333017,Low
CUST01181,NY,64,False,1.0,5,0.2455405405405405,1,1,0,0,0.1859274802436646,18.129507715904637,Low
CUST01182,MT,126,True,3.5,4,0.1712847222222222,1,1,0,0,0.97346642662988,38.7849147382405,Medium
CUST01183,IA,129,False,2.0,10,0.1994025157232704,1,1,0,0,0.0853502415597513,19.706984561548442,Low
CUST01184,VT,128,False,0.0,4,0.2233333333333333,1,1,0,0,0.1482383213198292,14.47976841555736,Low
CUST01185,MT,114,False,1.0,5,0.1806188925081433,1,1,0,0,0.0713421734356294,6.011037458917171,Low
CUST01186,NH,50,False,0.0,3,0.2080844155844156,1,1,0,0,0.1376946215243615,12.172219916315365,Low
CUST01187,WV,86,False,3.0,1,0.1790365448504983,1,1,0,0,0.1094636819599268,11.42709837279867,Low
CUST01188,ID,96,False,1.0,6,0.2127272727272727,1,1,0,0,0.1136992739648261,10.460656384417211,Low
CUST01189,WV,57,False,2.0,3,0.2208116883116883,1,1,0,0,0.1523259791785191,10.465532010653636,Low
CUST01190,OH,65,False,2.0,3,0.1537017994858611,1,1,0,0,0.1483793133698714,16.045274707988273,Low
CUST01191,MD,136,False,2.0,3,0.265820895522388,1,1,0,0,0.2715930291562233,17.401562638426242,Low
CUST01192,MN,116,False,1.0,6,0.1780459770114942,1,1,0,0,0.0703006697770919,11.342104507001457,Low
CUST01193,NE,93,False,3.0,5,0.2173519163763066,1,1,0,0,0.1852403245035678,20.49281719327315,Low
CUST01194,MN,142,False,3.0,3,0.2162379421221865,1,1,0,0,0.1070833702073427,9.77782224634277,Low
CUST01195,NY,92,False,1.0,2,0.2659191176470588,1,1,0,0,0.5067551651345521,26.128579144398834,Low
CUST01196,HI,70,False,1.0,6,0.2439222614840989,1,1,0,0,0.0709062579563984,13.431423385134138,Low
CUST01197,MO,22,False,1.0,1,0.1925084745762712,1,1,0,0,0.054144761459454,24.212074617404355,Low
CUST01198,NV,37,False,2.0,2,0.2153680981595092,1,1,0,0,0.2248543775697524,11.636668235544176,Low
CUST01199,MA,51,False,1.0,3,0.1838181818181818,1,1,0,0,0.0875764887481759,12.331627192492814,Low
CUST01200,NH,174,False,2.0,5,0.1541772151898734,1,1,0,0,0.066526255686626,5.435368959350884,Low
CUST01201,UT,68,True,1.0,3,0.2284935897435897,1,1,0,0,0.6245401765403031,22.336495277737058,Low
CUST01202,FL,130,False,1.0,2,0.2240766550522648,1,1,0,0,0.0847422773307943,8.51842028890855,Low
CUST01203,CT,134,False,2.0,3,0.194551282051282,1,1,0,0,0.1004514963299995,4.599632472895013,Low
CUST01204,KY,108,False,2.0,7,0.1600573065902579,1,1,0,0,0.2516740791507745,14.385229025502557,Low
CUST01205,NM,103,False,3.0,2,0.2910185185185185,1,1,0,1,0.1483580689603676,46.248999036231965,Medium
CUST01206,ND,62,False,1.0,4,0.176826923076923,1,1,0,0,0.0680216697682088,10.037937540718383,Low
CUST01207,NV,162,False,2.0,3,0.1625913621262458,1,1,0,0,0.1024511548245577,6.989082663183408,Low
CUST01208,ID,42,False,1.0,6,0.1399674267100977,1,1,0,0,0.0974423224591745,18.271219836141768,Low
CUST01209,OK,155,False,2.0,11,0.1875284090909091,1,1,0,0,0.0840633676707221,21.674859551863744,Low
CUST01210,IA,36,False,0.0,2,0.1629595015576324,1,1,0,0,0.1161601079476124,10.844199687448516,Low
CUST01211,OH,143,True,0.0,4,0.1984761904761904,1,1,0,0,0.7300087189188942,39.66768780128035,Medium
CUST01212,IA,81,True,1.0,6,0.2236521739130434,1,1,0,0,0.9424518941389128,41.77124047940259,Medium
CUST01213,DE,138,True,3.5,4,0.106782334384858,1,1,0,0,0.9711305439148368,47.769276693665745,Medium
CUST01214,CA,103,True,0.0,7,0.1771428571428571,1,1,0,0,0.6392101221663026,27.192725597096302,Low
CUST01215,WY,127,True,2.0,5,0.2667137809187279,1,1,0,0,0.9826391014479796,40.4833037102038,Medium
CUST01216,OR,136,True,1.0,6,0.2431493506493506,1,1,0,0,0.9156269417969533,40.20736789181885,Medium
CUST01217,ME,99,False,2.0,8,0.2412142857142857,1,1,0,0,0.1660552904541576,12.727114258535476,Low
CUST01218,AR,95,False,0.0,5,0.1366779661016949,1,1,0,0,0.1971250430243074,20.19211350354075,Low
CUST01219,ME,118,True,3.5,3,0.1647432024169184,1,1,0,0,0.6001994740411086,28.294419993735104,Low
CUST01220,WV,113,True,3.5,3,0.0975632911392405,-1,1,0,0,0.9758698173678272,55.03423339205711,Medium
CUST01221,PA,128,False,0.0,5,0.1797904191616766,1,1,0,0,0.3478099762422946,21.299920087104475,Low
CUST01222,HI,117,False,3.0,10,0.1371661237785016,1,1,0,0,0.0540360912065754,24.727531569283006,Low
CUST01223,MT,48,False,3.0,4,0.2226973684210526,1,1,0,0,0.0924760375706879,14.059778672743061,Low
CUST01224,DC,81,False,0.0,3,0.2095894428152492,1,1,0,0,0.3864096835569557,18.066288583910033,Low
CUST01225,MS,140,False,1.0,2,0.1954545454545454,1,1,0,0,0.0786865934527547,9.62074483919226,Low
CUST01226,OH,107,False,2.0,1,0.2345914396887159,1,1,0,0,0.0499732936385864,13.84191488805504,Low
CUST01227,MO,56,False,1.0,4,0.1616993464052287,1,1,0,0,0.0577472640639553,11.994875720515328,Low
CUST01228,TX,159,False,1.0,10,0.1619801980198019,1,1,0,0,0.1529885872064048,18.941318772490824,Low
CUST01229,MD,102,False,1.0,5,0.2201238390092879,1,1,0,0,0.4218168565731595,25.89774399278133,Low
CUST01230,SC,106,False,2.0,2,0.113006329113924,1,1,0,0,0.0861229150675625,19.95910272194792,Low
CUST01231,MI,225,True,0.0,3,0.2031511254019292,1,1,0,0,0.7098492273735946,27.194743667891874,Low
CUST01232,CO,86,False,0.0,7,0.258943396226415,1,1,0,0,0.1984834190773634,14.067472930272313,Low
CUST01233,ID,169,False,1.0,10,0.2407380073800737,1,1,0,0,0.1796772371961496,20.976597444398568,Low
CUST01234,AZ,122,False,2.0,5,0.1812772585669782,1,1,0,0,0.0642197057681959,6.895040192858888,Low
CUST01235,MN,52,False,2.0,5,0.2523206751054852,1,1,0,0,0.0924608650463933,19.7312812529899,Low
CUST01236,DE,79,False,2.0,4,0.1875704225352112,1,1,0,0,0.0760339018436519,16.685342060006388,Low
CUST01237,MI,135,False,2.0,3,0.212626582278481,1,1,0,0,0.1698585649053481,15.945100541963411,Low
CUST01238,CA,37,False,0.0,1,0.1876333333333333,1,1,0,0,0.1140401057770079,17.373849666611292,Low
CUST01239,MN,161,False,1.0,4,0.1963728813559321,1,1,0,0,0.1244603926955941,13.963486464287028,Low
CUST01240,CT,123,False,0.0,5,0.1224929971988795,1,1,0,0,0.0847014838589764,15.082521806344232,Low
CUST01241,WV,80,False,2.0,10,0.27714859437751,1,1,0,0,0.0712725060484534,17.639705316200356,Low
CUST01242,WV,94,False,0.0,16,0.1535151515151515,-1,-1,1,1,0.1167635620161526,63.73181816642395,Medium
CUST01243,NE,105,False,1.0,2,0.1832081911262798,1,1,0,0,0.0362014849065011,5.8422388632070685,Low
CUST01244,NC,73,False,0.0,3,0.20421926910299,1,1,0,0,0.0357253099770343,4.197747020390094,Low
CUST01245,NE,112,False,2.0,3,0.1965,1,1,0,0,0.0753223987252339,20.368443967882403,Low
CUST01246,IL,179,False,1.0,4,0.2108223684210526,1,1,0,0,0.1510244329578571,18.209173496591536,Low
CUST01247,MA,57,False,1.0,9,0.2121561338289962,1,1,0,0,0.0813916066891408,10.483906798008086,Low
CUST01248,AZ,127,False,1.0,1,0.1935820895522388,1,1,0,0,0.0865080772674895,8.586900481604243,Low
CUST01249,SD,122,False,1.0,4,0.2557142857142857,1,1,0,0,0.2086379446141056,11.546836434386751,Low
CUST01250,MT,33,False,1.0,2,0.1708666666666666,1,1,0,0,0.0889966618063085,10.319899746605746,Low
CUST01251,VT,94,False,3.0,6,0.190395256916996,1,1,0,0,0.1317457023976343,15.244754233493179,Low
CUST01252,UT,100,False,1.0,10,0.1530446194225721,1,1,0,0,0.1562356188057824,14.87687440825808,Low
CUST01253,HI,106,False,2.0,5,0.1871886120996441,1,1,0,0,0.1046183119367741,6.907501898925304,Low
CUST01254,DC,148,False,2.0,4,0.1878767123287671,1,1,0,0,0.053177827705579,22.58560623804911,Low
CUST01255,WI,120,False,0.0,6,0.2493710691823899,1,1,0,0,0.0684654893934485,20.988822774061177,Low
CUST01256,UT,91,False,1.0,11,0.1970163934426229,1,1,0,0,0.0400402667738909,20.44019044649069,Low
CUST01257,WA,86,False,1.0,2,0.1770175438596491,1,1,0,0,0.0789119797451868,10.150002175150105,Low
CUST01258,SD,78,False,0.0,2,0.2750191570881226,1,1,0,0,0.0659332325430192,18.3618692573623,Low
CUST01259,MT,94,False,1.0,5,0.1641017964071856,1,1,0,0,0.0877439050579188,10.989004995128543,Low
CUST01260,NJ,85,True,2.0,7,0.2545017182130584,1,1,0,0,0.7912220791051464,36.22925773073782,Medium
CUST01261,CT,89,False,1.0,4,0.1683982683982683,1,1,0,0,0.1046433802554507,20.611040825736172,Low
CUST01262,VA,128,False,1.0,4,0.2086513157894736,1,1,0,0,0.0658003921546161,8.28929250975143,Low
CUST01263,NC,115,False,1.0,3,0.19062893081761,1,1,0,0,0.1501054969916626,11.253251125882707,Low
CUST01264,AK,76,False,1.0,6,0.1949621212121212,1,1,0,0,0.0726338031095681,14.804614620102347,Low
CUST01265,MD,75,False,1.0,7,0.2081504702194357,1,1,0,0,0.0375071207204692,13.369794290632564,Low
CUST01266,ND,82,False,2.0,2,0.1582867132867133,1,1,0,0,0.0541535405507299,14.481128431122798,Low
CUST01267,IN,87,False,1.0,3,0.2046601941747572,1,1,0,0,0.121646702575596,6.350443422790401,Low
CUST01268,MI,115,False,0.0,4,0.170028818443804,1,1,0,0,0.0649057193868438,20.697257374660452,Low
CUST01269,AR,99,True,0.0,3,0.2678,1,1,0,0,0.6500336919262624,33.109573929597545,Medium
CUST01270,VT,121,False,3.0,4,0.1894021739130434,1,1,0,0,0.2004616847725421,18.827190511304508,Low
CUST01271,WV,54,False,2.0,4,0.1610034602076124,1,1,0,0,0.0624766633659036,8.173396407206608,Low
CUST01272,CT,95,False,0.0,3,0.1982172701949861,1,1,0,0,0.1067727450240646,17.73276180410243,Low
CUST01273,OR,163,False,2.0,8,0.2376190476190476,1,1,0,0,0.1692437176728284,14.411267053822508,Low
CUST01274,VT,57,False,0.0,4,0.2191186440677966,1,1,0,0,0.1270700436048397,10.51843628745369,Low
CUST01275,RI,104,False,3.5,5,0.2562730627306273,1,1,0,0,0.2295907333693767,26.77570781544034,Low
CUST01276,RI,83,False,0.0,2,0.1620992366412213,1,1,0,0,0.0602957323162185,13.112709566611771,Low
CUST01277,NM,141,False,2.0,1,0.2002539682539682,1,1,0,0,0.1419062220627635,15.986985506550083,Low
CUST01278,AL,95,False,3.0,2,0.1964968152866242,1,1,0,0,0.0820881828886837,21.889488553614754,Low
CUST01279,MT,184,True,1.0,4,0.2645360824742268,1,1,0,0,0.951583678627626,42.27779814922952,Medium
CUST01280,CT,74,False,2.0,3,0.2819431279620852,1,1,0,0,0.1084916315476248,18.73596494569581,Low
CUST01281,TN,67,False,0.0,4,0.1939423076923077,1,1,0,0,0.0969304218224854,9.089402388334902,Low
CUST01282,ID,104,False,0.0,4,0.1633536585365853,1,1,0,0,0.134418377254997,9.49360610615101,Low
CUST01283,NH,149,True,3.5,6,0.1457275541795665,1,1,0,0,0.9669999311036688,41.26021453971702,Medium
CUST01284,ND,154,False,0.0,2,0.2123102310231023,1,1,0,0,0.0984366120332544,7.911147519225647,Low
CUST01285,SC,138,False,0.0,1,0.0759189189189189,-1,-1,1,0,0.0991304066045007,31.200314003389856,Low
CUST01286,KS,117,False,1.0,8,0.2004262295081967,1,1,0,0,0.0686452070857245,9.328621411236199,Low
CUST01287,ME,130,False,1.0,5,0.1543010752688172,1,1,0,0,0.1251445978970556,10.607687399233418,Low
CUST01288,RI,73,False,2.0,2,0.1775537634408602,1,1,0,0,0.127323772719629,15.338470895507395,Low
CUST01289,WI,100,False,0.0,6,0.2473040752351097,1,-1,0,0,0.2092330603040896,26.581130295468753,Low
CUST01290,NC,149,False,1.0,4,0.2096830985915493,1,1,0,0,0.056518333258462,9.257568497408156,Low
CUST01291,OH,29,False,2.0,7,0.1930405405405405,1,1,0,0,0.0353642610887712,9.813877984172777,Low
CUST01292,WY,131,False,1.0,9,0.1446689895470383,1,1,0,0,0.0646251321027978,23.145491176206757,Low
CUST01293,NJ,153,False,2.0,3,0.1711801242236025,1,1,0,0,0.1465055788997501,18.330328040519927,Low
CUST01294,ND,84,False,2.0,5,0.1661479591836734,1,1,0,0,0.129605629524423,18.82555418761841,Low
CUST01295,WI,133,False,2.0,8,0.185210355987055,1,1,0,0,0.0846625834664614,14.302089934564622,Low
CUST01296,NY,87,False,0.0,3,0.2342124542124542,1,1,0,0,0.106138091899621,10.753310500267002,Low
CUST01297,MO,72,False,2.0,5,0.1813690476190476,1,1,0,0,0.1428139362281827,7.5709389429237675,Low
CUST01298,MN,65,False,1.0,6,0.230383275261324,1,1,0,0,0.0582390173521738,11.439184432741953,Low
CUST01299,CO,74,False,2.0,2,0.2254838709677419,1,1,0,0,0.2824309984998699,12.96562711038167,Low
CUST01300,MD,116,True,3.5,2,0.218875,1,1,0,0,0.9698335613778972,40.75094450681866,Medium
CUST01301,AR,68,False,2.0,1,0.1830877192982455,1,1,0,0,0.0634135331949239,8.868841718026593,Low
CUST01302,TN,68,False,3.0,3,0.2177181208053691,1,1,0,0,0.1020794042684968,8.206164677438329,Low
CUST01303,DE,54,False,1.0,3,0.2733734939759036,1,1,0,0,0.1886003437169474,10.930160744797186,Low
CUST01304,WI,107,False,3.0,3,0.1913571428571428,1,1,0,0,0.0723871832253496,16.125917514934205,Low
CUST01305,MN,173,True,0.0,2,0.1942211055276382,1,1,0,0,0.756208445474994,45.512522257997915,Medium
CUST01306,MO,110,False,1.0,4,0.2195985401459854,1,1,0,0,0.0820358366866671,12.024683561118776,Low
CUST01307,VA,102,False,0.0,5,0.1947575757575757,1,1,0,0,0.1141850146285656,14.81227329513491,Low
CUST01308,OK,91,False,1.0,2,0.2466780821917807,1,1,0,0,0.077328244085364,17.12171981258649,Low
CUST01309,CT,64,True,1.0,9,0.16146408839779,-1,-1,1,0,0.9838412267080746,58.57529616014814,Medium
CUST01310,TN,176,False,1.0,6,0.2289808917197452,1,1,0,0,0.1325318769693188,21.900895100241062,Low
CUST01311,WI,84,False,1.0,2,0.1354347826086956,1,1,0,0,0.1074520538483434,16.858962755529973,Low
CUST01312,SD,138,False,3.0,3,0.1865734265734265,1,1,0,0,0.0971844304824005,18.790287512843868,Low
CUST01313,ND,101,False,1.0,5,0.1462637362637362,1,1,0,0,0.239273847710792,18.50473631451238,Low
CUST01314,VA,136,False,2.0,11,0.1698920863309352,1,1,0,0,0.0837517261873378,21.10651160470745,Low
CUST01315,UT,111,False,2.0,3,0.2010211267605633,1,1,0,0,0.0550528909873631,9.99707687992138,Low
CUST01316,MA,132,False,0.0,5,0.2159245283018868,1,1,0,0,0.1048233427458678,15.193724146727295,Low
CUST01317,SD,128,False,3.0,2,0.2565283018867925,1,1,0,0,0.3199210048253155,30.389312101717074,Low
CUST01318,AL,92,False,1.0,1,0.1908022922636103,1,1,0,0,0.1414899591037674,18.521168704792288,Low
CUST01319,AL,197,True,3.5,5,0.1765084745762712,1,1,0,0,0.8114222432439919,37.820560731770556,Medium
CUST01320,SC,99,False,2.0,1,0.2090068493150685,1,1,0,0,0.1246039136558993,8.871665875712194,Low
CUST01321,FL,106,False,3.0,4,0.1546176470588235,1,1,0,0,0.0714468916206041,15.280043147096928,Low
CUST01322,UT,78,False,0.0,1,0.180774193548387,1,1,0,0,0.0706562919831088,11.953890340479477,Low
CUST01323,NY,98,False,1.0,6,0.1698447204968944,1,1,0,0,0.0888752868455271,8.3589174101596,Low
CUST01324,MS,17,False,1.0,10,0.2029376854599406,1,1,0,0,0.0605480221040807,17.30104073508455,Low
CUST01325,NH,56,False,1.0,3,0.196060606060606,1,1,0,0,0.0543942579767566,9.076382509570482,Low
CUST01326,VA,84,False,2.0,6,0.2582857142857143,1,1,0,0,0.157686354352298,25.95303210938329,Low
CUST01327,VT,95,False,2.0,3,0.2279245283018867,1,1,0,0,0.071182912047168,10.77853748842798,Low
CUST01328,NV,76,True,1.0,1,0.2579225352112676,1,1,0,0,0.978857968450815,40.19129240267384,Medium
CUST01329,WV,93,False,0.0,3,0.2076208178438661,1,1,0,0,0.114003174782188,9.68103047094662,Low
CUST01330,WA,83,False,2.0,5,0.1539072847682119,1,1,0,0,0.0621479645007127,10.553202703636437,Low
CUST01331,KS,123,False,1.0,10,0.2292996108949416,1,1,0,0,0.1428356178789318,20.218468978253146,Low
CUST01332,VT,64,False,1.0,8,0.181076923076923,1,1,0,0,0.1240948085769556,11.288963678125675,Low
CUST01333,OK,82,True,0.0,6,0.2920930232558139,1,1,0,1,0.9705692050549932,81.40851975940238,High
CUST01334,CO,110,False,1.0,4,0.1824675324675324,1,1,0,0,0.0752625789840481,8.24909162730793,Low
CUST01335,TN,47,False,2.0,4,0.1903943661971831,1,1,0,0,0.1083720154097934,11.675763876168848,Low
CUST01336,KY,115,False,2.0,4,0.1300980392156862,1,1,0,0,0.0535266568793762,13.955527323228248,Low
CUST01337,PA,69,False,3.0,5,0.1836259541984732,1,1,0,0,0.0780730281316241,8.738480587085686,Low
CUST01338,CT,90,False,3.0,5,0.1041196013289036,-1,1,0,0,0.0685940823437062,28.502693863361568,Low
CUST01339,MN,98,False,3.0,4,0.120216049382716,1,1,0,0,0.1507651797971705,17.176791735971225,Low
CUST01340,WY,90,False,1.0,5,0.1868,1,1,0,0,0.0623765611795857,12.187297795920493,Low
CUST01341,PA,174,False,1.0,9,0.1833510638297872,1,1,0,0,0.1530939880374284,16.615923075064487,Low
CUST01342,PA,79,True,1.0,7,0.23434375,1,1,0,0,0.8447420540504699,41.31720935108583,Medium
CUST01343,VT,99,True,3.5,7,0.1813058419243986,1,1,0,0,0.9621336494728217,44.23772348606985,Medium
CUST01344,ID,114,False,2.0,5,0.2070642201834862,1,1,0,0,0.0836572600081936,11.383171695080947,Low
CUST01345,PA,141,False,1.0,6,0.208371335504886,1,1,0,0,0.1025046349880725,7.461483623364923,Low
CUST01346,NM,132,False,1.0,2,0.1911326860841424,1,1,0,0,0.1219166214137081,6.863147865668331,Low
CUST01347,FL,133,False,0.0,4,0.221719298245614,1,1,0,0,0.0995658840949874,17.482970185339777,Low
CUST01348,TX,133,False,3.5,3,0.1687777777777778,1,1,0,0,0.4153043441743004,31.059442244061035,Low
CUST01349,VT,93,False,2.0,5,0.2170522388059701,1,1,0,0,0.1027091297158451,13.450273494033956,Low
CUST01350,OR,140,True,3.5,3,0.1959107806691449,1,1,0,0,0.9603223969927752,42.97721963557496,Medium
CUST01351,FL,144,True,1.0,5,0.2726428571428571,1,1,0,0,0.9706296377990534,42.18180751652624,Medium
CUST01352,ID,24,False,3.0,2,0.1967484662576687,1,1,0,0,0.0751642678458199,15.335498537500786,Low
CUST01353,MD,54,False,1.0,3,0.1848843187660668,1,-1,0,0,0.3394688716441231,31.557231532587892,Low
CUST01354,WV,50,True,3.5,9,0.14609375,1,1,0,0,0.9748055273110892,52.19513538803897,Medium
CUST01355,ID,92,False,3.5,3,0.1806153846153846,1,1,0,0,0.4832184536132171,29.46594477016477,Low
CUST01356,NV,96,False,3.0,3,0.3449738219895288,1,1,0,1,0.1268187796479881,50.62733269756051,Medium
CUST01357,SC,102,False,3.5,5,0.1883766233766233,1,1,0,0,0.3619763865876246,21.147211681386544,Low
CUST01358,NE,99,False,3.0,2,0.223503937007874,1,1,0,0,0.1364747714533498,17.774976924706884,Low
CUST01359,ME,36,False,1.0,2,0.220197628458498,1,1,0,0,0.0369733568500925,9.201909282139333,Low
CUST01360,MI,70,False,1.0,3,0.1634138972809667,1,1,0,0,0.1340302760121574,14.13273168431361,Low
CUST01361,AZ,109,True,2.0,8,0.2417532467532467,1,1,0,0,0.9839393685532344,49.71086392464128,Medium
CUST01362,AZ,100,False,2.0,5,0.1579166666666666,1,1,0,0,0.0701502301189929,17.965994827758205,Low
CUST01363,MA,80,False,2.0,7,0.2241428571428571,1,1,0,0,0.1173982190075092,14.515114109604148,Low
CUST01364,SC,100,False,1.0,4,0.1729464285714285,1,1,0,0,0.0617261640683587,18.989200135330723,Low
CUST01365,WV,50,False,1.0,5,0.1537426900584795,1,1,0,0,0.1292161801611511,7.239520917230058,Low
CUST01366,MS,105,False,1.0,2,0.2059009009009009,1,-1,0,0,0.2005412522077262,29.470466182944154,Low
CUST01367,VA,113,False,3.5,5,0.2262698412698412,1,1,0,0,0.4402431230602996,24.767202952764432,Low
CUST01368,MS,111,False,2.0,4,0.1326498422712933,1,1,0,0,0.1128053106235613,15.18820043908591,Low
CUST01369,NM,161,False,2.0,3,0.1813621262458471,1,1,0,0,0.2104795767095114,24.74312856179919,Low
CUST01370,TX,70,True,0.0,7,0.2534700315457413,1,1,0,0,0.9316975268020288,42.67066231004695,Medium
CUST01371,HI,97,False,3.0,5,0.1691076923076923,1,1,0,0,0.2011617781131827,14.385896040384086,Low
CUST01372,WA,130,False,0.0,6,0.2165503875968992,-1,1,0,0,0.0647159097166978,27.836579056287107,Low
CUST01373,WI,92,False,1.0,3,0.2167656765676567,1,1,0,0,0.1419848194172454,13.725116416422868,Low
CUST01374,CO,119,False,0.0,1,0.19924,1,1,0,0,0.0985675320394755,21.259603216599828,Low
CUST01375,NV,115,True,1.0,6,0.2215028901734104,1,1,0,0,0.9621084337801186,49.32032376470723,Medium
CUST01376,VA,127,False,0.0,3,0.2533073929961089,1,1,0,0,0.0340327624444615,21.246717024287715,Low
CUST01377,ND,153,False,0.0,6,0.1640988372093023,1,1,0,0,0.1078927133111341,15.906373540372206,Low
CUST01378,HI,79,False,1.0,5,0.139247311827957,1,1,0,0,0.1192516870620708,26.189695724634298,Low
CUST01379,ND,35,False,1.0,2,0.2543448275862068,1,1,0,0,0.5684240836188718,37.02598365440035,Medium
CUST01380,MN,68,False,0.0,1,0.1879472140762463,1,1,0,0,0.1589936125231638,15.162922057107838,Low
CUST01381,DC,60,True,1.0,6,0.1854705882352941,1,1,0,0,0.7109917624104388,31.219473501180083,Low
CUST01382,MT,71,False,1.0,7,0.1788126649076517,1,-1,0,0,0.1965891982235516,28.510850852660624,Low
CUST01383,WV,124,False,3.0,3,0.1601851851851852,1,1,0,0,0.0791205521512425,6.683483702723265,Low
CUST01384,ME,23,True,1.0,2,0.1591582491582491,1,1,0,0,0.1463201352206919,19.109219058791005,Low
CUST01385,WY,225,False,1.0,2,0.2070967741935483,1,1,0,0,0.2594161093670989,18.8990984683579,Low
CUST01386,NY,181,True,0.0,3,0.2007116104868914,1,1,0,0,0.9846542311091442,43.09389410826088,Medium
CUST01387,VT,63,False,2.0,2,0.1717405063291139,1,1,0,0,0.1000324954022864,8.83785489972074,Low
CUST01388,NC,54,True,2.0,2,0.1928571428571428,1,1,0,0,0.7597886387176855,28.486274276068958,Low
CUST01389,MO,80,False,1.0,5,0.1613249211356467,1,1,0,0,0.1679064808991874,9.81544016231638,Low
CUST01390,NC,118,False,1.0,6,0.1362269938650306,1,1,0,0,0.1657890295174723,12.83479839624581,Low
CUST01391,NJ,42,False,2.0,6,0.1649266862170088,1,1,0,0,0.1189404586524405,8.845855909730803,Low
CUST01392,OH,134,False,0.0,7,0.2202580645161289,1,1,0,0,0.1014839381336561,9.73231631891989,Low
CUST01393,TX,66,False,0.0,6,0.2165472312703583,1,1,0,0,0.0652312059218727,7.577673329914379,Low
CUST01394,WA,66,False,2.0,6,0.2206089743589743,1,1,0,0,0.13045465110315,7.815321057168177,Low
CUST01395,TN,127,False,1.0,2,0.1997540983606557,1,1,0,0,0.0888407525815117,12.506447810402548,Low
CUST01396,HI,146,False,0.0,3,0.1917525773195876,1,1,0,0,0.1507386879342249,15.915511594541057,Low
CUST01397,WY,93,False,1.0,1,0.2136643835616438,1,1,0,0,0.1843112271874842,11.555937974850504,Low
CUST01398,CT,77,True,0.0,4,0.2870943396226415,1,1,0,0,0.9254541725031,38.53572948588186,Medium
CUST01399,NM,111,True,3.5,2,0.1712542372881355,1,1,0,0,0.9698746066150982,44.90034759057167,Medium
CUST01400,AL,115,False,2.0,3,0.178561872909699,1,1,0,0,0.0495720323938346,9.549869448514581,Low
CUST01401,MN,115,True,2.0,2,0.1502083333333333,1,1,0,0,0.9568220263753672,35.09384954783752,Medium
CUST01402,NC,114,False,2.0,2,0.238212927756654,1,1,0,0,0.0825491257016138,9.509140133630732,Low
CUST01403,OH,106,False,0.0,3,0.1776119402985074,1,1,0,0,0.1218823531718451,7.979996025008259,Low
CUST01404,CO,59,False,1.0,10,0.1867741935483871,1,1,0,0,0.0642558693524941,13.266049943976252,Low
CUST01405,ND,87,False,1.0,3,0.2290714285714285,1,1,0,0,0.1555449004924131,12.384725948710157,Low
CUST01406,NY,21,False,1.0,1,0.2459090909090909,1,1,0,0,0.1730918660981408,20.987586623940178,Low
CUST01407,WI,142,False,0.0,4,0.2848561151079136,1,1,0,0,0.0494903350639669,14.285530543210612,Low
CUST01408,OR,149,True,3.0,3,0.2839163498098859,1,1,0,0,0.8876700477824894,34.987527934095134,Medium
CUST01409,CO,54,False,2.0,10,0.1781509433962264,1,1,0,0,0.0784680122170212,17.503808539206364,Low
CUST01410,PA,88,False,1.0,1,0.2541949152542373,1,1,0,0,0.0688925917549354,17.155505140098256,Low
CUST01411,IL,85,False,1.0,3,0.1338857142857142,1,1,0,0,0.0516065904336232,11.013521763505372,Low
CUST01412,DE,51,True,0.0,4,0.2053979238754325,1,1,0,0,0.9823941693370064,37.67964768499886,Medium
CUST01413,MO,45,False,2.0,6,0.1806270627062706,1,1,0,0,0.040162580253112,5.608033962665665,Low
CUST01414,OH,146,False,1.0,2,0.2326978417266187,1,1,0,0,0.0717609015976894,7.550190682806027,Low
CUST01415,WI,63,False,1.0,5,0.180188679245283,1,1,0,0,0.0620625748027778,3.8699461541923124,Low
CUST01416,OH,72,False,1.0,3,0.1713355048859934,1,1,0,0,0.0929221838647103,3.7865440721257304,Low
CUST01417,TN,130,False,0.0,6,0.163248407643312,1,1,0,0,0.0906581750914917,14.050631200804018,Low
CUST01418,SD,97,False,1.0,4,0.2045454545454545,1,1,0,0,0.191994626261505,14.14065709299654,Low
CUST01419,NY,54,True,1.0,5,0.2729351535836177,1,1,0,0,0.965639383287602,40.50981167409295,Medium
CUST01420,GA,160,False,1.0,4,0.1648076923076923,1,1,0,0,0.1217235816653599,20.346121463807773,Low
CUST01421,TX,79,False,1.0,4,0.1563375796178343,1,1,0,0,0.0608206554983955,9.387840833173092,Low
CUST01422,WV,92,False,0.0,11,0.1620845921450151,1,1,0,0,0.1986779495694214,18.646432081899903,Low
CUST01423,MI,59,False,1.0,4,0.240034965034965,1,1,0,0,0.0937151651576778,9.350775678846023,Low
CUST01424,ND,132,False,1.0,10,0.1762962962962962,1,1,0,0,0.0398062315949731,19.65827220127243,Low
CUST01425,SD,93,False,2.0,6,0.1823582089552238,1,1,0,0,0.1384099008261565,10.252890433293912,Low
CUST01426,NJ,147,False,3.5,7,0.2245714285714286,1,1,0,0,0.1586825396825396,29.340288936016616,Low
CUST01427,AK,101,False,1.0,5,0.2293165467625899,1,1,0,0,0.1420644544861994,8.481815662641653,Low
CUST01428,CT,125,True,0.0,2,0.1748104956268221,1,1,0,0,0.9353568813066672,34.80788801653772,Medium
CUST01429,CO,63,False,3.0,9,0.2075987841945288,1,1,0,0,0.0898782566421107,16.41887739580497,Low
CUST01430,MD,107,False,0.0,6,0.2000630914826498,1,1,0,0,0.1073170967007099,11.859068771256728,Low
CUST01431,MN,117,False,1.0,2,0.1820238095238095,1,1,0,0,0.1095775890719444,13.729902509401878,Low
CUST01432,KY,124,False,0.0,5,0.1775066312997347,1,1,0,0,0.1397366128938093,15.232983109429002,Low
CUST01433,NH,115,False,3.0,8,0.1552802359882006,1,1,0,0,0.1258086304886072,27.27904154754801,Low
CUST01434,CO,156,False,1.0,3,0.2279012345679012,1,1,0,0,0.3403861951248483,25.839695622114867,Low
CUST01435,KY,89,False,0.0,3,0.1790384615384615,1,1,0,0,0.0495318341295538,15.714407208012766,Low
CUST01436,KY,72,False,0.0,4,0.1531234256926952,1,1,0,0,0.0786131376284975,19.26658608193047,Low
CUST01437,OR,53,False,2.0,3,0.1780263157894737,1,1,0,0,0.0907041629891844,20.850648429127528,Low
CUST01438,SD,116,False,2.0,4,0.1367647058823529,1,1,0,0,0.0755814110891275,11.795935338114573,Low
CUST01439,DE,78,False,3.0,3,0.147007874015748,1,1,0,0,0.1439647130886483,19.39416877831235,Low
CUST01440,NE,56,False,1.0,2,0.1625,1,1,0,0,0.0982063409328478,8.91948593280351,Low
CUST01441,OH,123,False,1.0,7,0.2305775075987842,1,1,0,0,0.1078716629236219,24.980167126895143,Low
CUST01442,AR,116,False,2.0,3,0.2304248366013071,1,1,0,0,0.0697098523745098,14.788030218308576,Low
CUST01443,WI,102,False,3.0,2,0.1600826446280991,1,1,0,0,0.0762631620436756,14.77681650166879,Low
CUST01444,OR,95,False,2.0,6,0.1919736842105263,1,1,0,0,0.0914578498563761,9.179892824330157,Low
CUST01445,VA,102,False,2.0,2,0.2173770491803279,1,1,0,0,0.0908215943819369,12.343055360985081,Low
CUST01446,AR,89,False,1.0,10,0.1889880952380952,1,1,0,0,0.0628513833254994,17.295157534216422,Low
CUST01447,CT,50,False,1.0,6,0.2426440677966101,1,1,0,0,0.256950294306527,30.251998966432314,Low
CUST01448,OH,93,False,3.5,5,0.1947706422018348,1,1,0,0,0.2992472702485282,23.459802193871088,Low
CUST01449,WY,68,False,1.0,11,0.1700552486187845,1,1,0,0,0.0786587622652544,23.107329426942687,Low
CUST01450,IL,70,False,2.0,3,0.2271147540983606,1,1,0,0,0.2231846694271059,14.201267338705842,Low
CUST01451,MO,138,False,0.0,6,0.1926300578034682,1,1,0,0,0.1115082800482121,18.05000028070823,Low
CUST01452,MA,112,False,0.0,3,0.1959119496855345,1,1,0,0,0.0478905323865203,7.033539786969067,Low
CUST01453,NH,117,True,1.0,2,0.1667777777777778,1,1,0,0,0.977021937511286,48.74205216565768,Medium
CUST01454,IA,1,False,1.0,9,0.1608398950131233,1,1,0,0,0.0683520429752558,14.399795978777046,Low
CUST01455,AL,70,False,1.0,4,0.1975490196078431,1,1,0,0,0.1053955353580149,15.617643505690681,Low
CUST01456,WV,52,False,2.0,3,0.1633762057877813,1,1,0,0,0.0384101589656766,14.709311461362692,Low
CUST01457,NV,105,False,2.0,3,0.227704280155642,1,1,0,0,0.0827742009199438,20.91702582283052,Low
CUST01458,SC,77,True,3.5,3,0.190304054054054,1,1,0,0,0.9765964442461408,39.98594238808719,Medium
CUST01459,NC,80,True,2.0,3,0.2011411411411411,1,1,0,0,0.9640347562831066,37.711173391840006,Medium
CUST01460,NH,120,False,1.0,4,0.1801623376623376,1,1,0,0,0.0713478030533426,6.798890847253951,Low
CUST01461,WY,54,False,2.0,8,0.1635873015873016,1,1,0,0,0.0676412542182837,14.356799158732498,Low
CUST01462,FL,148,False,2.0,3,0.1532515337423313,1,1,0,0,0.1208507333008766,14.867111080135913,Low
CUST01463,PA,119,True,2.0,1,0.2520265780730897,1,1,0,0,0.9531436611956172,47.20597681028115,Medium
CUST01464,MO,85,True,3.5,3,0.1510112359550562,1,1,0,0,0.9598772660514064,43.05434025394415,Medium
CUST01465,KS,101,False,1.0,3,0.1489415041782729,1,1,0,0,0.113408682650544,16.94779150981745,Low
CUST01466,KY,172,False,0.0,6,0.2269090909090909,1,1,0,0,0.0962741821825602,16.53797939407541,Low
CUST01467,DE,80,False,1.0,4,0.1892660550458715,1,1,0,0,0.0653773377042636,15.79472009005748,Low
CUST01468,WI,67,False,2.0,5,0.1252159468438538,1,1,0,0,0.0551130893436892,18.88505046431595,Low
CUST01469,CO,86,False,1.0,5,0.2423574144486692,1,1,0,0,0.0677853158745083,16.642628239439013,Low
CUST01470,NM,107,True,1.0,4,0.2299999999999999,1,1,0,0,0.8248524105160437,31.564992412322596,Low
CUST01471,DE,133,False,0.0,7,0.2395364238410595,1,1,0,0,0.2600116744381769,20.81159874964298,Low
CUST01472,IL,116,False,0.0,3,0.1954153846153846,1,1,0,0,0.14256703207988,11.256387466669324,Low
CUST01473,WA,63,False,0.0,7,0.2348829431438127,1,1,0,0,0.2189720333108907,18.8419046027695,Low
CUST01474,MA,119,True,0.0,2,0.1526168224299065,1,1,0,0,0.9736989101377808,36.77124738543866,Medium
CUST01475,OH,133,True,0.0,3,0.2592041522491349,1,1,0,0,0.9758906947619412,39.8327632805619,Medium
CUST01476,TN,94,False,1.0,4,0.2053633217993079,1,1,0,0,0.132141615786295,12.820281922376891,Low
CUST01477,MA,69,False,0.0,5,0.278395061728395,1,1,0,0,0.1205538429988677,13.343880056395369,Low
CUST01478,MI,146,True,3.5,4,0.1582018927444795,1,1,0,0,0.9657339853677308,41.12327445344243,Medium
CUST01479,NH,142,False,0.0,3,0.1990068493150684,1,1,0,0,0.1201031725397228,12.714454936215732,Low
CUST01480,MD,123,False,3.0,2,0.2485171102661597,1,1,0,0,0.1650838289504715,15.823907143274452,Low
CUST01481,MS,101,True,1.0,8,0.2204132231404958,1,1,0,0,0.9676093283521996,48.569745741496675,Medium
CUST01482,AZ,43,False,0.0,5,0.188187134502924,1,1,0,0,0.1116296020519669,10.412734688668568,Low
CUST01483,IN,69,False,0.0,5,0.2150171821305842,1,1,0,0,0.08552853342466,13.460336004576964,Low
CUST01484,NY,15,False,2.0,3,0.2077732793522267,1,1,0,0,0.1880252661643679,21.00455762947305,Low
CUST01485,WV,67,False,2.0,3,0.1653333333333333,1,1,0,0,0.0768398584043114,16.170491681214937,Low
CUST01486,NY,99,False,1.0,7,0.1972695035460992,1,1,0,0,0.120859586925236,6.822101940595256,Low
CUST01487,OK,46,False,1.0,1,0.1475578406169665,1,1,0,0,0.109884999840095,18.18859056020866,Low
CUST01488,NC,55,False,1.0,4,0.1947147147147147,1,1,0,0,0.1265376196482776,7.453614136566119,Low
CUST01489,KY,39,True,1.0,2,0.2235326086956522,1,1,0,0,0.8935900978147903,42.45924401872716,Medium
CUST01490,TX,92,False,2.0,7,0.1312010443864229,1,1,0,0,0.1101220859457753,17.432746256027038,Low
CUST01491,CT,56,True,3.5,1,0.1903071672354948,1,1,0,0,0.6399553371707275,39.28600956663887,Medium
CUST01492,NE,76,True,0.0,2,0.2646488294314381,1,1,0,0,0.980787895201365,41.774385759222085,Medium
CUST01493,HI,132,False,2.0,3,0.2785593220338983,1,1,0,0,0.2291366736335198,15.259662194145923,Low
CUST01494,AK,51,False,2.0,7,0.174314381270903,1,1,0,0,0.277403274523601,20.966263191493915,Low
CUST01495,SD,27,False,1.0,6,0.2416040955631399,1,1,0,0,0.3694974382468354,17.332610004282383,Low
CUST01496,ID,224,False,3.0,6,0.144951768488746,1,1,0,0,0.1126805795633551,23.590535132547842,Low
CUST01497,OK,105,True,0.0,3,0.1566777408637873,1,1,0,0,0.9802879437571425,43.64077746463929,Medium
CUST01498,WA,117,False,2.0,4,0.2346494464944649,1,1,0,0,0.0738829367961534,17.954882053753668,Low
CUST01499,VA,146,False,3.0,2,0.2400760456273764,1,1,0,0,0.1368568965181798,18.749640065977935,Low
CUST01500,WI,147,True,0.0,1,0.1772752808988764,1,1,0,0,0.9796101104817888,43.97943926209389,Medium
CUST01501,IN,68,True,2.0,6,0.2257879656160459,1,1,0,0,0.9672400744857348,40.725963808103074,Medium
CUST01502,NM,68,False,3.0,5,0.1558064516129032,1,1,0,0,0.0728838267803319,10.687462697214107,Low
CUST01503,VT,159,True,2.0,5,0.2429773462783171,1,1,0,0,0.9667064839848344,40.94249268557824,Medium
CUST01504,AZ,134,False,1.0,6,0.178320895522388,1,1,0,0,0.0701062655217311,16.04315364855472,Low
CUST01505,VT,113,False,1.0,1,0.2460498220640569,1,1,0,0,0.1971476253821198,11.889343342313653,Low
CUST01506,MO,132,False,1.0,6,0.1866473988439306,1,1,0,0,0.156185282833785,7.7950246833592125,Low
CUST01507,NJ,93,True,1.0,7,0.1644474393530997,1,1,0,0,0.9884695728291316,44.77528901161691,Medium
CUST01508,WA,174,True,3.5,4,0.175314465408805,1,1,0,0,0.9715555770851952,47.192883254563235,Medium
CUST01509,NY,61,False,2.0,3,0.1883548387096774,1,1,0,0,0.0413029128428127,7.799985772868043,Low
CUST01510,DC,91,False,1.0,4,0.1383280757097791,1,1,0,0,0.0808834431822981,11.34313518359166,Low
CUST01511,NE,88,False,2.0,1,0.1985889570552147,1,1,0,0,0.0589155752558115,6.795972747978271,Low
CUST01512,MA,88,False,2.0,3,0.1200272479564032,1,1,0,0,0.1686119322715098,28.063620268899097,Low
CUST01513,NM,182,False,0.0,4,0.138204334365325,1,1,0,0,0.1084774586753654,21.76369130309136,Low
CUST01514,CO,118,False,3.5,7,0.2713852813852814,1,1,0,0,0.1821718986388667,22.810923212340324,Low
CUST01515,NH,103,True,3.5,8,0.1452617079889807,1,1,0,0,0.9506193063220336,42.37332266672901,Medium
CUST01516,IL,65,False,2.0,4,0.1922968197879858,1,1,0,0,0.0340656316356377,10.472778133069566,Low
CUST01517,UT,61,False,3.0,3,0.1483922829581993,1,1,0,0,0.0814167668258638,13.839167009716412,Low
CUST01518,WV,172,False,1.0,9,0.1971676300578035,1,1,0,0,0.0916917134136245,20.14418941894915,Low
CUST01519,NJ,72,False,1.0,3,0.1714596273291925,1,1,0,0,0.0668695429850152,5.159376131865612,Low
CUST01520,NM,113,False,2.0,3,0.1837060702875399,1,1,0,0,0.0867818953394045,7.156383854442752,Low
CUST01521,NM,67,False,1.0,6,0.2097734627831715,1,1,0,0,0.1328079535583519,6.098257294808438,Low
CUST01522,DE,136,False,3.0,6,0.1313069908814589,1,1,0,0,0.0963143487170738,14.87250052062895,Low
CUST01523,GA,71,False,3.5,8,0.1894219653179191,1,1,0,0,0.200755075892002,26.57169162971112,Low
CUST01524,HI,134,False,1.0,6,0.1981215469613259,1,1,0,0,0.1440932050572117,17.71659527881577,Low
CUST01525,NJ,84,False,2.0,6,0.1792592592592592,1,1,0,0,0.1202354445402871,11.702530090441892,Low
CUST01526,ME,39,False,2.0,4,0.1764102564102564,1,1,0,0,0.1029160438327781,4.502498085902033,Low
CUST01527,OK,110,False,3.0,3,0.1619871794871794,1,1,0,0,0.08790981429806,26.296240098907237,Low
CUST01528,TN,102,False,1.0,5,0.1698648648648648,1,1,0,0,0.0931209312713186,16.132425792923073,Low
CUST01529,WY,70,False,0.0,4,0.1617777777777777,1,1,0,0,0.0910149159965439,11.790574012417784,Low
CUST01530,NY,142,False,1.0,1,0.1911805555555555,1,1,0,0,0.0971419940581297,6.589330385334502,Low
CUST01531,RI,17,False,1.0,5,0.1973650793650793,1,1,0,0,0.1257296343117538,11.917882976572834,Low
CUST01532,PA,119,True,1.0,2,0.3039615384615384,1,1,0,1,0.976664456859067,69.66294493377539,High
CUST01533,MD,108,True,3.0,5,0.1683168316831683,1,1,0,0,0.9654952365593285,42.13074006025693,Medium
CUST01534,VA,90,False,2.0,3,0.1070555555555555,1,1,0,0,0.1137923192060944,16.13202347633028,Low
CUST01535,IN,100,False,1.0,4,0.1574254742547425,1,1,0,0,0.0761222836045752,17.543233801423604,Low
CUST01536,OR,155,False,1.0,6,0.1908582089552239,1,1,0,0,0.0406812257240385,10.285293047894047,Low
CUST01537,AZ,113,True,2.0,4,0.1688562091503267,1,1,0,0,0.5491197048511555,26.680299647045512,Low
CUST01538,WI,123,False,1.0,4,0.2076923076923077,1,1,0,0,0.0729378558783524,5.247715223264336,Low
CUST01539,VA,145,False,1.0,3,0.1713505747126436,1,1,0,0,0.0825293395461428,16.505872225746476,Low
CUST01540,MO,42,False,2.0,3,0.2222807017543859,1,1,0,0,0.1109576787040553,6.920505215389136,Low
CUST01541,NV,125,False,0.0,7,0.1884590163934426,1,1,0,0,0.1039976386027381,8.177058413754802,Low
CUST01542,HI,131,False,1.0,3,0.2008904109589041,1,1,0,0,0.0791519968175981,7.889365147040908,Low
CUST01543,WA,107,False,1.0,3,0.2888983050847457,1,1,0,0,0.1620719158712397,18.860142830969973,Low
CUST01544,IL,48,False,1.0,5,0.2214285714285714,1,1,0,0,0.0861016955520092,16.719882139457038,Low
CUST01545,IL,76,False,0.0,4,0.2072333333333333,1,1,0,0,0.1062020042920422,7.060537628962282,Low
CUST01546,LA,128,False,1.0,2,0.181131498470948,1,1,0,0,0.089583010071099,9.255817049549664,Low
CUST01547,WI,73,False,0.0,8,0.2076632302405498,1,1,0,0,0.0897785030152907,11.893498048369972,Low
CUST01548,TX,52,True,3.5,4,0.1572847682119205,1,1,0,0,0.9805072203427876,41.55209681054821,Medium
CUST01549,NC,124,False,1.0,6,0.1771471471471471,1,1,0,0,0.0897809552469192,13.465500344369294,Low
CUST01550,WA,137,False,0.0,5,0.1904788732394366,1,1,0,0,0.1187993754735835,10.17194061341082,Low
CUST01551,MS,107,False,3.0,4,0.2412451361867704,1,1,0,0,0.0564920463792444,9.717176415999889,Low
CUST01552,KY,147,False,1.0,2,0.222140350877193,1,1,0,0,0.0775327108465884,6.462563121650734,Low
CUST01553,RI,116,False,3.0,2,0.1495454545454545,1,1,0,0,0.0665417731020416,18.759194943307968,Low
CUST01554,NY,60,False,2.0,3,0.2467272727272727,1,1,0,0,0.0916970122671628,18.068254179799194,Low
CUST01555,TX,38,False,0.0,11,0.1526642335766423,1,-1,0,0,0.1074712452716134,27.82386199585159,Low
CUST01556,DE,63,False,3.0,4,0.17375,1,1,0,0,0.0693916162633177,10.874753762364353,Low
CUST01557,NM,94,False,3.0,3,0.1627914110429448,1,1,0,0,0.1583481306206916,21.277078367065844,Low
CUST01558,RI,131,False,0.0,5,0.1261281337047353,1,1,0,0,0.1635164698592199,15.565421423598325,Low
CUST01559,MS,158,False,1.0,6,0.193097643097643,1,1,0,0,0.0798321818024195,2.7556120231758507,Low
CUST01560,NY,139,True,1.0,2,0.2000297619047618,1,1,0,0,0.17256117648518,9.622180915148922,Low
CUST01561,WI,140,False,3.0,10,0.1706410256410256,1,1,0,0,0.1252983740992172,19.49866571359692,Low
CUST01562,SD,52,False,1.0,2,0.183864406779661,1,1,0,0,0.1343294863375558,17.987446719675752,Low
CUST01563,VA,103,False,3.5,3,0.18596875,1,1,0,0,0.4147303996619367,25.0182660370592,Low
CUST01564,CO,85,False,3.5,1,0.2573244147157191,-1,1,0,0,0.2715249227038033,33.35796728068723,Medium
CUST01565,WA,71,False,2.0,2,0.1563175675675675,1,1,0,0,0.0550944283688351,13.910908081251971,Low
CUST01566,NV,177,False,1.0,2,0.232312925170068,1,1,0,0,0.0623797261273926,5.69537551500289,Low
CUST01567,SC,49,True,2.0,6,0.2308580858085808,1,1,0,0,0.9708601137634096,43.87951041864354,Medium
CUST01568,RI,106,True,3.0,3,0.2398799999999999,1,1,0,0,0.9789259869694178,41.68900970354098,Medium
CUST01569,ID,60,False,1.0,3,0.258663967611336,1,1,0,0,0.1003352204643094,14.22194854891877,Low
CUST01570,KY,43,False,3.5,2,0.2,1,-1,0,0,0.2373574843453837,32.29399746969888,Low
CUST01571,SD,125,False,0.0,4,0.2431906614785992,1,1,0,0,0.0795764284847159,17.54123133335398,Low
CUST01572,SC,114,False,3.0,3,0.2066544117647058,1,1,0,0,0.0822787988099389,8.064454792713724,Low
CUST01573,TN,112,True,3.0,5,0.2472435897435897,1,1,0,0,0.9656691358203962,51.71766249395229,Medium
CUST01574,MT,101,False,2.0,5,0.1536307692307692,1,1,0,0,0.0882531457988112,8.397805724248512,Low
CUST01575,WI,70,False,0.0,1,0.1018315018315018,1,1,0,0,0.0798099610581215,27.241367598210736,Low
CUST01576,AK,59,False,0.0,4,0.1529483282674772,1,1,0,0,0.0720848918937555,7.4027264492622935,Low
CUST01577,AZ,59,False,1.0,2,0.1816778523489933,1,1,0,0,0.1041403615567516,10.937623397847961,Low
CUST01578,DE,99,False,2.0,4,0.1763492063492063,1,1,0,0,0.160685676462364,9.88506931283485,Low
CUST01579,VA,150,False,1.0,3,0.185632911392405,1,1,0,0,0.1000446634085704,6.316376249643232,Low
CUST01580,MA,81,False,2.0,3,0.2265543071161048,1,1,0,0,0.0626000664974547,9.520735869058996,Low
CUST01581,IN,86,False,0.0,3,0.2456643356643356,1,1,0,0,0.2036001002436518,25.5694321463451,Low
CUST01582,MD,84,False,0.0,7,0.1853932584269663,1,1,0,0,0.0403673673235013,15.542822201795198,Low
CUST01583,NV,118,False,1.0,1,0.2298240469208211,1,1,0,0,0.0843614946702514,15.585056538114644,Low
CUST01584,CO,89,False,1.0,3,0.1936443148688046,1,1,0,0,0.1471217203239415,14.944234037051467,Low
CUST01585,KS,93,False,3.0,6,0.2464468864468864,1,1,0,0,0.1598012265487947,25.15389444442687,Low
CUST01586,AR,85,False,2.0,3,0.1528621908127208,1,1,0,0,0.1100325753701138,9.403767665446628,Low
CUST01587,WY,160,False,0.0,9,0.1485036496350364,1,1,0,0,0.1381664954725105,25.78888333835161,Low
CUST01588,PA,28,False,3.0,3,0.1827210884353741,1,1,0,0,0.0753907195206514,6.714264213222516,Low
CUST01589,TX,73,True,1.0,14,0.2233040935672514,-1,-1,1,1,0.9640082730587128,86.11490052944792,High
CUST01590,NY,156,False,3.0,5,0.1819519519519519,1,1,0,0,0.1288828683250615,12.978252040187305,Low
CUST01591,OR,33,False,1.0,6,0.1682080924855491,1,1,0,0,0.1876746446057399,12.71175733624158,Low
CUST01592,CA,77,False,3.5,3,0.2360486891385767,1,1,0,0,0.2349368629051235,28.801084552744776,Low
CUST01593,NY,119,False,1.0,7,0.1834982332155477,1,1,0,0,0.1000420983975365,7.409089466455805,Low
CUST01594,AR,91,False,3.0,2,0.2109523809523809,1,1,0,0,0.0650556893420647,12.915885517130258,Low
CUST01595,MI,102,False,3.0,6,0.2340131578947368,1,1,0,0,0.2322646410489154,21.962457982979444,Low
CUST01596,OK,86,False,3.0,4,0.2219805194805194,1,1,0,0,0.0364687121959717,13.838737953275166,Low
CUST01597,TX,82,False,0.0,4,0.1567752442996742,1,1,0,0,0.1172237825246508,9.573483407540337,Low
CUST01598,NC,89,False,0.0,7,0.1232697547683923,1,-1,0,0,0.1969863584814673,30.090315365341606,Low
CUST01599,ID,86,False,3.0,7,0.1877089783281733,1,1,0,0,0.0943084648180742,9.799992090807466,Low
CUST01600,OR,92,False,2.0,2,0.2199264705882352,1,1,0,0,0.0943809041568093,6.498627094068145,Low
CUST01601,SD,87,False,3.0,3,0.2047349823321555,1,1,0,0,0.0910998563620513,10.84960046962038,Low
CUST01602,NE,64,False,0.0,4,0.2323103448275862,1,1,0,0,0.2624491271683626,24.826588892906166,Low
CUST01603,RI,80,False,3.0,5,0.2218211920529801,1,1,0,0,0.1506075849116195,14.183211694371453,Low
CUST01604,MD,165,False,3.0,4,0.1678395061728395,1,1,0,0,0.1629975303859226,9.211703371845509,Low
CUST01605,ID,153,False,1.0,11,0.1879256965944272,1,1,0,0,0.0667552811636819,13.249786832975053,Low
CUST01606,SD,108,False,2.0,1,0.2640959409594096,1,1,0,0,0.3049513815492143,27.01509136824213,Low
CUST01607,NY,104,False,1.0,4,0.1869716088328075,1,1,0,0,0.0684279609335669,2.052838828007007,Low
CUST01608,DE,115,False,1.0,7,0.187109375,1,1,0,0,0.1064699895216295,11.36071902000023,Low
CUST01609,OK,87,False,1.0,3,0.1813398692810457,1,1,0,0,0.0802145901411051,13.580680638299606,Low
CUST01610,IN,119,False,2.0,3,0.1496978021978022,1,1,0,0,0.1351139119059336,17.130527921695872,Low
CUST01611,NV,69,False,1.0,6,0.173502994011976,1,1,0,0,0.1074789156618433,11.031908500806125,Low
CUST01612,SD,93,True,1.0,3,0.2699679487179486,1,1,0,0,0.9490736191221488,48.38858581191256,Medium
CUST01613,OK,154,True,0.0,10,0.1672699386503067,1,1,0,0,0.9724207116645984,50.58401695220751,Medium
CUST01614,KS,57,False,1.0,1,0.2205177993527508,1,1,0,0,0.0782824675202941,13.810732073110751,Low
CUST01615,IA,130,False,3.5,9,0.1814012738853503,1,1,0,0,0.4031802236804468,27.768807058992163,Low
CUST01616,NJ,151,False,2.0,10,0.2128787878787879,1,-1,0,0,0.2147595189004913,29.628035949620678,Low
CUST01617,NJ,162,True,2.0,4,0.3295154185022026,1,1,0,1,0.8486204164137273,67.43957127999218,High
CUST01618,MT,60,False,1.0,2,0.1803539823008849,1,1,0,0,0.1025932261144544,20.7640511330738,Low
CUST01619,IA,81,False,3.0,3,0.3066810344827586,1,1,0,1,0.1812048108046131,48.956139521873325,Medium
CUST01620,TX,136,True,1.0,8,0.2480996884735202,1,1,0,0,0.979131408057332,39.53513819748967,Medium
CUST01621,MS,121,False,1.0,2,0.1602839116719243,1,1,0,0,0.095636140654513,9.179184994854708,Low
CUST01622,IA,105,False,2.0,1,0.1266288951841359,1,1,0,0,0.0743475415191468,22.475470259437504,Low
CUST01623,WI,105,False,2.0,4,0.2617355371900826,1,1,0,0,0.0916223653619222,11.69837054348866,Low
CUST01624,MT,51,False,1.0,8,0.2872373540856031,1,1,0,0,0.0682271153941181,14.788524880430456,Low
CUST01625,GA,64,False,3.0,5,0.1482484076433121,1,1,0,0,0.0909553268829716,14.651185523085969,Low
CUST01626,MT,80,False,0.0,10,0.1584383561643835,1,1,0,0,0.1765548562730989,18.032802779833812,Low
CUST01627,ND,56,False,3.5,4,0.2176874999999999,1,1,0,0,0.4005500132163568,33.95065548676466,Medium
CUST01628,VT,120,False,1.0,5,0.1807096774193548,1,1,0,0,0.1075302685383894,6.3502176825757015,Low
CUST01629,SD,103,False,3.0,4,0.1888724035608308,1,1,0,0,0.1133135760226932,9.970858168472493,Low
CUST01630,OH,164,False,3.0,9,0.1568945868945869,1,1,0,0,0.0693387954760947,14.083589910186067,Low
CUST01631,OH,116,False,2.0,2,0.2304676258992805,1,1,0,0,0.0728508542076371,11.22735836634628,Low
CUST01632,MT,121,False,1.0,4,0.1977740863787375,1,1,0,0,0.061844279152129,10.360945184835746,Low
CUST01633,NV,183,False,2.0,6,0.1561180124223602,1,1,0,0,0.1721486870060362,10.275804824025114,Low
CUST01634,UT,104,False,0.0,4,0.1980978260869565,1,1,0,0,0.4261537776903578,32.75625972238699,Low
CUST01635,NH,90,False,1.0,2,0.1508562691131498,1,1,0,0,0.0479302162283578,11.725346990551094,Low
CUST01636,LA,82,False,1.0,3,0.1879310344827586,1,1,0,0,0.0387723142282181,9.337753268481357,Low
CUST01637,NY,9,False,2.0,3,0.148469387755102,1,1,0,0,0.1001466861242781,12.134902106366733,Low
CUST01638,CT,97,False,0.0,9,0.2777946768060836,1,1,0,0,0.1897008221317503,21.91817856975458,Low
CUST01639,MI,127,False,0.0,5,0.2516304347826086,1,1,0,0,0.0377438441857966,16.782841775416106,Low
CUST01640,SD,125,False,0.0,3,0.2233538461538462,1,1,0,0,0.0703942444932028,13.849415068347243,Low
CUST01641,ME,140,False,1.0,4,0.1899393939393939,1,1,0,0,0.1589077157425099,7.294442905906724,Low
CUST01642,MD,90,False,2.0,5,0.1138974358974358,1,1,0,0,0.0661175679345256,18.96629399257833,Low
CUST01643,VA,67,False,2.0,3,0.2096911196911197,1,1,0,0,0.1200712334063701,9.84687503591852,Low
CUST01644,NJ,113,False,1.0,6,0.2479919678714859,1,1,0,0,0.0883073082473813,12.982591491033075,Low
CUST01645,TN,121,False,0.0,5,0.2096103896103896,1,1,0,0,0.117197222284037,15.954830400210746,Low
CUST01646,DC,93,False,3.5,3,0.2065942028985507,1,1,0,0,0.5448297147457891,23.84690187873169,Low
CUST01647,DC,121,False,1.0,4,0.1820143884892086,1,1,0,0,0.0477686501252663,14.116655189637683,Low
CUST01648,OR,53,True,0.0,2,0.2257100591715976,1,1,0,0,0.9617316159787528,38.880765306517084,Medium
CUST01649,RI,75,False,1.0,5,0.2056338028169014,1,1,0,0,0.0706383098864685,8.021616385795445,Low
CUST01650,AK,132,False,2.0,9,0.2179374999999999,1,-1,0,0,0.1318714450625428,28.398328673539098,Low
CUST01651,WI,162,False,3.0,6,0.1398559077809798,1,1,0,0,0.080775855100108,19.440930627259558,Low
CUST01652,IN,140,False,1.0,4,0.1792105263157894,1,1,0,0,0.1161530783156667,5.078039106855077,Low
CUST01653,MI,91,False,2.0,5,0.1722941176470588,1,1,0,0,0.1213718728989989,15.466771656889854,Low
CUST01654,ID,73,False,2.0,1,0.1536486486486486,1,1,0,0,0.037538432301073,13.920329754232629,Low
CUST01655,NH,95,True,3.5,2,0.2224159021406728,1,1,0,0,0.7554030577265871,38.37010984922098,Medium
CUST01656,MN,145,False,0.0,3,0.1891460055096419,1,1,0,0,0.1658112647719322,23.708006121731206,Low
CUST01657,AZ,100,False,1.0,4,0.1549999999999999,1,1,0,0,0.043529076339324,22.02402644970837,Low
CUST01658,MN,122,False,2.0,9,0.222,1,1,0,0,0.3340723634737224,20.905426602391763,Low
CUST01659,MO,109,False,0.0,5,0.2770943396226414,1,1,0,0,0.1688525673895969,20.711357281964247,Low
CUST01660,AL,82,False,1.0,7,0.1543962848297213,1,1,0,0,0.0978175203842939,14.271794517555819,Low
CUST01661,PA,65,False,0.0,4,0.2347719298245614,1,1,0,0,0.0393513298691374,7.2313536687613045,Low
CUST01662,AK,52,False,3.0,6,0.1834191176470588,1,1,0,0,0.0677046543635514,10.590482751303155,Low
CUST01663,MS,136,False,2.0,5,0.1983216783216783,1,1,0,0,0.0994486244412283,6.938636682877474,Low
CUST01664,IA,75,False,1.0,7,0.1610130718954248,1,1,0,0,0.0481991869317009,5.594466078469955,Low
CUST01665,WY,146,False,1.0,2,0.2200401606425703,1,1,0,0,0.1561687756856657,17.007235379852894,Low
CUST01666,NE,105,False,3.5,8,0.1845253164556962,1,1,0,0,0.5082428800907275,24.878942028154956,Low
CUST01667,ND,48,False,2.0,3,0.2235211267605634,1,1,0,0,0.067268425068738,16.7559214246781,Low
CUST01668,CT,45,False,1.0,7,0.2145999999999999,1,1,0,0,0.0849713475543439,12.529489087571271,Low
CUST01669,NC,106,False,2.0,5,0.2253020134228188,1,1,0,0,0.092948517240502,7.512370316959576,Low
CUST01670,CT,33,False,2.0,2,0.2428571428571428,1,1,0,0,0.0563240438024744,11.946347197013289,Low
CUST01671,WA,106,False,0.0,3,0.2503100775193798,1,1,0,0,0.121314098925322,12.934149250679926,Low
CUST01672,NV,141,False,0.0,6,0.199055944055944,1,1,0,0,0.0658848447534606,8.018080091635346,Low
CUST01673,KS,94,False,0.0,4,0.222377358490566,1,1,0,0,0.0510172123395233,25.021484903432995,Low
CUST01674,CO,65,False,2.0,4,0.1963405797101449,1,1,0,0,0.1094933106039425,13.467335408085845,Low
CUST01675,MO,85,False,1.0,4,0.1654005934718101,1,1,0,0,0.1046114070322603,8.200308500801157,Low
CUST01676,MA,71,True,3.0,5,0.2583987915407854,1,1,0,0,0.9852518310890372,46.640108244259125,Medium
CUST01677,NY,112,False,0.0,7,0.1078412698412698,1,1,0,0,0.0459020706040566,24.226314565277683,Low
CUST01678,AK,110,False,0.0,6,0.1732131147540983,1,1,0,0,0.0796642102526421,9.777394876863239,Low
CUST01679,WI,111,False,2.0,3,0.2401672240802675,1,1,0,0,0.3145757003537972,15.715481186061025,Low
CUST01680,NH,74,True,2.0,4,0.2633881578947368,1,1,0,0,0.9524419612564012,41.42391918891126,Medium
CUST01681,TN,105,False,2.0,4,0.1698154981549815,1,1,0,0,0.1330978511341772,11.534245680262673,Low
CUST01682,NY,40,False,0.0,7,0.259375,1,1,0,0,0.2829365645447502,18.68955474368589,Low
CUST01683,GA,128,True,0.0,2,0.2149999999999999,1,1,0,0,0.855412835249042,34.79387956408179,Medium
CUST01684,MN,123,True,2.0,6,0.2496078431372549,1,1,0,0,0.9670523192550746,40.41931398117984,Medium
CUST01685,MI,122,False,0.0,4,0.2092857142857142,1,1,0,0,0.1179970611978825,10.32334587048597,Low
CUST01686,ID,114,False,3.0,1,0.1783229813664596,1,1,0,0,0.0760434220445959,12.630115745547545,Low
CUST01687,CT,102,False,2.0,6,0.175886524822695,1,1,0,0,0.0571764494333292,4.852747045644098,Low
CUST01688,NC,126,False,0.0,1,0.1765543071161048,-1,1,0,0,0.1510011679756348,32.02614012561283,Low
CUST01689,LA,150,True,3.5,2,0.1888644688644688,1,1,0,0,0.9742394317593612,40.698491115973944,Medium
CUST01690,NJ,60,True,2.0,4,0.2874662162162162,1,1,0,0,0.985729250024282,43.83549986983226,Medium
CUST01691,CA,138,True,0.0,1,0.1941666666666666,1,1,0,0,0.849616658108802,41.964403231161086,Medium
CUST01692,MD,29,False,1.0,4,0.2309745762711864,1,1,0,0,0.053345413643077,15.859492220867041,Low
CUST01693,WY,111,False,3.5,7,0.1889520958083832,1,1,0,0,0.2157684835605465,17.72081265126864,Low
CUST01694,TX,37,True,0.0,1,0.1888562091503268,1,1,0,0,0.945894986324344,35.5865511859563,Medium
CUST01695,UT,81,False,1.0,3,0.2257307692307692,1,1,0,0,0.1439398910554215,9.982907622544857,Low
CUST01696,WA,46,False,1.0,2,0.163993288590604,1,1,0,0,0.1361110437742365,17.92486070979288,Low
CUST01697,OH,125,False,1.0,3,0.1510357142857142,1,1,0,0,0.1309764773381035,14.248409936409157,Low
CUST01698,KS,43,False,3.0,3,0.1119488817891373,1,1,0,0,0.1037505268105926,25.622386447725166,Low
CUST01699,IN,94,False,1.0,6,0.227484076433121,1,1,0,0,0.2594204982718799,13.85613601130847,Low
CUST01700,VT,46,False,3.0,5,0.2308333333333333,1,1,0,0,0.0964950820639606,9.017521870100026,Low
CUST01701,MT,73,False,2.0,6,0.1484175084175084,1,1,0,0,0.0320558943553583,8.011311026341314,Low
CUST01702,CT,146,False,2.0,4,0.1699721448467966,1,1,0,0,0.0662020787751502,15.455904760936068,Low
CUST01703,NM,93,False,1.0,10,0.249828178694158,1,1,0,0,0.4362767350788565,26.317841709540357,Low
CUST01704,OH,52,False,1.0,4,0.2065413533834586,1,1,0,0,0.0328044251471411,4.641608136287126,Low
CUST01705,GA,202,False,3.0,3,0.1386687306501548,1,1,0,0,0.1118256716471066,22.023288353827656,Low
CUST01706,MN,129,False,2.0,8,0.2231228070175438,1,1,0,0,0.0904331624744882,7.607249559250184,Low
CUST01707,CT,94,False,1.0,1,0.2894979079497908,1,1,0,0,0.2258355887366187,23.766481557018455,Low
CUST01708,AL,100,False,0.0,2,0.1586647727272727,1,1,0,0,0.1563913176676078,14.69705104084058,Low
CUST01709,WV,43,False,1.0,7,0.2337919463087248,1,1,0,0,0.078509465789173,8.871870282088386,Low
CUST01710,NH,130,False,0.0,3,0.2055339805825242,1,1,0,0,0.1699611778035848,8.880509716855883,Low
CUST01711,WY,124,False,3.0,1,0.1871929824561403,1,1,0,0,0.1172719790212746,13.284482425184171,Low
CUST01712,VA,92,True,3.0,5,0.2305421686746987,1,1,0,0,0.94165908388561,40.08206762140081,Medium
CUST01713,VT,48,False,3.5,5,0.2166304347826086,1,1,0,0,0.4065383454527144,30.97652626601675,Low
CUST01714,OH,98,False,2.0,3,0.1588328075709779,1,1,0,0,0.0639290747027897,10.726256904906016,Low
CUST01715,MT,100,True,1.0,3,0.1349085365853658,1,1,0,0,0.6003427856679218,28.970061187242575,Low
CUST01716,MA,79,False,3.0,5,0.1599342105263158,1,1,0,0,0.0450575857595788,7.508022524654913,Low
CUST01717,VA,164,False,1.0,2,0.1905761316872427,1,1,0,0,0.1209793044639231,12.695790587407204,Low
CUST01718,AR,89,False,0.0,4,0.1804559270516717,1,1,0,0,0.1290789098253683,11.008937915746376,Low
CUST01719,NE,126,True,3.0,4,0.2522333333333333,1,1,0,0,0.9457572376420574,39.046981399689344,Medium
CUST01720,WY,96,False,1.0,7,0.207069597069597,1,1,0,0,0.1270552541129684,8.646728326333402,Low
CUST01721,IA,120,False,0.0,5,0.2866923076923076,1,1,0,0,0.0664226963724335,20.217011121065198,Low
CUST01722,SC,212,True,2.0,4,0.2192485549132948,1,1,0,0,0.935367940064531,43.68855628692325,Medium
CUST01723,NC,72,False,2.0,6,0.1598101265822784,1,1,0,0,0.061347405284954,8.732026031041798,Low
CUST01724,HI,155,False,1.0,3,0.1708928571428571,1,1,0,0,0.1922750598534183,12.033394749272164,Low
CUST01725,UT,89,False,2.0,4,0.1391578947368421,1,1,0,0,0.1085448794839494,16.041714666778116,Low
CUST01726,WY,126,False,2.0,8,0.2021714285714285,1,1,0,0,0.1260413199424515,15.072710000706257,Low
CUST01727,AL,172,True,2.0,5,0.2438819875776397,1,1,0,0,0.97885439198437,39.16282059200411,Medium
CUST01728,WI,143,False,2.0,2,0.17003003003003,1,1,0,0,0.075319792769272,10.156899389814797,Low
CUST01729,FL,166,True,0.0,3,0.1574647887323943,1,1,0,0,0.973465520761856,49.97566490307409,Medium
CUST01730,KS,132,False,1.0,2,0.1948475609756097,1,1,0,0,0.112815149862057,9.281966993481188,Low
CUST01731,NV,94,True,1.0,1,0.1945487364620938,1,1,0,0,0.97943487582515,49.33773032917743,Medium
CUST01732,NY,99,False,0.0,5,0.219765625,1,1,0,0,0.0920274418280529,13.888890599269278,Low
CUST01733,VA,136,False,1.0,4,0.2294249201277955,1,1,0,0,0.1603665496003627,13.807339141856911,Low
CUST01734,KS,119,False,1.0,10,0.239543973941368,1,1,0,0,0.4140015457633337,26.614432372790635,Low
CUST01735,NC,115,True,3.0,1,0.2596043165467626,1,1,0,0,0.9916357488407452,47.59330798987169,Medium
CUST01736,MO,160,False,2.0,3,0.192257053291536,1,1,0,0,0.1331648555617481,8.012869079425203,Low
CUST01737,ND,166,False,2.0,2,0.2222145328719723,1,1,0,0,0.0757247535441478,8.164050386536609,Low
CUST01738,CA,120,False,1.0,8,0.1665930599369085,1,1,0,0,0.0672312959806114,10.87631658866726,Low
CUST01739,WV,173,False,1.0,3,0.1541242937853107,1,1,0,0,0.0539177446247652,11.844118278973607,Low
CUST01740,IL,156,False,0.0,2,0.2231970260223048,1,1,0,0,0.1169643153359974,11.17790823555191,Low
CUST01741,NY,70,False,0.0,4,0.2090491803278688,1,1,0,0,0.127880260780586,11.814738884481416,Low
CUST01742,NV,41,False,1.0,1,0.1890251572327044,1,1,0,0,0.0740721586043299,10.943886884594134,Low
CUST01743,AL,132,False,0.0,4,0.2453053435114504,1,1,0,0,0.1102943836684118,9.674442845180184,Low
CUST01744,KS,47,True,0.0,7,0.0976878612716763,1,1,0,0,0.9736628225054856,54.17799406263282,Medium
CUST01745,ND,160,False,1.0,5,0.1301030927835051,1,1,0,0,0.0739247822293528,11.210113893225866,Low
CUST01746,OK,180,False,3.0,5,0.1590595611285266,1,1,0,0,0.1451408532926137,10.575811194486462,Low
CUST01747,UT,93,False,2.0,4,0.2226717557251908,1,1,0,0,0.1042037995126247,9.25336699100625,Low
CUST01748,OH,109,False,2.0,1,0.221505376344086,1,1,0,0,0.0913663477846039,19.564717792021995,Low
CUST01749,WY,80,False,0.0,5,0.1539677419354838,1,1,0,0,0.0780795991828871,19.013680518798353,Low
CUST01750,NM,54,False,2.0,3,0.1288961038961039,1,1,0,0,0.0501906775250992,15.402363729054292,Low
CUST01751,AL,121,False,2.0,7,0.1535840707964601,-1,1,0,0,0.0615128386897617,27.866198259511556,Low
CUST01752,DC,157,False,1.0,5,0.2026426426426426,1,1,0,0,0.1213859456432552,11.293362216430989,Low
CUST01753,ID,170,False,0.0,4,0.198060606060606,1,1,0,0,0.1529691006200798,12.326077742563099,Low
CUST01754,AR,138,False,3.0,6,0.1751873198847262,1,1,0,0,0.1126528503267878,22.005209742696575,Low
CUST01755,ID,92,False,1.0,5,0.2164900662251655,1,1,0,0,0.0548820008344748,5.232614092468299,Low
CUST01756,WA,167,True,3.5,4,0.1886,1,1,0,0,0.5830591475551814,30.06792003115477,Low
CUST01757,UT,91,False,2.0,4,0.1937261146496815,1,1,0,0,0.1014567000283786,17.697982801019368,Low
CUST01758,RI,127,False,3.0,4,0.1306645569620253,1,1,0,0,0.1410569206098325,18.720041134463877,Low
CUST01759,NC,88,False,1.0,1,0.1608580858085808,1,1,0,0,0.0729113684375454,10.71853407271133,Low
CUST01760,TX,123,False,2.0,2,0.2709665427509293,1,1,0,0,0.6112900903514751,26.888529348089605,Low
CUST01761,DE,136,False,2.0,3,0.1636206896551724,1,1,0,0,0.1235431873715289,13.373002429860502,Low
CUST01762,MS,68,False,1.0,10,0.1784768211920529,1,1,0,0,0.0627330115151166,15.20732507506496,Low
CUST01763,OH,132,False,0.0,4,0.2704545454545454,1,1,0,0,0.0950045388040859,20.22213622457405,Low
CUST01764,LA,133,False,2.0,1,0.2200168918918918,-1,1,0,0,0.1034000339841198,29.710342824173313,Low
CUST01765,FL,127,False,0.0,5,0.1878448275862069,-1,1,0,0,0.1635200248822124,35.45266966676302,Medium
CUST01766,WV,121,False,1.0,6,0.1828571428571428,1,1,0,0,0.1402290825298933,20.575618648211325,Low
CUST01767,NY,116,False,2.0,3,0.1189502762430939,1,1,0,0,0.1515919325811613,22.771713407752763,Low
CUST01768,PA,97,True,3.5,2,0.1994654088050314,1,1,0,0,0.9839891106191776,42.79017770445907,Medium
CUST01769,MS,43,False,2.0,3,0.1245623342175066,1,1,0,0,0.0694500682923667,19.32382452812775,Low
CUST01770,IN,110,False,3.0,8,0.1450852272727272,1,1,0,0,0.0803224303093709,13.34862656688781,Low
CUST01771,VA,67,False,1.0,4,0.1631967213114754,1,1,0,0,0.1146717960997894,10.067106916176092,Low
CUST01772,MN,166,False,0.0,5,0.1441389728096676,1,1,0,0,0.1193688895934792,11.714879291977748,Low
CUST01773,DE,129,False,1.0,3,0.1816975308641975,1,1,0,0,0.1124210471602232,4.593338268910448,Low
CUST01774,OR,103,False,3.0,3,0.1846886446886446,1,1,0,0,0.1880276235585961,16.38102647772375,Low
CUST01775,UT,71,True,0.0,7,0.291865671641791,1,1,0,1,0.9658579895638236,76.5028722898218,High
CUST01776,CT,112,False,3.5,3,0.2067283950617283,1,1,0,0,0.1615903832093209,12.192434912873406,Low
CUST01777,AL,8,False,1.0,12,0.242910447761194,-1,-1,1,1,0.1402389645693659,66.068477463234,High
CUST01778,TX,98,True,0.0,2,0.2806367041198501,1,1,0,0,0.8796996602464945,42.06438949975446,Medium
CUST01779,CT,90,False,1.0,7,0.1815211267605633,1,1,0,0,0.0999691467667987,14.408522324035761,Low
CUST01780,MS,13,True,0.0,3,0.2628476821192053,1,1,0,0,0.947027187428597,47.933767039390226,Medium
CUST01781,AR,58,False,2.0,3,0.2406382978723404,1,1,0,0,0.2409945999820504,12.453381156312913,Low
CUST01782,CA,137,False,2.0,5,0.1890645161290322,1,1,0,0,0.1496894600735961,20.629697231821716,Low
CUST01783,MI,116,True,3.5,5,0.1868976897689769,1,1,0,0,0.9587409263673632,40.32029956958003,Medium
CUST01784,WV,94,False,3.0,4,0.1393639575971731,1,1,0,0,0.0462317118972079,13.400791991831168,Low
CUST01785,DE,87,False,3.0,7,0.2311439114391144,1,1,0,0,0.1347490541150187,13.356463771851502,Low
CUST01786,FL,120,False,2.0,6,0.2246415094339622,1,1,0,0,0.1021885453676975,8.006406852222874,Low
CUST01787,AK,97,False,0.0,9,0.2009215017064846,1,1,0,0,0.0407596651038651,13.251329118550457,Low
CUST01788,ID,134,False,3.5,4,0.1906644518272425,1,1,0,0,0.3078831452254528,17.84144709575334,Low
CUST01789,OH,68,False,2.0,5,0.2124786324786324,1,1,0,0,0.0552086410726819,18.383078404154176,Low
CUST01790,NH,93,False,1.0,5,0.2437848605577689,1,1,0,0,0.0974651489836058,8.44323022667752,Low
CUST01791,MA,120,False,1.0,2,0.158173374613003,1,1,0,0,0.1266844589483802,8.437411620516636,Low
CUST01792,SC,41,False,2.0,6,0.2097959183673469,1,1,0,0,0.2907162852179536,23.45349645540353,Low
CUST01793,OR,80,False,2.0,5,0.2385,1,1,0,0,0.079326216584258,10.684519011351666,Low
CUST01794,OH,83,False,2.0,5,0.2166925465838509,1,1,0,0,0.1205588389506307,24.09432776028417,Low
CUST01795,NC,109,False,2.0,3,0.173735632183908,1,1,0,0,0.1313407428976283,14.315630740214116,Low
CUST01796,KY,66,False,3.0,9,0.1086305732484076,1,1,0,0,0.0819446713975391,23.958045613518923,Low
CUST01797,WA,89,False,1.0,5,0.1878546712802768,1,1,0,0,0.1108130937686078,12.14367513538941,Low
CUST01798,RI,117,False,1.0,3,0.2557083333333333,1,1,0,0,0.0474759451770557,8.443119485295757,Low
CUST01799,KS,128,False,2.0,6,0.2001436781609195,1,1,0,0,0.193052553295628,24.93662720148164,Low
CUST01800,NV,88,True,3.5,7,0.1963066202090592,1,1,0,0,0.9506485412273596,48.65845363586799,Medium
CUST01801,FL,22,False,2.0,3,0.167887323943662,1,1,0,0,0.0992416989505167,10.828946206918335,Low
CUST01802,WY,78,False,0.0,7,0.180580204778157,1,1,0,0,0.0913319980643244,13.674800462871556,Low
CUST01803,WA,56,False,1.0,3,0.0914545454545454,1,1,0,0,0.0465164658340273,26.596117086983174,Low
CUST01804,CO,192,False,2.0,3,0.215,1,1,0,0,0.1235355671262114,5.374604647590882,Low
CUST01805,WI,70,False,2.0,4,0.1613271604938271,1,1,0,0,0.0907344542816054,4.653902412787459,Low
CUST01806,KS,148,False,1.0,3,0.256231884057971,1,1,0,0,0.2373274756020655,10.81387784423247,Low
CUST01807,MT,119,False,1.0,6,0.2056470588235294,1,1,0,0,0.1191698100746319,9.858557396292051,Low
CUST01808,CO,80,False,0.0,3,0.2024038461538461,1,1,0,0,0.1018029889413827,7.363749379932716,Low
CUST01809,FL,113,False,3.0,4,0.1656916996047431,1,1,0,0,0.0923036935835624,21.72112111995771,Low
CUST01810,VT,75,False,1.0,4,0.1801049868766404,1,1,0,0,0.1330325211093842,15.612826963296136,Low
CUST01811,OH,80,False,1.0,6,0.1960805860805861,1,1,0,0,0.0178829184453543,12.222746107930808,Low
CUST01812,NH,148,False,1.0,6,0.0947005988023952,1,1,0,0,0.1248324948780595,24.624189923673345,Low
CUST01813,FL,97,False,1.0,3,0.2164112903225806,1,1,0,0,0.0941246815067513,19.035712883967808,Low
CUST01814,MD,166,False,0.0,4,0.1480373831775701,1,1,0,0,0.0832641464442712,9.472957404294673,Low
CUST01815,WY,94,False,1.0,6,0.1954647435897435,1,1,0,0,0.0861993972454189,22.870800426996407,Low
CUST01816,FL,85,False,1.0,3,0.2474820143884892,1,1,0,0,0.0892692646644916,7.512962056225843,Low
CUST01817,TN,80,True,1.0,3,0.2660992907801418,1,1,0,0,0.9799463971917932,43.95934770516408,Medium
CUST01818,NC,210,False,3.0,7,0.2629251700680272,1,1,0,0,0.1037839097652144,21.53182231926104,Low
CUST01819,IN,88,False,1.0,5,0.2584838709677419,1,1,0,0,0.2782829791485932,22.633377840135804,Low
CUST01820,WV,154,False,1.0,1,0.154074074074074,-1,1,0,0,0.0503968751170306,26.983161095808395,Low
CUST01821,UT,32,False,1.0,9,0.1780645161290322,1,1,0,0,0.0900406911207846,21.612877041282378,Low
CUST01822,GA,18,False,3.0,3,0.1994871794871795,1,1,0,0,0.092798961677918,6.455503223478168,Low
CUST01823,AK,126,False,0.0,4,0.299520295202952,1,1,0,1,0.0967869512371882,48.88580931265254,Medium
CUST01824,UT,144,False,1.0,4,0.2186734693877551,1,1,0,0,0.0847607826648009,9.261370186346786,Low
CUST01825,AR,86,False,0.0,7,0.1756862745098039,1,1,0,0,0.1046300394826703,11.467058537581117,Low
CUST01826,AK,138,False,0.0,13,0.1038547486033519,-1,-1,1,1,0.095651328614054,61.8703131247057,Medium
CUST01827,AK,146,False,3.0,4,0.2619548872180451,1,1,0,0,0.127861271262354,14.466566871348363,Low
CUST01828,WV,74,False,2.0,2,0.1933663366336633,1,1,0,0,0.1494276406300001,11.576863412178778,Low
CUST01829,CT,48,False,2.0,3,0.1552279635258358,1,1,0,0,0.0535364198903946,8.8862163374795,Low
CUST01830,GA,74,False,3.5,2,0.3447087378640776,1,1,0,1,0.2672184247523921,58.02024190172573,Medium
CUST01831,NV,105,False,0.0,7,0.1810704225352112,1,1,0,0,0.1752470254383075,20.022620089849855,Low
CUST01832,VT,157,False,3.0,2,0.2659808612440191,1,1,0,0,0.0834437550667996,22.460738701879414,Low
CUST01833,DC,217,False,0.0,4,0.1780615384615384,1,1,0,0,0.2147318464666705,22.417028674795386,Low
CUST01834,TN,68,False,1.0,4,0.2915999999999999,1,1,0,1,0.2220640602056613,46.43010889403634,Medium
CUST01835,OR,80,False,1.0,5,0.1449249249249249,1,1,0,0,0.1290275371919413,14.088647511141886,Low
CUST01836,MS,38,False,2.0,6,0.1780769230769231,1,1,0,0,0.0732674715431961,17.386143971345536,Low
CUST01837,NC,107,False,0.0,4,0.2890128755364806,1,1,0,0,0.0769032658841609,14.833777466245213,Low
CUST01838,CO,140,False,3.0,4,0.2425941422594142,1,1,0,0,0.0899003178315576,14.666129252074207,Low
CUST01839,AR,98,True,3.5,4,0.1704307692307692,1,1,0,0,0.3429471132390938,34.5393653436378,Medium
CUST01840,PA,114,False,2.0,5,0.1785333333333333,1,1,0,0,0.0895105667747154,11.751627343636468,Low
CUST01841,MN,46,False,1.0,3,0.1846026490066225,1,1,0,0,0.0814834988844236,2.938212016591678,Low
CUST01842,NM,118,False,0.0,7,0.169223602484472,1,1,0,0,0.0899659980146326,10.714570566654752,Low
CUST01843,UT,37,False,3.0,4,0.2269579288025889,1,1,0,0,0.4105735438467144,27.493412252069838,Low
CUST01844,NE,34,False,0.0,4,0.1708841463414634,1,1,0,0,0.0765611255009663,17.64252915225276,Low
CUST01845,NV,113,True,3.0,2,0.2078630136986301,1,1,0,0,0.6454182677394554,34.36822301613523,Medium
CUST01846,OR,69,False,0.0,1,0.2833187772925764,1,1,0,0,0.1321310994633907,15.975780122457351,Low
CUST01847,NJ,59,False,1.0,3,0.2810460251046025,1,1,0,0,0.1980333812527827,11.56610358632554,Low
CUST01848,WV,59,False,0.0,4,0.1534943181818182,1,1,0,0,0.0808812256870654,13.720842914081988,Low
CUST01849,OR,190,False,0.0,4,0.1478913738019169,1,1,0,0,0.0601187277289297,14.50701651618628,Low
CUST01850,KY,109,False,1.0,6,0.2182332155477031,1,1,0,0,0.1055777487291273,5.288589910136406,Low
CUST01851,MO,136,False,2.0,4,0.1538311688311688,1,1,0,0,0.1406755981397113,13.863948039121818,Low
CUST01852,TX,86,False,1.0,5,0.1284949832775919,1,1,0,0,0.0926092675165874,12.22625659722843,Low
CUST01853,MN,100,False,0.0,4,0.2588301886792452,1,1,0,0,0.0840493869557221,11.137505945502564,Low
CUST01854,FL,106,False,0.0,3,0.2253571428571428,1,1,0,0,0.165247348195216,16.040243337047432,Low
CUST01855,WV,129,False,2.0,6,0.1981506849315068,1,1,0,0,0.0911191687323632,4.882668367062147,Low
CUST01856,IN,205,False,2.0,4,0.1181454545454545,1,1,0,0,0.14817062096328,24.710158148549986,Low
CUST01857,OK,93,False,0.0,9,0.1430177514792899,1,1,0,0,0.062385633222979,15.950709051670737,Low
CUST01858,DE,99,False,1.0,5,0.2260771704180064,1,1,0,0,0.1763535432223813,19.02176259936376,Low
CUST01859,IL,71,False,1.0,3,0.2252205882352941,1,1,0,0,0.0688685543074872,7.680177325784121,Low
CUST01860,UT,4,False,0.0,4,0.2320522388059701,1,1,0,0,0.1531261440815681,14.337576928700791,Low
CUST01861,IL,148,False,3.0,2,0.2391089108910891,1,1,0,0,0.0879845918753319,13.128333107013518,Low
CUST01862,WA,141,False,1.0,2,0.1913677811550152,1,1,0,0,0.0928199391109099,9.214662699551383,Low
CUST01863,NM,56,False,0.0,3,0.2170411985018726,1,1,0,0,0.1245043201448436,16.814589712826393,Low
CUST01864,VA,43,False,3.0,4,0.2287414965986394,1,1,0,0,0.0660331460885426,6.469135400550508,Low
CUST01865,MT,42,False,2.0,4,0.1968518518518518,1,1,0,0,0.0497978575167994,17.66114551432663,Low
CUST01866,CT,135,False,1.0,4,0.162258064516129,1,1,0,0,0.1835461520306587,14.646367865684349,Low
CUST01867,AL,106,False,3.0,3,0.2353754940711462,1,1,0,0,0.0689208233374838,17.601840647941746,Low
CUST01868,WV,106,False,0.0,7,0.2064262295081967,1,1,0,0,0.1171100773170895,13.093812310022567,Low
CUST01869,MO,83,False,3.0,6,0.2470977917981072,1,1,0,0,0.082795331946322,17.29961197959524,Low
CUST01870,ND,110,False,1.0,4,0.1542296072507552,1,1,0,0,0.1149241449763244,6.0731558874365055,Low
CUST01871,GA,109,False,3.5,6,0.2391900311526479,1,1,0,0,0.16326279789546,22.67846551975913,Low
CUST01872,LA,124,True,3.5,2,0.1719753086419753,1,1,0,0,0.7856952478451652,35.46540548111311,Medium
CUST01873,UT,110,True,2.0,5,0.2232212885154062,1,1,0,0,0.9646986142688968,40.7512893362021,Medium
CUST01874,AZ,124,False,0.0,2,0.2044444444444444,1,1,0,0,0.262346400678512,24.94913262053017,Low
CUST01875,NY,82,True,3.5,1,0.1983529411764706,1,1,0,0,0.9693582500560248,43.88392857891045,Medium
CUST01876,AL,137,False,1.0,2,0.1391111111111111,1,1,0,0,0.149293778504193,17.372281389048613,Low
CUST01877,IN,69,False,1.0,2,0.1669300911854103,1,1,0,0,0.093358277298815,5.515540859255006,Low
CUST01878,NM,16,False,2.0,4,0.1686513157894737,1,1,0,0,0.1170360582206733,14.562281631812402,Low
CUST01879,AL,119,False,3.0,4,0.1480656934306569,1,1,0,0,0.076690293510024,13.419672439049387,Low
CUST01880,MN,124,True,3.0,2,0.2021933085501858,1,1,0,0,0.9545827570278198,37.552136558015576,Medium
CUST01881,NY,122,False,1.0,5,0.2108888888888888,1,1,0,0,0.1158651703516777,11.842721467881137,Low
CUST01882,MD,139,False,3.5,6,0.2227361563517915,1,1,0,0,0.3202256274142711,31.139941621226757,Low
CUST01883,KS,67,False,2.0,3,0.1722742474916387,1,1,0,0,0.0999063662280423,7.316209157856604,Low
CUST01884,WV,84,False,1.0,4,0.1546808510638297,1,1,0,0,0.0506521011383387,17.2904197248979,Low
CUST01885,ID,101,False,0.0,7,0.23953125,1,1,0,0,0.1696745702884283,14.084613404184246,Low
CUST01886,LA,40,False,0.0,7,0.1586430678466077,1,1,0,0,0.14742540554553,20.93641401208655,Low
CUST01887,MI,61,False,2.0,2,0.1748328267477203,1,1,0,0,0.0482584739093952,4.368883124038378,Low
CUST01888,TN,120,True,1.0,2,0.2196934865900383,1,1,0,0,0.973695863734265,38.1832800714937,Medium
CUST01889,CA,95,False,1.0,8,0.1975477707006369,1,1,0,0,0.0226678776872915,12.662198751386722,Low
CUST01890,FL,98,False,0.0,0,0.2511879432624113,-1,1,0,0,0.5121995885381806,45.39184217381981,Medium
CUST01891,LA,114,False,2.0,4,0.1708609271523178,1,1,0,0,0.0567457887765109,15.155007651937897,Low
CUST01892,CT,22,False,0.0,5,0.2159740259740259,1,1,0,0,0.1095888033100104,7.504161143285233,Low
CUST01893,PA,176,False,0.0,4,0.1292455621301775,1,-1,0,0,0.0588733306597819,23.707256258528055,Low
CUST01894,TX,152,False,2.0,4,0.1810223642172524,1,1,0,0,0.0822314807528599,21.295247082309693,Low
CUST01895,VA,118,False,0.0,4,0.2519650655021834,1,1,0,0,0.1456185812306316,15.206795664980511,Low
CUST01896,MO,101,False,1.0,4,0.2399111111111111,1,1,0,0,0.1647033652588134,15.809794134269573,Low
CUST01897,ND,118,False,2.0,8,0.2228440366972476,1,1,0,0,0.2754524619017328,18.25709646311992,Low
CUST01898,FL,105,True,2.0,3,0.2555722891566265,1,1,0,0,0.9794759108921364,50.246004181554994,Medium
CUST01899,KY,71,False,0.0,8,0.1244827586206896,1,1,0,0,0.0577799460642345,24.073890057018847,Low
CUST01900,MD,71,False,1.0,4,0.1913868613138686,1,1,0,0,0.0734482157017804,9.163182962897148,Low
CUST01901,IN,68,False,2.0,3,0.2023824451410658,1,1,0,0,0.0930174222055794,5.905795039905466,Low
CUST01902,MA,66,False,3.0,3,0.1447211895910781,1,1,0,0,0.0936347525774705,15.2849155475211,Low
CUST01903,ND,101,False,3.0,0,0.1761631016042781,-1,1,0,0,0.1203121389606591,35.10002289568986,Medium
CUST01904,VT,116,False,0.0,3,0.1923320158102766,1,1,0,0,0.1140904866825861,14.402497414870224,Low
CUST01905,CT,54,False,0.0,4,0.2907582938388626,1,1,0,1,0.0891481347269957,50.75334316650994,Medium
CUST01906,VA,112,False,1.0,5,0.226516129032258,1,1,0,0,0.0540652736062317,10.17907504633326,Low
CUST01907,MS,122,False,1.0,5,0.1726962457337884,1,1,0,0,0.138035606112773,11.755439997272921,Low
CUST01908,AK,74,False,3.0,5,0.2319672131147541,1,1,0,0,0.3737373817290476,25.332956143623807,Low
CUST01909,WY,90,False,1.0,7,0.2355956678700361,1,1,0,0,0.1007890527724734,13.536778414541494,Low
CUST01910,NY,112,True,3.5,6,0.1569298245614035,1,1,0,0,0.5639232647714915,28.903754766534785,Low
CUST01911,NC,85,False,3.5,4,0.1844838709677419,1,1,0,0,0.3046527223116543,15.069485031302559,Low
CUST01912,IL,100,False,1.0,3,0.2441941391941391,1,1,0,0,0.1030680014696729,21.10237168388033,Low
CUST01913,OH,114,False,2.0,3,0.1846623794212218,1,1,0,0,0.0606592556673355,3.7296511051584327,Low
CUST01914,RI,83,False,0.0,2,0.2214873417721518,1,1,0,0,0.3350287004829665,20.503781584251307,Low
CUST01915,WY,157,False,0.0,5,0.19,1,1,0,0,0.1475152736476816,9.636886397091066,Low
CUST01916,OR,51,False,2.0,4,0.1244144144144144,1,1,0,0,0.2039228026603977,19.789020746345614,Low
CUST01917,NV,42,True,1.0,3,0.3330125523012552,-1,1,0,1,0.9771902382512916,85.74759605143623,High
CUST01918,ND,101,True,1.0,4,0.1400552486187845,1,1,0,0,0.7910147796594917,33.00689219458862,Medium
CUST01919,OR,112,False,3.0,7,0.1812962962962963,1,1,0,0,0.0563935700430061,12.501509481639225,Low
CUST01920,ND,56,False,2.0,1,0.1954276315789473,1,1,0,0,0.1156072479043317,8.20687575190818,Low
CUST01921,NJ,53,True,3.5,2,0.1724043715846994,1,1,0,0,0.9455747313625392,43.80521582565455,Medium
CUST01922,WV,64,False,1.0,5,0.2442372881355932,1,1,0,0,0.0470091987916527,12.134976859765679,Low
CUST01923,VA,123,False,0.0,8,0.1323472222222222,1,1,0,0,0.0738103034773104,20.541060304284546,Low
CUST01924,ID,68,False,2.0,2,0.1585151515151515,1,1,0,0,0.074498448595563,12.84700612736269,Low
CUST01925,CT,40,False,0.0,3,0.2357425742574257,1,1,0,0,0.219306621896468,17.13546266283158,Low
CUST01926,NM,132,False,0.0,2,0.272406015037594,1,1,0,0,0.2429551867201795,18.295781046377403,Low
CUST01927,CT,120,True,2.0,2,0.2052397260273973,1,1,0,0,0.9541781508788268,36.810914713248856,Medium
CUST01928,MI,108,True,3.5,6,0.173188854489164,1,1,0,0,0.3661407822748554,29.3236867049949,Low
CUST01929,SC,161,True,1.0,5,0.2430635838150288,1,1,0,0,0.9403545411911098,44.783871949235575,Medium
CUST01930,SC,130,True,0.0,4,0.1805172413793103,1,1,0,0,0.476754710174382,22.092171666785127,Low
CUST01931,MT,130,False,2.0,6,0.1838888888888889,1,1,0,0,0.1108345669755513,6.205382479196733,Low
CUST01932,WY,90,False,1.0,7,0.1649572649572649,1,1,0,0,0.1150190474825002,16.292543086399526,Low
CUST01933,NE,139,False,0.0,8,0.1502631578947368,1,1,0,0,0.0682147208925887,18.971122444723047,Low
CUST01934,IN,57,False,3.0,5,0.1720916905444126,1,1,0,0,0.0967058704594056,16.43173198981273,Low
CUST01935,CO,128,False,3.5,2,0.2489705882352941,1,1,0,0,0.1743734198332217,24.025168585443417,Low
CUST01936,MD,107,True,1.0,5,0.3184232365145228,1,1,0,1,0.6649770994094005,68.47860743549874,High
CUST01937,OK,177,False,1.0,3,0.1999999999999999,1,1,0,0,0.0622425803532471,3.6106329501733896,Low
CUST01938,SD,121,False,1.0,5,0.1811743772241993,1,1,0,0,0.0808079649705716,11.71226707189227,Low
CUST01939,SC,99,False,0.0,4,0.18625,1,1,0,0,0.1473414649361633,14.248237126010697,Low
CUST01940,NY,77,True,3.5,4,0.1565749235474006,1,1,0,0,0.6457428288294771,39.960825497780874,Medium
CUST01941,WV,21,False,2.0,7,0.1242045454545454,1,1,0,0,0.1775861190515121,18.070446978816143,Low
CUST01942,WA,56,False,1.0,4,0.2614830508474576,1,1,0,0,0.0487429926666009,18.174934066248614,Low
CUST01943,ID,92,True,1.0,6,0.1623901098901098,1,1,0,0,0.8118326414750908,35.44015668470215,Medium
CUST01944,MN,81,False,2.0,4,0.190095238095238,1,1,0,0,0.2090735474325916,19.140031148613375,Low
CUST01945,TX,139,True,1.0,6,0.2385294117647059,1,1,0,0,0.986926130451676,36.32273692267394,Medium
CUST01946,AZ,68,False,1.0,2,0.2258333333333333,1,1,0,0,0.1227127995009547,9.158443744882645,Low
CUST01947,DE,183,False,2.0,2,0.1407977207977208,1,1,0,0,0.2523220403301603,25.06796420826809,Low
CUST01948,WI,165,False,1.0,5,0.2254477611940298,1,1,0,0,0.1654784470886122,9.62334123572363,Low
CUST01949,WI,89,True,1.0,1,0.246,1,1,0,0,0.9515768539062104,49.13175875546256,Medium
CUST01950,NJ,59,False,0.0,9,0.2555094339622641,1,1,0,0,0.1170249157185147,24.67865978881446,Low
CUST01951,IL,16,False,0.0,7,0.168780487804878,1,1,0,0,0.1887687408633156,25.072998547249846,Low
CUST01952,DC,114,True,3.5,3,0.1579646017699115,1,1,0,0,0.825906404723452,35.35536544513872,Medium
CUST01953,IA,113,False,2.0,5,0.1743401759530791,1,1,0,0,0.2432671762286017,19.512552259288572,Low
CUST01954,GA,120,False,2.0,4,0.146725352112676,1,1,0,0,0.1086854114983186,10.457098925207873,Low
CUST01955,AK,115,False,0.0,5,0.2207638888888888,1,1,0,0,0.0771349389359022,11.617658836643951,Low
CUST01956,MN,100,True,2.0,2,0.1793515358361775,1,1,0,0,0.8784625364071804,29.514393740455887,Low
CUST01957,SC,1,False,0.0,2,0.1663736263736263,-1,-1,1,0,0.0589221989912837,30.401773911357882,Low
CUST01958,MT,97,False,1.0,3,0.1341887905604719,1,1,0,0,0.1079374795585254,13.27154969595846,Low
CUST01959,KY,55,False,2.0,6,0.1577777777777777,1,1,0,0,0.1271241272466237,11.15323772028027,Low
CUST01960,WV,75,False,1.0,6,0.1519943820224719,1,1,0,0,0.1525899132959502,14.563711933613643,Low
CUST01961,ID,83,False,2.0,3,0.2056115107913669,1,1,0,0,0.1215236608761576,7.297870679820506,Low
CUST01962,MN,40,True,3.5,3,0.1488255033557046,1,1,0,0,0.8613529824087129,44.279771929090636,Medium
CUST01963,MA,101,False,2.0,5,0.2627573529411764,1,1,0,0,0.0493852199385988,7.373672360398853,Low
CUST01964,MD,120,False,0.0,3,0.1861461794019933,1,1,0,0,0.1686442065826749,21.521665472923384,Low
CUST01965,SD,183,False,1.0,4,0.2140449438202247,1,1,0,0,0.0927429745546136,4.310612247281259,Low
CUST01966,PA,75,True,3.5,3,0.1586363636363636,1,1,0,0,0.9618906718633944,45.40749173584552,Medium
CUST01967,KY,80,False,2.0,3,0.1996969696969696,1,1,0,0,0.1219814192418978,13.418136526529146,Low
CUST01968,ID,88,False,0.0,4,0.1267283950617284,1,-1,0,0,0.1760511585177177,28.140484850656648,Low
CUST01969,NY,112,False,1.0,6,0.3021875,1,1,0,1,0.1062858290370321,49.7114328740355,Medium
CUST01970,NM,63,False,1.0,2,0.1925806451612903,1,1,0,0,0.0929758162909347,11.343293084250034,Low
CUST01971,CA,105,True,3.5,4,0.1702108433734939,1,1,0,0,0.9767321883040456,46.185720542186715,Medium
CUST01972,WY,177,False,1.0,4,0.1762037037037037,1,1,0,0,0.0510218178301547,9.220619612178199,Low
CUST01973,NM,118,False,0.0,6,0.1619302949061662,1,1,0,0,0.1498349129601324,17.218427213124862,Low
CUST01974,ID,82,False,3.0,3,0.2111708860759494,1,1,0,0,0.0989451735716861,24.779119369004473,Low
CUST01975,NC,74,False,0.0,5,0.1349999999999999,1,1,0,0,0.1018089479758486,12.509564489582175,Low
CUST01976,AL,125,False,2.0,6,0.1607647058823529,1,1,0,0,0.0780526151091355,9.946932180990729,Low
CUST01977,VA,138,False,3.0,3,0.1985245901639344,1,1,0,0,0.102461754797139,21.848521435257158,Low
CUST01978,ID,119,False,3.0,6,0.2068059701492537,1,1,0,0,0.2500044770151235,16.328682999364048,Low
CUST01979,NY,137,False,1.0,6,0.1681904761904762,1,1,0,0,0.1095084551168011,10.980528998880034,Low
CUST01980,NC,182,True,2.0,4,0.2247619047619048,1,1,0,0,0.9637087715209528,38.954749272337736,Medium
CUST01981,HI,134,False,1.0,8,0.2724472573839662,1,1,0,0,0.0585793036505773,12.190523455325573,Low
CUST01982,DC,45,False,1.0,4,0.1509909909909909,1,1,0,0,0.1114138467159802,12.328085279172951,Low
CUST01983,LA,163,False,1.0,4,0.2276780185758513,1,1,0,0,0.0841930753004949,9.718722235378497,Low
CUST01984,HI,105,False,3.5,7,0.2419776119402985,1,1,0,0,0.1563424510464941,21.923501992826367,Low
CUST01985,FL,119,False,2.0,5,0.1590812720848056,1,1,0,0,0.0565716122683841,9.3537613864297,Low
CUST01986,WY,78,False,0.0,5,0.1947575757575757,1,1,0,0,0.1226217010137683,8.09477266764106,Low
CUST01987,OR,125,False,1.0,2,0.1297682119205297,1,1,0,0,0.09580770754554,12.314437473556424,Low
CUST01988,IN,88,False,3.0,5,0.21296992481203,1,1,0,0,0.0792755679975989,8.24293884009268,Low
CUST01989,MD,83,False,0.0,2,0.1679999999999999,1,1,0,0,0.0546549394325738,13.914027827678954,Low
CUST01990,TN,3,False,1.0,6,0.2035191637630662,1,1,0,0,0.1261278836802898,7.577023441232377,Low
CUST01991,WA,48,False,3.0,2,0.1373497267759563,1,1,0,0,0.0689618427115501,14.163078130058842,Low
CUST01992,IN,129,True,1.0,6,0.156797583081571,1,1,0,0,0.4225624151448476,17.088864476090958,Low
CUST01993,CO,66,False,0.0,7,0.2392828685258964,1,1,0,0,0.0491070714955809,14.969995438488711,Low
CUST01994,TX,80,False,0.0,1,0.1887,1,1,0,0,0.0377650917537664,11.357122596219456,Low
CUST01995,WV,84,False,1.0,3,0.189820143884892,1,1,0,0,0.1544976154585982,14.285097667014341,Low
CUST01996,MA,96,False,1.0,7,0.209140127388535,1,1,0,0,0.1142715480842024,9.95926531502938,Low
CUST01997,TN,123,False,1.0,7,0.2936462093862816,1,1,0,1,0.129000421151106,57.02932214144387,Medium
CUST01998,ID,116,True,3.0,2,0.2084488448844884,1,1,0,0,0.985122936504854,42.079986983348796,Medium
CUST01999,DE,105,False,3.0,7,0.2143853820598006,1,1,0,0,0.1540434147760195,20.71721302885143,Low
CUST02000,VA,80,False,1.0,4,0.1779768786127167,1,1,0,0,0.1081208603924375,5.008948656973134,Low
CUST02001,MT,157,False,2.0,6,0.2790123456790123,1,1,0,0,0.1553032341562427,17.744619223172332,Low
CUST02002,ID,67,False,2.0,3,0.2164724919093851,1,1,0,0,0.0407436269685685,10.270208329390302,Low
CUST02003,MD,79,False,1.0,4,0.296030534351145,1,1,0,1,0.052580828614109,42.11297387677345,Medium
CUST02004,MS,76,False,0.0,3,0.1776428571428571,1,1,0,0,0.054113639921041,15.055359017173547,Low
CUST02005,OH,94,False,0.0,2,0.1616666666666666,1,1,0,0,0.0954077472971703,14.670849994907813,Low
CUST02006,AR,109,False,1.0,9,0.2264406779661016,1,1,0,0,0.1341190005325959,17.61489959176718,Low
CUST02007,AZ,138,False,2.0,10,0.1498198198198198,1,1,0,0,0.1357730138114183,18.47900301891837,Low
CUST02008,SC,73,False,0.0,6,0.2772727272727273,1,1,0,0,0.2541484547741169,24.585172926793224,Low
CUST02009,KY,21,True,3.5,3,0.1844715447154471,1,1,0,0,0.8262038100565233,43.95901304159544,Medium
CUST02010,NE,103,False,1.0,3,0.1946953405017921,1,1,0,0,0.0767758682685697,5.794120049507007,Low
CUST02011,MN,79,False,2.0,4,0.1221167883211678,-1,-1,1,0,0.0998969720065554,31.554970142561,Low
CUST02012,NV,89,False,1.0,5,0.1458231707317073,1,1,0,0,0.086214156341651,17.060578424100132,Low
CUST02013,CA,120,False,1.0,3,0.2435117056856187,1,1,0,0,0.4113397628185817,22.138365346168843,Low
CUST02014,UT,121,False,1.0,3,0.2227852348993288,1,1,0,0,0.0766302893686305,4.9369249385398355,Low
CUST02015,IL,101,False,0.0,4,0.2051481481481481,1,1,0,0,0.1437097930193345,17.397324983142134,Low
CUST02016,DC,115,False,2.0,5,0.223042071197411,1,1,0,0,0.1205349482474144,19.626170732762187,Low
CUST02017,IN,168,False,2.0,5,0.2013592233009709,1,1,0,0,0.0821680748868979,11.536749158150139,Low
CUST02018,MS,70,False,3.0,9,0.1782165605095541,1,1,0,0,0.1037624331496854,20.46752502535039,Low
CUST02019,VT,138,False,1.0,4,0.1959142857142857,1,1,0,0,0.2259275262838384,13.778831441789096,Low
CUST02020,VT,43,False,0.0,3,0.1574534161490683,1,1,0,0,0.0977038099669207,11.05850936500819,Low
CUST02021,UT,117,False,2.0,3,0.1579154929577464,1,1,0,0,0.0375549494773326,11.751742678426506,Low
CUST02022,KY,108,False,2.0,3,0.1104375,1,1,0,0,0.0994885427083444,14.518518999030766,Low
CUST02023,VA,118,False,2.0,1,0.1991666666666666,1,1,0,0,0.1091933604428368,10.524893604665918,Low
CUST02024,AZ,62,False,0.0,3,0.1990839694656488,1,1,0,0,0.080031606440744,9.283057988474447,Low
CUST02025,NY,86,False,2.0,0,0.1120724637681159,-1,1,0,0,0.1138705964311225,33.73670718984003,Medium
CUST02026,VA,44,False,0.0,5,0.2083999999999999,1,1,0,0,0.1169284601100978,7.888395008590438,Low
CUST02027,MD,111,True,3.5,2,0.1933969465648855,1,1,0,0,0.9690132773046513,40.01695358085338,Medium
CUST02028,MA,127,False,2.0,3,0.1806382978723404,1,1,0,0,0.041141044024945,11.732902715913895,Low
CUST02029,IL,151,False,0.0,4,0.2210130718954248,1,1,0,0,0.1656326844615717,15.015270776364591,Low
CUST02030,PA,137,False,1.0,4,0.1857492354740061,1,1,0,0,0.0599143124672729,9.883622196750185,Low
CUST02031,TN,106,False,2.0,9,0.1448717948717948,1,1,0,0,0.1503790445996646,25.946233262012314,Low
CUST02032,NJ,88,False,3.0,10,0.171,1,1,0,0,0.0572817597209679,16.666324846769655,Low
CUST02033,VA,106,False,1.0,4,0.2394389438943894,1,1,0,0,0.4668605567878016,18.895993798351906,Low
CUST02034,NJ,57,True,0.0,1,0.180210970464135,1,1,0,0,0.9727884757971872,50.93468346334258,Medium
CUST02035,WA,184,False,2.0,8,0.1896539792387543,1,1,0,0,0.0884114397381093,11.432876525738157,Low
CUST02036,AR,109,False,3.0,9,0.2420229007633588,1,1,0,0,0.1158803770234214,21.638360138367,Low
CUST02037,WI,127,False,2.0,5,0.1715598885793871,1,1,0,0,0.0741671678946017,12.22556821163433,Low
CUST02038,ME,174,False,2.0,9,0.2397810218978102,1,1,0,0,0.0934712983568838,14.607256385241508,Low
CUST02039,CO,92,True,2.0,6,0.2616602316602316,1,1,0,0,0.6803516826105822,32.72572277765822,Low
CUST02040,CO,81,False,1.0,2,0.159129746835443,1,1,0,0,0.0908961587883989,22.79496886807465,Low
CUST02041,CT,119,True,0.0,1,0.3714678899082569,1,-1,0,1,0.8425900529433311,78.93912542618106,High
CUST02042,NC,122,False,3.0,8,0.2816363636363636,1,1,0,0,0.0657200380735693,21.786546211098145,Low
CUST02043,WY,34,False,1.0,7,0.185547703180212,1,1,0,0,0.1265977191585255,12.765575899879607,Low
CUST02044,FL,90,False,1.0,1,0.1327609427609427,1,1,0,0,0.1012158766107925,19.248949222072227,Low
CUST02045,KY,73,False,2.0,2,0.1690410958904109,1,1,0,0,0.1265880678149634,19.868704601374098,Low
CUST02046,SC,19,True,1.0,3,0.2164245810055866,1,1,0,0,0.9762062609395168,40.27174971010012,Medium
CUST02047,WA,120,False,1.0,3,0.2551071428571428,1,1,0,0,0.1220338560440364,16.286493870197553,Low
CUST02048,MT,160,False,3.0,4,0.2194354838709677,1,1,0,0,0.2098153126339004,27.240297976861605,Low
CUST02049,PA,141,False,0.0,5,0.1441046831955923,1,1,0,0,0.119145527843977,11.571354141630156,Low
CUST02050,VT,72,False,2.0,4,0.1840645161290323,1,1,0,0,0.1142782543570503,7.678682532607553,Low
CUST02051,MN,117,False,1.0,7,0.1837898089171974,1,1,0,0,0.0454935032497238,9.129424682491752,Low
CUST02052,IL,79,False,2.0,4,0.1549865951742627,1,1,0,0,0.2006266382970832,24.63033057691212,Low
CUST02053,AR,87,False,1.0,4,0.1944370860927152,1,1,0,0,0.0794424797568705,7.447642000447052,Low
CUST02054,MD,102,False,1.0,3,0.2232222222222222,1,1,0,0,0.1662843246060347,22.23312502995855,Low
CUST02055,MT,49,False,1.0,2,0.1926628895184136,1,1,0,0,0.139919578303182,18.371971793393307,Low
CUST02056,VT,67,False,3.5,2,0.2257012195121951,1,1,0,0,0.4024243150632193,23.501467656381518,Low
CUST02057,CO,107,False,2.0,5,0.1850352112676056,1,1,0,0,0.0607436493193512,7.823493081278143,Low
CUST02058,WA,118,False,2.0,4,0.1541258741258741,1,1,0,0,0.0965803383300916,9.618408974450908,Low
CUST02059,TN,120,False,0.0,6,0.1848360655737704,-1,-1,1,0,0.1327570250738717,30.899630578923578,Low
CUST02060,AR,94,False,0.0,5,0.1492857142857143,1,1,0,0,0.0999616325326464,13.79057117903332,Low
CUST02061,DC,115,False,1.0,2,0.2372043010752688,1,1,0,0,0.11370033876,6.92336806476159,Low
CUST02062,MN,61,False,1.0,6,0.2302372881355932,1,1,0,0,0.1485423355292117,11.242516300928235,Low
CUST02063,KS,110,False,1.0,11,0.1769966996699669,1,1,0,0,0.0670692101412748,21.966890078636435,Low
CUST02064,ND,104,False,1.0,4,0.1651485148514851,1,1,0,0,0.093167319118944,7.240208888698012,Low
CUST02065,MT,16,False,1.0,8,0.2144747081712062,1,1,0,0,0.1219095013423563,12.57026816968102,Low
CUST02066,DC,147,False,2.0,8,0.1928476821192053,1,1,0,0,0.1105757817648777,12.545649514372649,Low
CUST02067,MS,102,False,3.0,8,0.2803265306122449,1,1,0,0,0.3481178742237631,25.986113822725663,Low
CUST02068,IA,64,False,1.0,6,0.1370163934426229,1,1,0,0,0.0520629952395575,8.172523778005502,Low
CUST02069,AK,103,False,2.0,3,0.2998598130841122,1,1,0,1,0.0942386491736901,46.229252910234294,Medium
CUST02070,MN,152,True,1.0,7,0.3277826086956522,-1,1,0,1,0.4339482035746623,69.85486171988086,High
CUST02071,WV,124,True,1.0,4,0.248871473354232,1,1,0,0,0.9548852090353912,45.38489073817875,Medium
CUST02072,OR,97,False,1.0,2,0.13671875,1,1,0,0,0.1266646896051173,16.942884166898757,Low
CUST02073,MS,131,True,1.0,3,0.1580357142857142,1,1,0,0,0.0743664266163731,16.258031931461232,Low
CUST02074,ME,57,False,2.0,11,0.2307017543859649,1,1,0,0,0.0422387919382691,12.162698811835918,Low
CUST02075,MN,157,False,2.0,5,0.2273408239700374,1,1,0,0,0.1045897397812125,6.286150434685009,Low
CUST02076,GA,194,False,0.0,4,0.1585078534031413,1,1,0,0,0.1213473208528548,15.01629660016787,Low
CUST02077,DC,66,False,1.0,2,0.1721337579617834,1,1,0,0,0.0773563917488908,5.673843319244454,Low
CUST02078,NY,123,True,3.5,5,0.1502492211838006,1,1,0,0,0.9745504753327374,40.079549026580366,Medium
CUST02079,OK,116,False,2.0,4,0.2010855263157894,1,1,0,0,0.0653804940023513,9.702082104251295,Low
CUST02080,OK,63,False,1.0,6,0.167189349112426,1,1,0,0,0.1547695953787201,14.728880794808614,Low
CUST02081,GA,64,False,3.0,5,0.2101273885350318,1,1,0,0,0.1044937563693896,10.550721295958427,Low
CUST02082,NJ,96,False,3.0,1,0.1715853658536585,1,1,0,0,0.1215311096530945,12.772475433205132,Low
CUST02083,ME,105,False,3.0,7,0.1834530386740331,1,1,0,0,0.1212284007047176,13.182303629654642,Low
CUST02084,MI,53,False,2.0,9,0.184576802507837,1,1,0,0,0.0487788514447294,7.129956244706552,Low
CUST02085,NE,129,False,3.0,7,0.1969871794871795,1,1,0,0,0.0628538531711123,7.374397822390185,Low
CUST02086,VT,93,False,0.0,9,0.1697819314641744,1,1,0,0,0.205374456570822,20.39581584899289,Low
CUST02087,OH,115,True,1.0,8,0.2834437086092715,1,1,0,0,0.976348410030216,47.86017826783008,Medium
CUST02088,AL,25,True,1.0,4,0.3420434782608695,1,1,0,1,0.9818826496912254,74.7849192049396,High
CUST02089,DC,73,False,1.0,5,0.1302654867256637,1,1,0,0,0.086977567238427,16.417582703610776,Low
CUST02090,DE,97,True,0.0,4,0.2312654320987654,1,1,0,0,0.9261083115237392,37.00805182984798,Medium
CUST02091,NY,148,False,1.0,4,0.205030487804878,1,1,0,0,0.0719581627294969,8.28419976017017,Low
CUST02092,AL,85,False,1.0,5,0.1914511041009463,1,1,0,0,0.0416357514900977,3.01966564778348,Low
CUST02093,OK,86,True,2.0,2,0.1435977337110481,1,1,0,0,0.9710061251616476,37.61803742761774,Medium
CUST02094,MS,78,False,2.0,5,0.2307012195121951,1,1,0,0,0.133505305371354,20.87902645233428,Low
CUST02095,MD,106,False,3.0,4,0.2347599999999999,1,1,0,0,0.0452601633497117,22.701580222083894,Low
CUST02096,AR,145,True,1.0,3,0.2319161676646706,1,1,0,0,0.9333634547031716,48.150612864101554,Medium
CUST02097,IL,91,False,3.0,3,0.1980936454849498,1,1,0,0,0.0440532905195127,12.241886714289302,Low
CUST02098,UT,116,False,1.0,6,0.2595772058823529,1,1,0,0,0.0521376945960089,12.673242381784839,Low
CUST02099,LA,69,False,1.0,4,0.1435493827160494,1,1,0,0,0.0918045327129527,11.766628418889248,Low
CUST02100,ID,135,False,0.0,3,0.1911347517730496,1,1,0,0,0.1219282456655122,15.74811185095275,Low
CUST02101,KY,73,False,2.0,8,0.2412371134020618,1,1,0,0,0.298961792977692,19.93867925152636,Low
CUST02102,MI,48,False,1.0,9,0.1723931623931623,1,1,0,0,0.0532790834308988,22.048565029961566,Low
CUST02103,NH,125,True,0.0,2,0.2674509803921568,-1,-1,1,0,0.989004672610276,57.35820266600715,Medium
CUST02104,WV,100,False,1.0,4,0.1934797297297297,1,1,0,0,0.0839403902228986,4.543288126501485,Low
CUST02105,SD,64,False,2.0,2,0.1915753424657534,1,1,0,0,0.0847756036298139,4.691444799868775,Low
CUST02106,MD,116,False,1.0,5,0.1946439628482972,1,1,0,0,0.1465164327980933,21.475254965350523,Low
CUST02107,ND,147,True,3.0,2,0.2209448818897638,1,1,0,0,0.9636511775876874,37.37625414381116,Medium
CUST02108,MO,84,False,3.5,16,0.1639257294429708,1,-1,0,1,0.1471732958993372,57.96952642004919,Medium
CUST02109,IL,86,False,3.5,2,0.1694626865671642,1,1,0,0,0.450484298048255,24.056572642758265,Low
CUST02110,UT,134,False,2.0,7,0.2136538461538461,1,1,0,0,0.1913937915418925,15.69555666392059,Low
CUST02111,MI,105,True,0.0,2,0.2272945205479452,1,1,0,0,0.6521714351025792,26.33473977795276,Low
CUST02112,AR,88,False,2.0,5,0.1642433234421365,1,1,0,0,0.0808928027730879,7.2609808734610235,Low
CUST02113,AK,86,False,1.0,1,0.2348561151079136,1,1,0,0,0.1875752510542788,15.763076341803304,Low
CUST02114,NH,141,True,1.0,3,0.2879233226837061,1,1,0,0,0.949021373774168,49.73928708144514,Medium
CUST02115,NM,148,False,2.0,3,0.1815727002967359,1,1,0,0,0.157163739951562,15.116323285837979,Low
CUST02116,MN,163,False,2.0,2,0.1918092105263158,1,1,0,0,0.0611044166450677,9.159321669853195,Low
CUST02117,IA,89,False,1.0,3,0.1939999999999999,1,1,0,0,0.0332934727909931,6.165436376249521,Low
CUST02118,RI,63,False,0.0,3,0.2118666666666666,1,1,0,0,0.1317110458982487,11.09139060350387,Low
CUST02119,AL,102,False,2.0,7,0.1752068965517241,1,1,0,0,0.0955729419536138,11.815232543724427,Low
CUST02120,SD,104,False,2.0,6,0.22556,1,1,0,0,0.0955362440164066,18.000197662037646,Low
CUST02121,MT,63,False,1.0,4,0.282046332046332,1,1,0,0,0.0480518206570467,16.144652058138167,Low
CUST02122,KY,105,False,3.0,3,0.2417933130699088,1,1,0,0,0.0661479265898753,16.998763643822503,Low
CUST02123,DC,68,False,1.0,5,0.200392156862745,1,1,0,0,0.0682608903698695,15.38072153953974,Low
CUST02124,CO,63,False,1.0,4,0.165,1,1,0,0,0.072350174313109,4.871645627383078,Low
CUST02125,KS,91,True,2.0,2,0.2143037974683544,1,1,0,0,0.9703253277851024,35.90413421745002,Medium
CUST02126,NC,101,False,3.5,6,0.1792054794520548,1,1,0,0,0.2533195938410965,20.421071870782338,Low
CUST02127,SC,116,True,0.0,4,0.2709904153354633,1,1,0,0,0.9807336308568452,46.24172476374917,Medium
CUST02128,CO,131,False,1.0,1,0.1942182890855457,1,1,0,0,0.0946871956494842,16.946573467426024,Low
CUST02129,MN,84,False,1.0,3,0.2011585365853658,1,1,0,0,0.115672339090694,4.77653155198573,Low
CUST02130,WY,104,False,2.0,4,0.1946153846153846,1,1,0,0,0.0790500926987193,18.469182315245387,Low
CUST02131,FL,108,False,3.0,5,0.25,1,1,0,0,0.1539939516066456,13.369741832687831,Low
CUST02132,NY,111,False,0.0,9,0.1733823529411764,1,1,0,0,0.0624262354631964,14.513413372091296,Low
CUST02133,OK,155,False,1.0,5,0.1454458598726114,1,1,0,0,0.1053169007163274,16.387966641426203,Low
CUST02134,ME,66,False,1.0,3,0.2319787985865724,1,1,0,0,0.1188461480548384,10.076716708115086,Low
CUST02135,NE,64,False,1.0,5,0.2344274809160305,1,1,0,0,0.0723503356791615,11.685288643806468,Low
CUST02136,OH,69,False,2.0,1,0.22,1,1,0,0,0.5290722935805636,25.28514671970931,Low
CUST02137,DC,101,False,0.0,7,0.2158730158730159,1,1,0,0,0.1658295935760046,22.9997825548967,Low
CUST02138,OK,15,False,2.0,5,0.2121259842519685,1,-1,0,0,0.1388753021372582,28.8319609979934,Low
CUST02139,NJ,88,True,3.5,2,0.2523170731707317,-1,-1,1,0,0.9898390051130688,59.53496288801197,Medium
CUST02140,IA,197,False,0.0,3,0.216833855799373,1,1,0,0,0.2256430124066246,11.627348152614907,Low
CUST02141,VA,50,True,2.0,6,0.1946762589928057,1,1,0,0,0.6612761526812639,39.55619030615863,Medium
CUST02142,VA,172,False,2.0,7,0.2130236486486486,1,1,0,0,0.0981845088181219,17.906060927046223,Low
CUST02143,NM,188,True,1.0,3,0.2005940594059405,1,1,0,0,0.991986221788136,38.656001805492956,Medium
CUST02144,FL,85,False,3.0,3,0.1575076923076922,1,1,0,0,0.2126448965970961,14.93320702910432,Low
CUST02145,RI,103,True,1.0,2,0.2063920454545454,1,1,0,0,0.985242596271612,48.75655860205283,Medium
CUST02146,NJ,136,False,3.0,4,0.1737971014492753,1,1,0,0,0.0938369005379159,16.113326553741384,Low
CUST02147,NE,155,False,0.0,4,0.1992068965517241,1,1,0,0,0.053131594579882,12.221403298379009,Low
CUST02148,WV,145,False,2.0,2,0.1562581699346405,1,1,0,0,0.0690754982611377,21.293740786183907,Low
CUST02149,WY,116,False,2.0,6,0.1951923076923077,1,1,0,0,0.0503123588053818,7.875151180686697,Low
CUST02150,SC,152,False,2.0,5,0.1863829787234042,1,1,0,0,0.0906863362383756,4.878280304554758,Low
CUST02151,MS,65,True,0.0,10,0.2358227848101266,1,1,0,0,0.9793010811301972,52.71920318144869,Medium
CUST02152,ND,180,True,3.0,5,0.2500352112676056,1,1,0,0,0.8727423577017258,38.72811206089622,Medium
CUST02153,IL,67,False,0.0,6,0.1262113402061855,1,1,0,0,0.1473812027211669,19.834873002275195,Low
CUST02154,OR,60,False,0.0,9,0.1753333333333333,1,1,0,0,0.0717704784144906,22.471329843264236,Low
CUST02155,IA,44,True,3.5,3,0.2522847682119205,-1,-1,1,0,0.566470289035597,45.328408930392484,Medium
CUST02156,ME,25,False,2.0,6,0.2656569343065694,1,1,0,0,0.2744522409275313,23.870689689417233,Low
CUST02157,WY,145,False,1.0,3,0.2119528619528619,1,1,0,0,0.0907805316841732,23.47373985279834,Low
CUST02158,WI,122,False,2.0,3,0.2440084388185653,1,1,0,0,0.0996204122899144,11.82312737571829,Low
CUST02159,SC,121,True,0.0,9,0.1834228187919463,1,1,0,0,0.6485700427155736,34.088918173561034,Medium
CUST02160,DC,55,False,0.0,3,0.1336764705882352,1,1,0,0,0.2183811948077113,25.341248870161742,Low
CUST02161,CT,77,False,1.0,4,0.2275087719298245,1,1,0,0,0.0723830874047797,10.851680707883439,Low
CUST02162,OR,12,False,2.0,7,0.2195862068965517,1,1,0,0,0.0735683312745271,6.140993569956904,Low
CUST02163,OR,64,False,3.0,3,0.2075,1,1,0,0,0.0667214661833001,15.838162741660359,Low
CUST02164,NV,92,False,2.0,1,0.2042068965517241,1,1,0,0,0.1441389967372952,15.524172918314061,Low
CUST02165,MN,125,True,1.0,6,0.2375632911392405,1,1,0,0,0.9931194691953128,52.385821403774145,Medium
CUST02166,OK,160,False,1.0,2,0.1765853658536585,1,1,0,0,0.2304267686819261,19.219412600287367,Low
CUST02167,KS,79,False,0.0,8,0.1849526813880126,1,1,0,0,0.104090761683584,22.763649920836208,Low
CUST02168,RI,36,False,3.0,7,0.2210062893081761,1,1,0,0,0.1432125582092217,16.444893615577985,Low
CUST02169,IL,138,False,1.0,4,0.2442229729729729,1,1,0,0,0.4589987692129057,22.18579308859833,Low
CUST02170,WI,72,False,2.0,7,0.1721221864951768,1,1,0,0,0.0608212259239694,8.17980138934897,Low
CUST02171,MI,74,True,3.0,5,0.2806430868167202,1,1,0,0,0.9753681548838018,49.572924200091336,Medium
CUST02172,MI,134,False,0.0,5,0.2375,1,1,0,0,0.1179277024763212,17.73273344983238,Low
CUST02173,MA,145,False,1.0,4,0.2375800711743771,1,1,0,0,0.1445968643971205,12.234835868402513,Low
CUST02174,AL,136,False,0.0,5,0.1447452229299363,1,1,0,0,0.1277078319019528,12.547815559269813,Low
CUST02175,WI,66,False,3.0,3,0.2282269503546098,1,1,0,0,0.2304583491251642,14.641863546801487,Low
CUST02176,VT,152,False,1.0,5,0.1602941176470588,1,1,0,0,0.049029343417502,15.464202146028573,Low
CUST02177,CT,162,False,1.0,13,0.0899182561307901,-1,-1,1,1,0.0934373459760451,61.45430740678827,Medium
CUST02178,OR,72,False,2.0,3,0.1481762917933131,1,1,0,0,0.0640493861448331,9.531918858757917,Low
CUST02179,HI,101,False,3.5,7,0.2468474576271186,1,1,0,0,0.3026829292787593,24.29439133476035,Low
CUST02180,WV,125,False,0.0,3,0.1935220125786163,1,1,0,0,0.0879150677809549,15.203908578480686,Low
CUST02181,RI,46,False,2.0,2,0.109247311827957,1,1,0,0,0.0977627971380141,21.292334113773332,Low
CUST02182,MI,132,True,1.0,3,0.2467484662576687,1,1,0,0,0.9687969626325236,43.63582711014016,Medium
CUST02183,ME,193,False,0.0,3,0.11992700729927,1,1,0,0,0.1228284031036211,25.193623250420945,Low
CUST02184,WV,63,True,0.0,4,0.2596026490066225,1,1,0,0,0.7595425988775817,44.539055396918684,Medium
CUST02185,NE,124,False,1.0,3,0.1818559556786703,1,1,0,0,0.1777937876699329,10.842392382230434,Low
CUST02186,DC,144,False,0.0,2,0.1939597315436241,1,1,0,0,0.1142123139474239,14.464650761991482,Low
CUST02187,NH,97,False,1.0,8,0.2874368231046931,1,1,0,0,0.1073105198415613,26.754353281063874,Low
CUST02188,WV,137,False,2.0,4,0.1967434210526316,1,1,0,0,0.3089545310457364,10.755398830391572,Low
CUST02189,IL,142,False,0.0,6,0.1472649572649572,1,1,0,0,0.0694352279813799,22.526329913992075,Low
CUST02190,NH,119,False,1.0,6,0.1806784660766962,1,1,0,0,0.0524096748916954,4.26845185507733,Low
CUST02191,MI,158,False,1.0,3,0.2022968197879858,1,1,0,0,0.1284855225975952,15.064275692302221,Low
CUST02192,ND,50,False,1.0,6,0.2104437869822485,1,1,0,0,0.2744496360180598,24.570973690319548,Low
CUST02193,LA,98,False,2.0,5,0.1607986111111111,1,1,0,0,0.0971265862783785,8.985240028644041,Low
CUST02194,HI,101,False,2.0,9,0.1591785714285714,1,1,0,0,0.0478993727904336,12.920177345825753,Low
CUST02195,WV,51,False,0.0,3,0.1953703703703703,1,1,0,0,0.0694957970019418,10.227525525601806,Low
CUST02196,NC,117,False,2.0,1,0.1663005780346821,1,1,0,0,0.0658937813458661,18.68231908601189,Low
CUST02197,PA,92,False,0.0,3,0.1968529411764706,1,1,0,0,0.564867087515785,27.271595655728902,Low
CUST02198,MI,86,False,2.0,3,0.1830625,1,1,0,0,0.1148173848968077,23.824311241082203,Low
CUST02199,WY,122,False,2.0,4,0.1590062111801242,1,1,0,0,0.2007609527741901,11.32692779423849,Low
CUST02200,NJ,156,False,1.0,8,0.1738440860215053,1,1,0,0,0.109601517424938,17.22893786092184,Low
CUST02201,NJ,127,True,0.0,6,0.2360567823343848,1,1,0,0,0.8814671898763901,40.062825290902815,Medium
CUST02202,NC,130,True,3.5,2,0.2390220820189274,-1,-1,1,0,0.9899191445809092,61.23777807037432,Medium
CUST02203,NM,158,False,2.0,0,0.2179616724738675,1,1,0,0,0.1106848753778973,27.71903825316013,Low
CUST02204,MS,145,False,1.0,3,0.1811575562700964,1,1,0,0,0.1450992857375221,6.322515206806988,Low
CUST02205,TX,90,True,0.0,3,0.20198606271777,1,1,0,0,0.977359248105709,36.294157630108806,Medium
CUST02206,OK,127,False,3.0,5,0.1087234042553191,-1,-1,1,0,0.107509118461052,29.379973638386243,Low
CUST02207,ID,109,False,1.0,2,0.1718306010928962,1,1,0,0,0.1305139779907151,11.79625038025923,Low
CUST02208,AL,88,False,1.0,3,0.1866785714285714,1,1,0,0,0.0442653088698456,6.549202892216536,Low
CUST02209,WY,101,False,0.0,9,0.1744372990353697,1,1,0,0,0.0912342162795164,17.042805441403445,Low
CUST02210,VA,21,False,1.0,2,0.187940379403794,1,1,0,0,0.1312123283068364,12.850650088499075,Low
CUST02211,WV,145,False,2.0,1,0.2119266055045871,1,1,0,0,0.0557184929634703,8.290941164237736,Low
CUST02212,CA,33,False,1.0,7,0.1541717791411043,1,1,0,0,0.0501817264155455,12.623771569241567,Low
CUST02213,PA,61,True,2.0,2,0.1484067796610169,1,1,0,0,0.7762183203080367,31.49224230044131,Low
CUST02214,CO,107,False,3.0,1,0.1843302180685358,1,1,0,0,0.0909923907071741,14.616124660276213,Low
CUST02215,MD,147,True,0.0,1,0.3128294573643411,1,1,0,1,0.9869650732403472,81.65813798214823,High
CUST02216,AL,95,False,1.0,6,0.2012462908011869,1,1,0,0,0.2452991620182397,15.907257888209635,Low
CUST02217,MI,128,False,0.0,4,0.2309352517985611,1,1,0,0,0.1068394028857015,9.864527147427893,Low
CUST02218,OH,134,False,2.0,2,0.1206343283582089,1,1,0,0,0.1299113056562186,25.691609920060817,Low
CUST02219,IN,96,False,1.0,7,0.2120034246575342,1,1,0,0,0.0563353104025942,12.129738522655195,Low
CUST02220,SC,107,False,0.0,3,0.2502985074626865,1,1,0,0,0.0829735431858821,13.219624260764236,Low
CUST02221,KS,123,False,2.0,1,0.1462881355932203,1,1,0,0,0.0452572903265849,15.688603421107219,Low
CUST02222,OK,35,False,2.0,7,0.2757999999999999,1,1,0,0,0.1414285994366078,24.912484600978072,Low
CUST02223,IL,137,True,0.0,4,0.2611764705882353,1,1,0,0,0.9822504452027948,42.43500836329687,Medium
CUST02224,TN,88,False,1.0,7,0.1760650887573964,1,1,0,0,0.1309568479953973,7.010183845882062,Low
CUST02225,NC,116,False,3.0,2,0.1562058823529411,1,1,0,0,0.0704882565163163,9.119398920475815,Low
CUST02226,RI,123,False,2.0,3,0.2598355263157894,1,1,0,0,0.0946433154623735,16.497089394211926,Low
CUST02227,VA,146,False,1.0,6,0.1879611650485436,1,1,0,0,0.1534998095977001,16.55845175232016,Low
CUST02228,KY,106,False,3.0,4,0.1621070234113712,1,1,0,0,0.070823431760098,25.37464694143675,Low
CUST02229,NV,121,False,1.0,2,0.1535409836065573,1,1,0,0,0.086524491936479,10.509500096535666,Low
CUST02230,WI,137,False,1.0,2,0.2031496062992126,1,1,0,0,0.1246304343473963,11.319350119652041,Low
CUST02231,NE,67,False,1.0,6,0.2445528455284553,1,1,0,0,0.0818845682492587,10.563341649229159,Low
CUST02232,WI,161,True,3.5,2,0.168704318936877,1,1,0,0,0.9867601245862376,45.415302463741824,Medium
CUST02233,ME,62,True,0.0,3,0.1903013698630137,1,1,0,0,0.9843087994202028,42.44736759211588,Medium
CUST02234,WY,120,False,1.0,13,0.2340273037542662,1,1,0,1,0.1061000462521267,52.016847381537744,Medium
CUST02235,IN,130,False,0.0,7,0.1678260869565217,1,1,0,0,0.1013844939789027,17.619927643432515,Low
CUST02236,WI,20,False,2.0,6,0.2745418326693227,1,1,0,0,0.1499829987981135,16.5439562541703,Low
CUST02237,CA,112,False,0.0,4,0.1794382022471909,1,1,0,0,0.1929697053020045,15.650881564742047,Low
CUST02238,IN,77,False,3.0,4,0.2351438848920863,1,1,0,0,0.1426625832720739,10.837242400025406,Low
CUST02239,SC,109,False,2.0,3,0.270609756097561,1,1,0,0,0.1101923751458884,11.929328121510856,Low
CUST02240,IN,108,False,3.0,3,0.2063036303630362,1,1,0,0,0.0876176298271163,7.761620600306235,Low
CUST02241,IA,79,False,1.0,2,0.1896284829721362,1,1,0,0,0.0574838800848896,3.7213643615923524,Low
CUST02242,MN,38,True,3.5,3,0.1778616352201258,1,1,0,0,0.5155799964477081,24.10251216051883,Low
CUST02243,AR,109,True,3.5,6,0.1672049689440993,1,1,0,0,0.9612789469650186,42.98175330486544,Medium
CUST02244,MS,78,False,1.0,6,0.1584210526315789,1,1,0,0,0.1457608836984897,25.048969610195964,Low
CUST02245,MN,134,False,0.0,2,0.2128405797101449,1,1,0,0,0.3779420884118682,25.502834287895233,Low
CUST02246,WA,47,False,2.0,4,0.1756535947712418,1,1,0,0,0.0434597375662319,10.900577586321408,Low
CUST02247,MS,59,False,0.0,3,0.1413684210526316,1,1,0,0,0.0643337388664198,15.16355539632033,Low
CUST02248,ID,151,False,0.0,3,0.236734693877551,1,1,0,0,0.1989122866146417,20.648662218832325,Low
CUST02249,NC,129,False,1.0,4,0.1120533333333333,1,1,0,0,0.1879061651374333,24.11748670422305,Low
CUST02250,VA,107,False,2.0,7,0.2514723926380368,-1,-1,1,0,0.1447748839630689,33.00595843890872,Medium
CUST02251,MT,137,True,0.0,3,0.2275301204819277,1,1,0,0,0.9611040243482972,37.84046198837535,Medium
CUST02252,MI,76,False,1.0,2,0.1513898305084745,1,1,0,0,0.1353664438384998,20.576225351946782,Low
CUST02253,HI,24,False,0.0,2,0.1569172932330826,-1,-1,1,0,0.1291806141162302,31.269336856373066,Low
CUST02254,NC,169,False,2.0,4,0.1996197718631178,1,1,0,0,0.1069083508307253,12.240019574121213,Low
CUST02255,MN,30,False,1.0,8,0.1402564102564102,1,1,0,0,0.0865799108577077,21.62897867242984,Low
CUST02256,WV,70,False,3.0,3,0.1946753246753246,1,1,0,0,0.0746883113551681,10.079306642261471,Low
CUST02257,SD,52,True,0.0,2,0.2808695652173913,1,1,0,0,0.9822057062437968,44.808638735416814,Medium
CUST02258,HI,3,False,3.5,3,0.2002356902356902,1,1,0,0,0.3695366512871664,27.217841153828765,Low
CUST02259,MS,38,False,2.0,2,0.1589968652037617,1,1,0,0,0.1087885423076919,13.535624081167407,Low
CUST02260,NY,104,False,3.0,8,0.2375177304964539,1,1,0,0,0.1390417697832693,19.62337284648189,Low
CUST02261,LA,27,False,1.0,4,0.1331212121212121,1,1,0,0,0.1550607243489141,14.061202378837182,Low
CUST02262,MA,13,False,2.0,8,0.2366555183946488,1,1,0,0,0.1630669290612393,16.848105346083607,Low
CUST02263,AK,52,False,2.0,4,0.1969,1,1,0,0,0.0218799999587928,6.8421670748520595,Low
CUST02264,SD,114,False,1.0,5,0.1909933774834437,1,1,0,0,0.1260129127651038,12.327944590572596,Low
CUST02265,CO,156,False,1.0,3,0.1604560260586319,1,1,0,0,0.0669696702860161,18.84467959357149,Low
CUST02266,WV,62,False,2.0,5,0.1588109756097561,1,1,0,0,0.0471044995167625,7.969523237657497,Low
CUST02267,ME,52,False,3.0,4,0.1790145985401459,1,1,0,0,0.0777881799322793,12.328237698508522,Low
CUST02268,NH,146,False,1.0,6,0.198156862745098,1,1,0,0,0.096100585789151,11.207970779932799,Low
CUST02269,RI,120,False,2.0,5,0.2268125,1,1,0,0,0.0403485112576793,11.436659668128893,Low
CUST02270,WI,90,False,1.0,9,0.1330656934306569,1,1,0,0,0.0776705161733169,20.995826590844807,Low
CUST02271,NM,147,False,1.0,4,0.1687261146496815,1,1,0,0,0.1107530719124915,9.073385166103916,Low
CUST02272,WY,159,True,0.0,3,0.194375,1,1,0,0,0.6864664965506405,31.74995431120788,Low
CUST02273,IL,74,False,3.5,2,0.1633611111111111,1,1,0,0,0.3350064443254363,31.75428038368325,Low
CUST02274,MI,87,False,2.0,4,0.2234200743494423,1,1,0,0,0.043692407818977,18.689411517922142,Low
CUST02275,VA,99,False,2.0,9,0.1453602305475504,1,1,0,0,0.1242527003840935,24.181029947272457,Low
CUST02276,SD,131,False,2.0,11,0.1753602305475504,1,1,0,0,0.1101602773734098,13.420196199321971,Low
CUST02277,AL,89,True,3.5,4,0.2165020576131687,1,1,0,0,0.9530533321015616,41.33546525763641,Medium
CUST02278,MS,123,True,3.5,6,0.134540059347181,1,1,0,0,0.9739004943590476,48.50865211786518,Medium
CUST02279,MS,130,False,1.0,4,0.2141193181818182,1,1,0,0,0.0662991226045774,10.11423047321913,Low
CUST02280,HI,99,False,1.0,6,0.1688888888888889,1,1,0,0,0.0843301727810596,9.569387869367729,Low
CUST02281,WV,36,False,1.0,3,0.1708563535911602,1,1,0,0,0.2038942748925638,20.4810239252653,Low
CUST02282,WV,87,False,3.0,5,0.1594516129032258,1,1,0,0,0.0926832982186567,12.540784781483438,Low
CUST02283,WV,139,False,2.0,9,0.1817195767195767,1,1,0,0,0.2537566859541472,28.4266769967498,Low
CUST02284,IN,189,False,1.0,7,0.2146520146520147,1,1,0,0,0.0782680051263498,14.806989405572105,Low
CUST02285,NM,96,False,3.0,15,0.1962458471760797,1,1,0,1,0.1098974467328524,48.06912434571612,Medium
CUST02286,DE,112,False,2.0,5,0.1527062706270626,1,1,0,0,0.170496223058775,14.36340740166034,Low
CUST02287,NJ,108,False,0.0,7,0.1741946308724832,1,1,0,0,0.0689828342278465,10.30117903338593,Low
CUST02288,RI,121,False,0.0,2,0.1993215339233038,1,1,0,0,0.0401364847058754,6.186219769162092,Low
CUST02289,SD,116,False,1.0,6,0.1370934256055363,1,1,0,0,0.1099371090880415,15.46195914365334,Low
CUST02290,NH,161,False,1.0,4,0.2312550607287449,1,1,0,0,0.0955216077551898,9.806395706857222,Low
CUST02291,AL,19,False,0.0,4,0.2120440251572326,1,1,0,0,0.3199877125184048,26.93555310456502,Low
CUST02292,ID,119,False,0.0,4,0.2107266435986159,1,1,0,0,0.0993004827274784,5.80393942422897,Low
CUST02293,MD,125,False,0.0,2,0.2079729729729729,1,1,0,0,0.1951808782253682,14.443137911982024,Low
CUST02294,IN,156,False,1.0,4,0.1801086956521738,1,1,0,0,0.1555752963130505,17.567876860389177,Low
CUST02295,WY,109,False,2.0,5,0.1571044776119403,1,1,0,0,0.1408342157460146,9.484305844701483,Low
CUST02296,NH,95,False,2.0,3,0.1626710097719869,1,1,0,0,0.1127691190219112,6.475442089733397,Low
CUST02297,MN,90,False,1.0,4,0.1521003134796238,1,1,0,0,0.0692404921569537,23.218481987694503,Low
CUST02298,MA,105,False,2.0,3,0.2236653386454183,1,1,0,0,0.037791582550776,12.377354221371613,Low
CUST02299,NH,101,False,1.0,4,0.210611620795107,1,1,0,0,0.1756656142178541,9.043899644945395,Low
CUST02300,MN,95,False,1.0,2,0.1759281437125748,1,1,0,0,0.2203013031133865,12.448406659373868,Low
CUST02301,IA,123,False,0.0,4,0.1957425742574257,1,1,0,0,0.0721782875236098,7.5938830759404965,Low
CUST02302,AL,141,False,1.0,3,0.230532212885154,1,1,0,0,0.1345909170607298,23.79113846759258,Low
CUST02303,CA,75,False,3.5,3,0.2466312056737588,1,1,0,0,0.2561458624670285,17.986948158477826,Low
CUST02304,MA,126,False,0.0,6,0.1578231292517006,1,1,0,0,0.0768993240786448,27.45387172539883,Low
CUST02305,FL,153,False,0.0,2,0.1865042979942693,1,1,0,0,0.1663842881090154,16.187632598854165,Low
CUST02306,NH,97,True,2.0,6,0.1579552715654952,1,1,0,0,0.775095192405449,35.40547525104471,Medium
CUST02307,IN,115,False,2.0,4,0.1479677419354838,1,1,0,0,0.0674446805652749,11.063836011913839,Low
CUST02308,MA,17,True,0.0,3,0.2151633986928104,1,1,0,0,0.976112479312317,43.46902699381921,Medium
CUST02309,NH,105,False,1.0,2,0.2283601286173633,1,1,0,0,0.0633537136227318,11.068979051840229,Low
CUST02310,TX,121,False,2.0,9,0.1522923588039867,1,1,0,0,0.1428732425634037,21.41794749263841,Low
CUST02311,NC,125,False,2.0,2,0.2263230240549828,1,1,0,0,0.1140377501259103,9.907515584863058,Low
CUST02312,CT,124,False,2.0,2,0.1509333333333333,1,1,0,0,0.08470994548118,10.364178655022371,Low
CUST02313,LA,123,False,3.0,2,0.2836363636363636,1,1,0,0,0.1352514228550829,17.839613932588712,Low
CUST02314,NV,124,False,3.0,6,0.2398305084745762,1,1,0,0,0.1795076273879813,20.00483242343904,Low
CUST02315,WV,133,False,2.0,3,0.2022142857142857,1,1,0,0,0.0784226921309227,7.253829010327721,Low
CUST02316,SC,1,False,1.0,2,0.20052,1,1,0,0,0.1273747113023836,12.697112264476026,Low
CUST02317,KS,107,False,1.0,5,0.1657142857142857,1,1,0,0,0.0420297417434523,19.057939758059405,Low
CUST02318,NY,91,False,1.0,3,0.1845573770491803,1,1,0,0,0.0342325254858983,10.60546089516588,Low
CUST02319,MI,178,True,2.0,2,0.1477675840978593,1,1,0,0,0.7153586324044592,33.74611881472695,Medium
CUST02320,MA,123,False,1.0,11,0.2516,1,1,0,0,0.1229721037148748,20.108688526914108,Low
CUST02321,UT,170,True,1.0,4,0.2659515570934256,-1,1,0,0,0.9811508627345824,55.4300600172005,Medium
CUST02322,HI,135,False,1.0,2,0.2309019607843137,1,1,0,0,0.2256422321082767,17.94000052379064,Low
CUST02323,OR,134,False,2.0,4,0.1621739130434782,1,1,0,0,0.2102442462014284,14.365300775105094,Low
CUST02324,CT,93,True,1.0,6,0.2188921282798834,1,1,0,0,0.9630167838794288,43.49941419306212,Medium
CUST02325,AZ,138,False,0.0,1,0.2102033898305084,1,1,0,0,0.1552267654278832,17.344302462930685,Low
CUST02326,OR,159,False,0.0,5,0.1629487179487179,1,1,0,0,0.0973577809785097,10.603018865521676,Low
CUST02327,DE,103,False,1.0,7,0.1732720588235294,1,1,0,0,0.0869177973902743,9.954282117459186,Low
CUST02328,MA,150,False,0.0,6,0.2010032362459547,1,1,0,0,0.0401706120602933,11.045861182876365,Low
CUST02329,CT,37,False,3.0,2,0.1709620991253644,1,1,0,0,0.1095473591548507,19.541214708833994,Low
CUST02330,AR,33,False,0.0,4,0.1559546925566343,1,1,0,0,0.0945748522907527,13.553612267986553,Low
CUST02331,SD,55,False,1.0,4,0.2470848708487084,1,1,0,0,0.1369807975349345,17.45562432381092,Low
CUST02332,CT,107,False,2.0,5,0.1406333333333333,1,1,0,0,0.1355662156096586,18.378713305723778,Low
CUST02333,MS,78,True,1.0,5,0.1360955056179775,1,1,0,0,0.4769684346013159,23.03705331977572,Low
CUST02334,MT,85,True,3.5,7,0.1575524475524475,1,1,0,0,0.970726458506644,48.35321200687662,Medium
CUST02335,AK,61,False,2.0,3,0.2325396825396825,1,1,0,0,0.0589137527646479,14.87500383078084,Low
CUST02336,DE,97,False,3.5,4,0.253984375,1,1,0,0,0.1638524964490043,24.75211351624976,Low
CUST02337,OH,136,False,2.0,9,0.1587031700288184,1,1,0,0,0.1362944437664747,11.515014004892365,Low
CUST02338,MN,135,False,3.0,9,0.1718909090909091,1,1,0,0,0.0670901548683153,25.886693544936577,Low
CUST02339,CA,87,False,1.0,0,0.1943425605536332,1,1,0,0,0.0316568733546101,23.949622675900713,Low
CUST02340,NV,148,True,2.0,2,0.2718835616438356,1,1,0,0,0.9739119310500398,42.42862776222247,Medium
CUST02341,SC,99,False,2.0,2,0.1425862068965517,1,1,0,0,0.0738045927031222,13.352387382444586,Low
CUST02342,WV,123,False,2.0,2,0.2055223880597015,1,1,0,0,0.0728107782516711,6.740536130279465,Low
CUST02343,NM,127,False,1.0,3,0.2333865814696485,1,1,0,0,0.3947292622267379,21.826484973488444,Low
CUST02344,WY,151,False,0.0,3,0.1869454545454545,1,1,0,0,0.0562667872432081,20.12282491160698,Low
CUST02345,CA,185,False,1.0,4,0.1897586206896551,1,1,0,0,0.0948815482255226,6.184130435120566,Low
CUST02346,WY,58,False,3.5,2,0.2095987654320987,1,1,0,0,0.2408564826302309,23.92925577972225,Low
CUST02347,MA,58,False,3.5,0,0.1909501557632398,-1,-1,1,0,0.2101697739577483,33.145094336487546,Medium
CUST02348,UT,108,False,0.0,5,0.209419795221843,1,1,0,0,0.0957817852726467,10.548870694762009,Low
CUST02349,MN,132,False,1.0,4,0.1603273809523809,1,1,0,0,0.1537353121801727,9.978764094207678,Low
CUST02350,NE,80,False,2.0,2,0.206311475409836,1,1,0,0,0.0751814400460562,23.402631493090194,Low
CUST02351,KY,110,False,2.0,3,0.2217551020408163,1,1,0,0,0.1169024695946552,28.523418623979268,Low
CUST02352,NY,168,True,2.0,2,0.1586486486486486,1,1,0,0,0.732661401750461,34.53288873723581,Medium
CUST02353,CO,125,False,1.0,3,0.1544409937888198,1,1,0,0,0.05559786535752,4.545714914361554,Low
CUST02354,DC,170,False,2.0,3,0.1969871794871795,1,1,0,0,0.1358499706117273,11.17367744593436,Low
CUST02355,AK,71,False,3.0,4,0.2134782608695652,1,1,0,0,0.0762862838392411,15.402018694302106,Low
CUST02356,SC,124,False,1.0,12,0.1311081081081081,1,1,0,1,0.0778275830819466,55.38933394818408,Medium
CUST02357,KS,68,False,2.0,6,0.2297643097643097,1,1,0,0,0.1151452575751256,11.588857091862094,Low
CUST02358,UT,97,False,1.0,6,0.2223931623931624,1,-1,0,0,0.0973704825296438,22.34589106219281,Low
CUST02359,IL,98,False,1.0,4,0.2577991452991452,-1,1,0,0,0.1252417431432093,29.418003794973245,Low
CUST02360,DC,24,True,2.0,3,0.2191592920353982,1,1,0,0,0.6483735807886655,30.820992399687547,Low
CUST02361,DC,136,False,0.0,2,0.2338709677419354,1,1,0,0,0.1041750947646709,11.120214318382052,Low
CUST02362,OK,44,True,0.0,2,0.2715658362989323,1,1,0,0,0.9452448005464236,42.32219962328115,Medium
CUST02363,KY,96,False,0.0,4,0.1237704918032786,1,-1,0,0,0.0886510228873131,23.264747975893922,Low
CUST02364,HI,24,False,1.0,5,0.1392638036809816,1,1,0,0,0.0684180818848265,10.35300525399374,Low
CUST02365,SC,112,False,3.5,1,0.2532653061224489,1,1,0,0,0.1359195413184283,17.881774769259433,Low
CUST02366,GA,117,True,1.0,3,0.2767010309278351,1,1,0,0,0.9870779425145472,41.846670080243385,Medium
CUST02367,KS,137,False,0.0,2,0.1754390934844192,1,1,0,0,0.0558710200508724,13.465643292342067,Low
CUST02368,UT,95,False,0.0,2,0.202051282051282,1,1,0,0,0.162459369557068,15.099809721363597,Low
CUST02369,ND,145,True,1.0,13,0.2370746268656716,1,1,0,1,0.9599575363716468,77.49229615330158,High
CUST02370,KY,56,False,1.0,5,0.2095608108108108,1,1,0,0,0.1211062984084414,8.378478476639884,Low
CUST02371,OH,133,True,0.0,4,0.1558841463414634,1,1,0,0,0.1278725856762567,9.973538451356445,Low
CUST02372,TX,53,False,2.0,7,0.1649999999999999,1,1,0,0,0.088016517906594,11.619839132115759,Low
CUST02373,WY,123,True,3.5,3,0.2393910256410256,1,1,0,0,0.9155176753017956,40.67838369530342,Medium
CUST02374,WV,62,False,1.0,5,0.1507255520504732,1,1,0,0,0.086637303672736,4.734326293194756,Low
CUST02375,MI,55,False,1.0,1,0.2031428571428571,1,1,0,0,0.0385093201387644,7.586720723396247,Low
CUST02376,NY,125,False,1.0,4,0.2561992619926199,1,1,0,0,0.1695063795165954,10.987967984153732,Low
CUST02377,TX,1,True,3.5,3,0.1792413793103448,1,1,0,0,0.946000693699009,39.17902247860488,Medium
CUST02378,KY,98,True,3.5,2,0.1596341463414634,1,1,0,0,0.9853865191609872,42.55146053709951,Medium
CUST02379,SD,105,False,1.0,5,0.2188636363636363,1,1,0,0,0.1078183647047914,15.965029257425323,Low
CUST02380,OR,99,True,3.0,1,0.3309777777777777,1,-1,0,1,0.9285865524317632,78.81046503393445,High
CUST02381,WV,177,False,1.0,5,0.2228373702422145,1,1,0,0,0.118345565491502,8.745652218570347,Low
CUST02382,CT,160,True,1.0,2,0.2052815013404826,1,1,0,0,0.9661748020735368,45.38518852267709,Medium
CUST02383,ND,90,False,1.0,12,0.1729934210526315,1,1,0,1,0.039519153600814,48.54799587652115,Medium
CUST02384,MI,148,True,0.0,2,0.2539442231075697,1,1,0,0,0.9763617014021494,41.74357990352073,Medium
CUST02385,MT,147,True,2.0,4,0.1767584097859327,1,1,0,0,0.7615969704538805,28.903678570193037,Low
CUST02386,WV,80,False,0.0,4,0.1679801324503311,1,1,0,0,0.0673897804133924,12.686490635259073,Low
CUST02387,AR,122,False,1.0,5,0.183301282051282,1,1,0,0,0.1380221569525537,5.827019267523373,Low
CUST02388,MT,132,False,0.0,2,0.1838535031847133,1,1,0,0,0.0630109162976178,11.412877102683177,Low
CUST02389,UT,83,False,1.0,5,0.2479710144927536,1,1,0,0,0.1225358714127125,10.720986313059846,Low
CUST02390,HI,99,True,3.5,3,0.1706493506493506,1,1,0,0,0.9659602490318804,35.55314482729379,Medium
CUST02391,KS,84,True,3.0,3,0.2475165562913907,1,1,0,0,0.9215588774114194,41.38750977758495,Medium
CUST02392,NY,46,False,1.0,6,0.1990128755364806,1,1,0,0,0.0857802513934213,13.704696917780451,Low
CUST02393,OH,87,False,2.0,5,0.1574736842105263,1,1,0,0,0.1801687512280356,17.13588301306196,Low
CUST02394,KS,73,False,1.0,6,0.2074242424242424,1,1,0,0,0.0389668276415795,12.40601074306216,Low
CUST02395,IN,7,False,3.0,5,0.2743253968253968,1,1,0,0,0.0760970773473644,12.665164610845956,Low
CUST02396,OR,89,False,2.0,3,0.1635446685878962,1,1,0,0,0.0380538132348913,6.336239542570299,Low
CUST02397,NY,131,True,3.0,3,0.15,1,1,0,0,0.9810861133014148,43.26070320468912,Medium
CUST02398,VA,105,False,3.0,5,0.3086324786324786,1,1,0,1,0.3482221968520126,57.4259536355344,Medium
CUST02399,ID,47,False,1.0,6,0.1650943396226415,1,1,0,0,0.052734612723343,5.692993218346542,Low
CUST02400,OR,161,False,1.0,3,0.2564529914529915,1,1,0,0,0.1020958488722508,9.931223848571252,Low
CUST02401,AZ,69,False,2.0,2,0.2108098591549295,1,1,0,0,0.0335504388320782,13.75535848811395,Low
CUST02402,PA,87,False,0.0,2,0.2158682634730538,1,1,0,0,0.131278698390158,18.943926160061864,Low
CUST02403,CO,71,False,0.0,3,0.2369899665551839,1,1,0,0,0.1950975042082234,14.490769599127201,Low
CUST02404,KY,76,False,1.0,5,0.2498513011152416,1,1,0,0,0.123218609299615,8.181620390020699,Low
CUST02405,NJ,87,False,3.0,4,0.2330496453900709,1,1,0,0,0.0994895444416725,20.922537000784544,Low
CUST02406,IL,117,False,1.0,3,0.1648275862068965,1,1,0,0,0.1131904408424653,6.780545843152789,Low
CUST02407,WA,177,True,3.0,8,0.3258050847457627,1,1,0,1,0.9801262986715348,79.20062416209501,High
CUST02408,WV,95,False,1.0,3,0.1736879432624113,1,1,0,0,0.1017712378137982,7.476064474845417,Low
CUST02409,OH,66,False,2.0,2,0.19478125,1,1,0,0,0.2873637498167784,18.03848444702586,Low
CUST02410,MO,110,False,1.0,7,0.147807486631016,1,1,0,0,0.0727968565008207,12.229608364268223,Low
CUST02411,VA,133,False,3.5,3,0.2571691176470588,1,1,0,0,0.1670518467396015,23.65163016760713,Low
CUST02412,FL,185,False,2.0,3,0.1442320819112628,1,1,0,0,0.1216415266901659,24.571593778525546,Low
CUST02413,NY,91,False,1.0,3,0.1612671232876712,1,1,0,0,0.1296522243586879,7.614495600137391,Low
CUST02414,WV,131,False,2.0,6,0.1966878980891719,1,1,0,0,0.0913773629883283,16.45925835674704,Low
CUST02415,LA,153,False,0.0,4,0.1393455497382199,1,1,0,0,0.1254379120444905,13.41691154985972,Low
CUST02416,MA,132,False,2.0,7,0.1831986531986532,1,1,0,0,0.0397480136426141,13.746070155492813,Low
CUST02417,AL,141,False,3.5,3,0.2610830324909747,1,1,0,0,0.5239993166718457,32.41213420297249,Low
CUST02418,ME,105,False,2.0,2,0.1491404011461318,1,1,0,0,0.0684637384226838,10.435922758181936,Low
CUST02419,TX,169,True,3.0,3,0.2458306188925081,1,1,0,0,0.954947362308225,46.25047722252799,Medium
CUST02420,ND,127,False,1.0,4,0.2351394422310757,1,1,0,0,0.0407931907477288,4.775789618404457,Low
CUST02421,LA,123,False,0.0,7,0.1803373015873016,-1,-1,1,0,0.0751085306962289,30.457221154593512,Low
CUST02422,MT,103,True,3.5,2,0.169272030651341,1,1,0,0,0.9851824639924256,52.576185900914126,Medium
CUST02423,OR,101,False,1.0,5,0.1712499999999999,1,1,0,0,0.1112688347906695,19.505167703191496,Low
CUST02424,NH,123,False,2.0,12,0.175578947368421,-1,-1,1,1,0.0529979347894638,57.74983394190192,Medium
CUST02425,NE,78,False,3.5,4,0.224,1,1,0,0,0.2508643796177349,16.090097908033442,Low
CUST02426,WV,101,False,3.5,6,0.2576140350877193,1,1,0,0,0.1695544158574604,18.72153250889265,Low
CUST02427,NV,129,False,1.0,6,0.1840853658536585,1,1,0,0,0.1327657091672043,9.703466621335103,Low
CUST02428,MA,67,False,0.0,4,0.1639193083573487,1,1,0,0,0.0864634412574414,6.074883515317965,Low
CUST02429,MI,37,False,3.0,5,0.1815963855421686,1,1,0,0,0.0619304609953788,10.961525436516435,Low
CUST02430,WV,173,False,1.0,7,0.1126911314984709,1,1,0,0,0.0779149225095074,14.543648975740386,Low
CUST02431,KY,135,False,1.0,3,0.2198134328358209,1,1,0,0,0.2434410999735195,16.022699268947765,Low
CUST02432,NJ,75,False,1.0,8,0.2151666666666666,1,1,0,0,0.0258663206803219,13.006244796659372,Low
CUST02433,ME,88,True,3.5,3,0.1735384615384615,1,1,0,0,0.9685389240591746,46.81600524159,Medium
CUST02434,TX,112,False,3.0,5,0.2021383647798742,1,1,0,0,0.1090874320804318,8.560082838924432,Low
CUST02435,MN,113,False,0.0,4,0.1745244956772334,1,1,0,0,0.1062694409950279,14.925112253670525,Low
CUST02436,VA,121,False,2.0,3,0.1659230769230769,1,1,0,0,0.0487194523257473,14.772249546167798,Low
CUST02437,MD,90,False,0.0,4,0.1761162079510703,1,1,0,0,0.177223684805797,16.768871430781513,Low
CUST02438,RI,39,False,0.0,4,0.1438360655737705,1,1,0,0,0.1316209375020822,17.193081953619664,Low
CUST02439,MD,176,False,1.0,2,0.2203846153846153,1,1,0,0,0.0938895277514705,8.993883280271369,Low
CUST02440,NM,105,False,1.0,2,0.2023928571428571,1,1,0,0,0.1424661405800102,9.441568594793633,Low
CUST02441,MN,57,True,2.0,3,0.2869924812030075,1,1,0,0,0.9632472146931126,39.47456062134071,Medium
CUST02442,MI,110,False,1.0,4,0.1465338645418326,-1,-1,1,0,0.0358281814590141,30.253859513517874,Low
CUST02443,AL,95,False,0.0,6,0.1829523809523809,1,1,0,0,0.0742796846281383,15.060592736818645,Low
CUST02444,MI,147,False,3.0,3,0.176523178807947,1,1,0,0,0.1147005236533138,26.5892544176677,Low
CUST02445,SC,101,True,3.5,4,0.1670118343195266,1,1,0,0,0.9624225709929992,40.6943985156503,Medium
CUST02446,MS,115,False,1.0,2,0.2041254125412541,1,1,0,0,0.1017206227896626,13.115967392075692,Low
CUST02447,MS,103,False,2.0,2,0.16621875,1,1,0,0,0.1281280551538671,11.118651029118215,Low
CUST02448,CA,82,False,0.0,10,0.1773259052924791,1,1,0,0,0.105770098104911,17.281620563652567,Low
CUST02449,MD,141,False,0.0,7,0.1797922848664688,1,1,0,0,0.1049227565455786,11.16961652277277,Low
CUST02450,ND,149,False,2.0,2,0.1854983922829582,1,1,0,0,0.0820562705147129,7.203486567122834,Low
CUST02451,SD,119,False,1.0,3,0.1710344827586206,1,1,0,0,0.1233329158194159,14.758176384355599,Low
CUST02452,AL,112,False,3.0,8,0.2037162162162162,1,1,0,0,0.0576699150767918,13.647927802577959,Low
CUST02453,NV,116,False,2.0,2,0.1492651757188498,1,1,0,0,0.1231051847775222,8.694840781489575,Low
CUST02454,LA,94,False,3.0,5,0.242595818815331,1,1,0,0,0.134946892946426,15.257643693343805,Low
CUST02455,VA,90,False,2.0,6,0.2137730061349693,1,1,0,0,0.1690104287350027,13.972069692526008,Low
CUST02456,DE,114,False,0.0,4,0.2062987012987013,1,1,0,0,0.0760408510677025,8.789536049846548,Low
CUST02457,CT,63,False,1.0,2,0.1595999999999999,1,1,0,0,0.0442909765825509,13.661413987975566,Low
CUST02458,MA,122,False,3.0,6,0.237725631768953,1,1,0,0,0.0678603482316827,11.070686032922836,Low
CUST02459,WA,62,False,0.0,4,0.1388401253918495,1,1,0,0,0.1011497177534448,11.83667594170391,Low
CUST02460,SC,78,False,2.0,1,0.2117120622568093,1,1,0,0,0.0567713006410328,11.038237043787785,Low
CUST02461,IN,148,False,1.0,3,0.1718770226537217,1,1,0,0,0.0906495661487445,5.652748438093757,Low
CUST02462,MD,154,True,3.0,2,0.1857666666666667,1,1,0,0,0.14808578967905,12.45895325508534,Low
CUST02463,NV,110,False,1.0,12,0.1506140350877193,1,1,0,1,0.1025914988723762,51.962073903536336,Medium
CUST02464,TX,75,True,0.0,5,0.2360818713450292,1,1,0,0,0.965788309717602,45.95040379615659,Medium
CUST02465,ND,84,False,2.0,5,0.1960197368421052,1,1,0,0,0.0602836941647393,8.064944072390443,Low
CUST02466,WV,113,False,1.0,3,0.1145171339563863,1,1,0,0,0.1057537118727274,20.89244547310366,Low
CUST02467,CO,181,False,2.0,3,0.2325,1,1,0,0,0.1636622116199294,25.459305339134442,Low
CUST02468,TX,51,False,2.0,3,0.181103448275862,1,1,0,0,0.0631554753274352,5.555544428665935,Low
CUST02469,FL,102,False,0.0,2,0.2595765472312703,1,1,0,0,0.1048639954984445,22.356250512189842,Low
CUST02470,AL,107,False,1.0,3,0.1359259259259259,1,1,0,0,0.1039212415111378,17.22731005010763,Low
CUST02471,WV,88,True,3.5,2,0.1526923076923076,1,1,0,0,0.9734502244792402,42.14557720514422,Medium
CUST02472,MI,82,False,0.0,4,0.1668181818181818,1,1,0,0,0.066708200065992,24.045133282546217,Low
CUST02473,NY,204,False,3.5,3,0.2177777777777778,1,1,0,0,0.2171777087754126,19.85203660122962,Low
CUST02474,MO,174,False,0.0,5,0.1802842377260981,1,1,0,0,0.1171709664443002,26.755793785151116,Low
CUST02475,AR,129,False,2.0,2,0.1779585798816568,1,1,0,0,0.2362834435062853,13.587654984512398,Low
CUST02476,MS,190,False,3.0,7,0.1933333333333333,1,1,0,0,0.1970010804798339,22.866210912508116,Low
CUST02477,NY,54,False,3.0,8,0.1938532110091743,1,1,0,0,0.2248889070052929,20.130610639025097,Low
CUST02478,SD,78,False,0.0,9,0.2215100671140939,1,1,0,0,0.1198797047241961,17.528617307446943,Low
CUST02479,AK,100,False,1.0,3,0.2018589743589743,1,1,0,0,0.1483365915444282,8.136638673867774,Low
CUST02480,WV,70,False,3.0,4,0.1997033898305084,1,1,0,0,0.0508669920657325,14.368493281309924,Low
CUST02481,VA,117,False,1.0,3,0.1444606413994169,1,1,0,0,0.1495862679938169,12.386182137837684,Low
CUST02482,MS,68,False,0.0,2,0.1572692307692307,1,1,0,0,0.1012068836305958,15.657056692625273,Low
CUST02483,SD,27,True,2.0,3,0.2298159509202453,1,1,0,0,0.9312003622253868,35.91151416427171,Medium
CUST02484,MN,91,False,1.0,2,0.1897211155378486,1,1,0,0,0.1141063579078789,11.104799898930098,Low
CUST02485,AL,181,False,1.0,4,0.2159803921568627,1,1,0,0,0.1114603464850392,6.162353626642444,Low
CUST02486,CO,118,False,3.0,5,0.2607958477508651,1,1,0,0,0.0831913132560407,21.87234820770456,Low
CUST02487,ME,112,False,2.0,11,0.1769254658385093,1,1,0,0,0.0845891733692069,14.545725998761297,Low
CUST02488,GA,93,False,0.0,4,0.1509711286089239,1,1,0,0,0.1408917406545132,13.510855107591466,Low
CUST02489,AZ,102,False,0.0,10,0.1723148148148148,1,1,0,0,0.1288187319777982,13.117056767180143,Low
CUST02490,MA,93,False,0.0,2,0.2001628664495114,1,1,0,0,0.1354898552846484,17.863053609650628,Low
CUST02491,AZ,107,False,1.0,5,0.13,1,1,0,0,0.1803013758151614,19.867890693414697,Low
CUST02492,DE,115,False,2.0,1,0.2109609609609609,1,1,0,0,0.1037811784078537,15.7106473187269,Low
CUST02493,WI,63,False,0.0,2,0.2850228310502283,1,1,0,0,0.0871674807234416,14.683084888071674,Low
CUST02494,DC,119,False,1.0,5,0.1480838323353293,1,1,0,0,0.0764958461015099,5.1462450644978475,Low
CUST02495,GA,73,False,1.0,4,0.2121280276816609,1,1,0,0,0.1488482884216611,10.672661322631102,Low
CUST02496,HI,98,False,2.0,8,0.1654181818181818,1,1,0,0,0.0957878622941482,13.047092838783222,Low
CUST02497,VA,139,False,0.0,13,0.1483651226158038,1,1,0,1,0.2099675913769656,54.42080963633779,Medium
CUST02498,NY,31,False,1.0,7,0.1938414634146341,1,1,0,0,0.0570553429047792,7.696238415909491,Low
CUST02499,PA,129,False,1.0,5,0.216955017301038,1,1,0,0,0.0475570141611961,4.0498678941722694,Low
CUST02500,AR,115,True,3.5,3,0.1883206106870228,1,1,0,0,0.9670418319741052,38.93747287826665,Medium
CUST02501,HI,108,True,2.0,9,0.265112540192926,1,1,0,0,0.979178831473163,48.89746277125717,Medium
CUST02502,WV,102,False,3.5,1,0.2137060702875399,1,1,0,0,0.1812767620469933,18.007449757966874,Low
CUST02503,OK,149,False,1.0,1,0.259344262295082,1,1,0,0,0.1237791534755591,12.0866590994621,Low
CUST02504,ND,131,False,1.0,5,0.1891719745222929,1,1,0,0,0.0712246580537074,13.052505531591333,Low
CUST02505,MO,83,False,0.0,10,0.1341076487252124,1,1,0,0,0.0755526885729466,21.282339643595517,Low
CUST02506,AR,96,False,2.0,6,0.2289164086687306,1,1,0,0,0.0898769070031087,20.302130203016517,Low
CUST02507,GA,98,False,1.0,7,0.1434883720930232,1,1,0,0,0.072351994600867,18.694072807672793,Low
CUST02508,TN,3,False,3.0,3,0.1766568914956011,1,1,0,0,0.1228733682920528,15.690925129635168,Low
CUST02509,MA,77,False,0.0,5,0.2252083333333333,1,1,0,0,0.0736805155371841,5.587541372420351,Low
CUST02510,ND,75,False,3.0,2,0.2045970149253731,1,1,0,0,0.0656538246424275,10.801517070396024,Low
CUST02511,IA,40,True,3.5,3,0.1547752808988764,1,1,0,0,0.9668516588211822,40.44022341051288,Medium
CUST02512,AL,16,False,3.0,11,0.172874617737003,1,1,0,0,0.0838857359237788,19.80418777034254,Low
CUST02513,NY,115,False,2.0,4,0.1397041420118343,1,1,0,0,0.0747314121276665,12.1446741545071,Low
CUST02514,PA,108,False,3.0,1,0.1600332225913621,1,1,0,0,0.0543570773327209,14.323105606630104,Low
CUST02515,VT,107,False,3.5,3,0.2499574468085106,1,1,0,0,0.3187917640850097,23.26942231801991,Low
CUST02516,NC,161,True,2.0,5,0.2539244186046512,1,1,0,0,0.9776218320153118,50.613072968189954,Medium
CUST02517,CT,147,False,2.0,4,0.2067730496453901,1,1,0,0,0.1373454204459659,19.879999771365945,Low
CUST02518,MO,107,False,3.0,5,0.1398045602605863,1,1,0,0,0.0348131101273839,12.723598418284304,Low
CUST02519,AK,58,False,3.0,5,0.1589490445859872,1,1,0,0,0.0691916151083223,13.368216996308027,Low
CUST02520,LA,91,False,2.0,3,0.1705498281786941,1,1,0,0,0.1202549760334933,13.157034089989972,Low
CUST02521,AL,13,False,2.0,5,0.1594366197183098,1,1,0,0,0.1231927714826202,15.712093469754032,Low
CUST02522,MA,93,False,1.0,4,0.2535869565217391,1,1,0,0,0.0655815520176697,4.679275705992082,Low
CUST02523,DE,95,False,2.0,4,0.1810223642172524,1,1,0,0,0.0525352493123856,5.883099091383406,Low
CUST02524,SC,104,False,3.0,4,0.1218181818181818,1,1,0,0,0.1346537669958514,20.057684061004856,Low
CUST02525,NH,35,True,3.5,2,0.1558990536277602,1,1,0,0,0.9689937754703029,39.60689284195939,Medium
CUST02526,LA,62,False,3.0,4,0.2103125,1,1,0,0,0.0765505503048483,5.901392915860317,Low
CUST02527,MS,143,False,1.0,5,0.2172666666666667,1,1,0,0,0.1067364463435665,12.839518650288156,Low
CUST02528,WA,60,True,0.0,2,0.1989859154929577,1,1,0,0,0.9669701757989791,39.92596915438321,Medium
CUST02529,SC,41,False,1.0,4,0.1979393939393939,1,1,0,0,0.1063492609341229,9.267207997928752,Low
CUST02530,ME,56,True,0.0,5,0.2353395061728395,1,1,0,0,0.3856002914045014,26.209287741252997,Low
CUST02531,AZ,94,False,2.0,4,0.2292250922509225,1,1,0,0,0.0929800608457455,8.84839448351913,Low
CUST02532,CT,73,False,2.0,3,0.1720426829268292,1,1,0,0,0.2237776903375132,13.538848859636616,Low
CUST02533,AR,127,True,3.5,4,0.1420289855072463,1,1,0,0,0.9770365126463548,53.55008581351666,Medium
CUST02534,RI,33,False,3.0,5,0.1897546012269938,1,1,0,0,0.099621648825151,6.673857052030445,Low
CUST02535,NV,148,False,2.0,5,0.1975,1,1,0,0,0.158097208817391,16.31877172222587,Low
CUST02536,UT,81,False,0.0,3,0.1464488636363636,1,1,0,0,0.1323381251938086,16.049003647314215,Low
CUST02537,NC,122,False,2.0,3,0.2698529411764706,1,1,0,0,0.0894741945827806,15.511845909512761,Low
CUST02538,MI,52,False,1.0,5,0.1983333333333333,1,1,0,0,0.145579912423397,10.157764706794541,Low
CUST02539,WI,91,False,1.0,3,0.2184511784511784,1,1,0,0,0.0764562369939847,3.7839025633020418,Low
CUST02540,AR,54,True,2.0,2,0.2403205128205127,1,1,0,0,0.6279555489794201,29.255853515361007,Low
CUST02541,NH,152,False,1.0,2,0.2002597402597402,1,1,0,0,0.1260271675678848,8.664845980503083,Low
CUST02542,TX,201,True,1.0,4,0.2781138790035586,1,1,0,0,0.7711004342952813,31.271200831924016,Low
CUST02543,ID,78,True,3.5,3,0.1271019108280255,1,1,0,0,0.9767754664128552,43.95144489725603,Medium
CUST02544,CT,67,False,0.0,6,0.1693870967741935,1,1,0,0,0.0864948921182916,20.01328041062584,Low
CUST02545,NH,100,False,1.0,6,0.1967575757575757,1,1,0,0,0.0892028534161719,9.615819329645962,Low
CUST02546,WY,41,False,3.0,5,0.2392384105960265,1,1,0,0,0.2349702398878052,26.262704418384963,Low
CUST02547,OR,133,False,3.0,4,0.1655917159763313,1,1,0,0,0.1019959729137604,20.459178319523406,Low
CUST02548,SC,36,False,2.0,6,0.0964387464387464,-1,-1,1,0,0.1136565691563584,31.431313898189938,Low
CUST02549,MD,51,False,0.0,3,0.2497427652733118,1,1,0,0,0.0601685226758231,14.627995403315799,Low
CUST02550,NY,122,False,0.0,4,0.1596028880866425,1,1,0,0,0.0581410668805918,18.484574928877507,Low
CUST02551,UT,110,False,1.0,4,0.2018456375838926,1,1,0,0,0.1244179586704203,7.1638012337257,Low
CUST02552,AL,91,False,1.0,4,0.1399999999999999,1,1,0,0,0.1316545234723266,12.099563373564024,Low
CUST02553,DE,121,False,3.5,4,0.2231541218637992,1,1,0,0,0.2714356163936198,18.023332646230617,Low
CUST02554,WV,109,False,3.0,8,0.1849683544303797,1,1,0,0,0.0642260215546857,11.987179758965665,Low
CUST02555,NC,72,False,0.0,3,0.1800295857988165,1,1,0,0,0.0631827320005371,14.027193357893115,Low
CUST02556,AZ,108,False,3.0,6,0.179111111111111,1,1,0,0,0.0568671181484239,9.708520961758968,Low
CUST02557,ND,148,False,1.0,5,0.2093247588424437,1,1,0,0,0.105091785544648,17.984719698850498,Low
CUST02558,WA,76,True,0.0,5,0.2406644518272425,1,1,0,0,0.9776724719918154,43.16186035423492,Medium
CUST02559,ID,103,True,3.5,3,0.1696551724137931,-1,-1,1,0,0.4097776393910672,39.28530348052074,Medium
CUST02560,CT,87,True,0.0,2,0.229890909090909,1,1,0,0,0.7524508502495604,32.770672627204846,Low
CUST02561,OK,35,False,2.0,3,0.183738019169329,1,1,0,0,0.1004664364452667,19.348478707654827,Low
CUST02562,ID,77,False,2.0,9,0.2132558139534883,1,1,0,0,0.0525752732396117,9.679228102391356,Low
CUST02563,OR,124,False,1.0,3,0.2047535211267605,1,1,0,0,0.0978097243893019,5.226499534569824,Low
CUST02564,SD,30,False,0.0,2,0.2654181818181818,1,1,0,0,0.3338418747885036,23.290929780004575,Low
CUST02565,DE,53,False,2.0,2,0.1801355932203389,1,1,0,0,0.1182649308525361,14.46259489654818,Low
CUST02566,CT,100,False,1.0,4,0.1033724340175952,1,1,0,0,0.162581219578303,16.340259143241894,Low
CUST02567,MN,59,False,1.0,5,0.183314606741573,1,1,0,0,0.2104667371473469,13.330726893663536,Low
CUST02568,WA,143,False,3.0,4,0.1969329073482428,1,1,0,0,0.118350760634617,15.190643670986665,Low
CUST02569,MS,111,True,1.0,3,0.3138461538461539,1,1,0,1,0.9839270298022303,77.79577754366423,High
CUST02570,WA,143,False,1.0,13,0.1632919254658385,1,1,0,1,0.1444675810702103,45.480213438993616,Medium
CUST02571,OH,68,True,3.0,6,0.1917763157894736,1,1,0,0,0.9887273370265892,43.3591225866312,Medium
CUST02572,TN,93,False,1.0,3,0.2191780821917808,1,1,0,0,0.2350526593013729,18.261588248737525,Low
CUST02573,ID,103,False,2.0,6,0.0825,1,-1,0,0,0.1052697576799811,27.575968283900636,Low
CUST02574,WV,144,False,0.0,4,0.1169253731343283,-1,1,0,0,0.1118545094336528,30.865631920577428,Low
CUST02575,WI,93,False,1.0,7,0.1618306010928961,1,1,0,0,0.1397617112985535,13.839429638055453,Low
CUST02576,OK,149,False,3.0,9,0.2092857142857143,1,1,0,0,0.1375082375589215,14.747140514084556,Low
CUST02577,WV,23,False,1.0,6,0.1916382252559726,1,1,0,0,0.1093518951608061,9.727248657551382,Low
CUST02578,SD,221,False,0.0,3,0.2114664310954063,1,1,0,0,0.1013543161801784,23.814255619214993,Low
CUST02579,KS,164,False,1.0,8,0.2474237288135593,1,1,0,0,0.1896628801444639,19.205854946498597,Low
CUST02580,NC,104,False,2.0,9,0.2477016129032258,1,1,0,0,0.1204983029097816,18.18731927131112,Low
CUST02581,NY,150,False,2.0,2,0.1834383954154727,1,-1,0,0,0.1430867099141589,25.619955562407704,Low
CUST02582,WI,184,False,0.0,5,0.2332616487455197,1,1,0,0,0.0513939937972306,8.216618124307578,Low
CUST02583,UT,61,False,3.0,6,0.1578571428571428,1,1,0,0,0.1113265304340069,12.726746128506406,Low
CUST02584,IN,115,True,3.0,4,0.3034008097165991,1,1,0,1,0.9547663049704784,71.90859880874618,High
CUST02585,AR,33,False,2.0,3,0.2664044943820224,1,1,0,0,0.2758361244028366,14.865793973093522,Low
CUST02586,ME,100,True,2.0,4,0.2195626822157434,1,1,0,0,0.9404757111839044,38.93689512322698,Medium
CUST02587,DE,75,False,1.0,5,0.1548630136986301,-1,1,0,0,0.065062288480364,27.269643117161635,Low
CUST02588,AK,121,False,0.0,8,0.2285034013605442,1,1,0,0,0.1309363527892585,25.387964351960612,Low
CUST02589,MI,142,False,1.0,7,0.1502542372881356,1,1,0,0,0.1109582468321344,12.87625919681476,Low
CUST02590,WA,121,True,3.0,3,0.2486816720257234,1,1,0,0,0.8297556034800959,35.3142243858625,Medium
CUST02591,SD,87,False,2.0,7,0.1903900709219858,1,1,0,0,0.051102320499603,7.097943795358025,Low
CUST02592,SD,34,False,1.0,3,0.2538235294117646,1,1,0,0,0.1522237936290468,23.464319189694272,Low
CUST02593,AK,177,True,1.0,2,0.2450714285714285,1,1,0,0,0.9733630518697992,36.786989014794884,Medium
CUST02594,MA,58,False,0.0,2,0.1898529411764706,1,1,0,0,0.0471580471075135,8.390313536649435,Low
CUST02595,AR,113,True,3.5,9,0.131993769470405,1,1,0,0,0.9753556764911177,44.98958260548509,Medium
CUST02596,OR,89,False,3.0,2,0.1447517730496454,1,1,0,0,0.092027022754588,15.130374461555382,Low
CUST02597,NC,77,True,0.0,2,0.1633986928104575,1,1,0,0,0.976488484740932,39.031719032455506,Medium
CUST02598,OK,146,True,3.5,9,0.1331331168831168,-1,-1,1,0,0.6317265825489096,52.10421273941604,Medium
CUST02599,NJ,93,False,0.0,3,0.2146415094339622,1,1,0,0,0.115387205273814,8.209947973639101,Low
CUST02600,OH,160,False,0.0,6,0.2437102473498233,1,1,0,0,0.1144264515963632,11.083954932216002,Low
CUST02601,NM,55,False,0.0,4,0.1964745762711864,1,1,0,0,0.1054795874927228,15.992286667296787,Low
CUST02602,OH,88,False,2.0,4,0.2028328611898017,1,1,0,0,0.3337515739172351,22.08812064788007,Low
CUST02603,MI,63,False,0.0,3,0.2316666666666666,1,1,0,0,0.1111456292230127,7.648234348464869,Low
CUST02604,IL,57,False,1.0,5,0.2546666666666667,1,1,0,0,0.0411658999248265,12.728225642194735,Low
CUST02605,RI,138,True,2.0,4,0.3100836820083682,1,1,0,1,0.5678044310087667,66.36552968491281,High
CUST02606,AR,115,False,3.0,1,0.2566550522648084,-1,-1,1,0,0.4042352799563427,40.86870504328834,Medium
CUST02607,NY,171,False,2.0,5,0.1605070422535211,1,1,0,0,0.0944304903568798,14.982777853275978,Low
CUST02608,NC,127,False,1.0,2,0.1627156549520766,1,1,0,0,0.075857454556601,18.087535606081246,Low
CUST02609,OR,61,False,1.0,2,0.2203246753246753,1,1,0,0,0.1827815828731095,19.589914124802903,Low
CUST02610,VT,131,False,1.0,6,0.180795847750865,1,1,0,0,0.0642936503920519,11.790091345158732,Low
CUST02611,SD,88,False,1.0,5,0.1879999999999999,1,1,0,0,0.0550840448026622,6.436755133997931,Low
CUST02612,DC,130,False,2.0,1,0.1704067796610169,1,1,0,0,0.0704793760984942,13.727164216155781,Low
CUST02613,RI,89,False,0.0,2,0.1552218430034129,1,1,0,0,0.0735800125501974,21.999512214108712,Low
CUST02614,ID,82,True,3.0,6,0.3022519083969465,1,1,0,1,0.975634287395783,73.37836424920077,High
CUST02615,MN,115,False,1.0,3,0.2208724832214764,1,1,0,0,0.1156649868395706,4.914571172066194,Low
CUST02616,WV,117,False,1.0,5,0.1887246376811594,1,1,0,0,0.2208558627803307,9.822314275426898,Low
CUST02617,NH,60,False,2.0,6,0.2476859504132231,1,1,0,0,0.1299033991856234,13.631695005740092,Low
CUST02618,WI,62,False,2.0,1,0.1865779467680608,1,1,0,0,0.2097327694036542,21.913282555730305,Low
CUST02619,IN,131,False,3.0,8,0.2330696202531645,1,1,0,0,0.1601711483887719,26.377922135690813,Low
CUST02620,IN,65,False,1.0,5,0.1801461988304093,1,1,0,0,0.0919720670655187,8.163655433278592,Low
CUST02621,OR,142,False,1.0,2,0.199375,1,1,0,0,0.0428813564380817,6.61388621819787,Low
CUST02622,OK,134,False,2.0,9,0.1513333333333333,1,1,0,0,0.0741803155556769,13.740212110915676,Low
CUST02623,NJ,139,False,2.0,5,0.2421299638989169,1,1,0,0,0.1214654647895684,11.039576748735747,Low
CUST02624,AR,76,True,3.5,3,0.1362755102040816,1,1,0,0,0.9737198637771298,50.12717987066899,Medium
CUST02625,UT,100,False,1.0,8,0.193343949044586,1,1,0,0,0.0621293399140873,17.220909532691596,Low
CUST02626,DC,99,False,3.0,4,0.2879032258064515,1,1,0,0,0.0769852929013017,20.59272064496509,Low
CUST02627,OH,106,False,0.0,8,0.21062893081761,1,1,0,0,0.0713234200233101,11.789427790076541,Low
CUST02628,KS,170,True,3.5,3,0.2170498084291188,1,1,0,0,0.974081281545476,45.72751581381164,Medium
CUST02629,SC,78,False,1.0,9,0.1747634069400631,1,1,0,0,0.0758450880632551,24.514048931583353,Low
CUST02630,TN,39,False,1.0,5,0.1587261146496815,1,1,0,0,0.0241397268328574,12.522420920223132,Low
CUST02631,MI,119,True,1.0,20,0.1605737704918033,1,-1,0,1,0.98445656184145,79.21201274317835,High
CUST02632,RI,95,False,0.0,4,0.1753416149068323,1,1,0,0,0.1183980406506961,9.997009777395466,Low
CUST02633,MO,116,False,1.0,3,0.1143491124260355,1,1,0,0,0.1640081412848302,23.025566493883197,Low
CUST02634,TN,110,False,1.0,5,0.252479674796748,1,1,0,0,0.0849948055908017,13.282116495861313,Low
CUST02635,CT,74,False,1.0,2,0.2056187290969899,1,1,0,0,0.0697280118879435,6.238180382138895,Low
CUST02636,ME,148,False,1.0,3,0.260796812749004,1,1,0,0,0.0739637677736728,8.937261029709543,Low
CUST02637,MD,83,False,1.0,4,0.1443189368770764,1,1,0,0,0.1473399581991931,20.13428824401525,Low
CUST02638,NC,73,False,2.0,4,0.1595492957746478,1,1,0,0,0.0632485633875744,9.707205356276566,Low
CUST02639,SC,111,False,1.0,3,0.1571339563862928,1,1,0,0,0.0617578431421401,7.619599922031951,Low
CUST02640,LA,75,False,1.0,3,0.1892142857142857,1,1,0,0,0.2024829447867862,10.707299889443977,Low
CUST02641,IL,71,True,3.5,5,0.1815339233038347,1,1,0,0,0.9805665558111696,45.19255464838629,Medium
CUST02642,IN,58,False,2.0,7,0.2273770491803279,1,1,0,0,0.0568401773355916,10.192679340466942,Low
CUST02643,OK,172,False,3.5,4,0.2209468438538205,1,-1,0,0,0.1640820573561232,29.87649409227621,Low
CUST02644,IA,45,False,1.0,6,0.2502290076335878,1,1,0,0,0.0800481936991882,12.643402564241116,Low
CUST02645,VT,100,False,3.5,4,0.2275079872204472,1,1,0,0,0.2535977192236035,17.08673882819455,Low
CUST02646,NY,94,False,2.0,17,0.1671207430340557,1,-1,0,1,0.0948540767772595,54.050955155728644,Medium
CUST02647,LA,128,False,2.0,5,0.1945098039215686,1,1,0,0,0.1184860446272241,15.134700577514181,Low
CUST02648,SC,181,False,2.0,4,0.1987833827893174,1,1,0,0,0.1329565233124563,18.27953827002741,Low
CUST02649,ID,127,False,1.0,5,0.1261538461538461,1,1,0,0,0.0738090536505393,10.909422082292144,Low
CUST02650,MO,89,False,1.0,4,0.210179211469534,1,1,0,0,0.1210023735461389,10.206680237119278,Low
CUST02651,ME,149,False,0.0,4,0.1425477707006369,1,1,0,0,0.0646368171863826,12.892529577815631,Low
CUST02652,MS,103,False,0.0,9,0.1844135802469135,1,1,0,0,0.1063355256330757,11.90704980985083,Low
CUST02653,SD,163,False,1.0,8,0.2004918032786885,1,1,0,0,0.128323515920475,8.343174395486596,Low
CUST02654,OK,52,False,2.0,4,0.1631197771587743,1,1,0,0,0.0872904745970976,13.182828094164561,Low
CUST02655,WY,89,False,3.0,6,0.1638253012048192,1,1,0,0,0.114507092877138,23.931565998253046,Low
CUST02656,GA,122,True,3.5,4,0.154,1,1,0,0,0.7255383928891493,37.887785077581086,Medium
CUST02657,MD,62,True,3.5,2,0.2936544850498339,1,1,0,1,0.7500014781922508,77.63551033040712,High
CUST02658,IN,117,True,3.5,3,0.1957801418439716,1,1,0,0,0.9695549618984544,49.82856565876377,Medium
CUST02659,OH,78,False,2.0,4,0.1876,1,1,0,0,0.0489755773131738,6.659451757424637,Low
CUST02660,OH,96,False,1.0,7,0.173248407643312,1,1,0,0,0.1000342172138627,21.130322519422133,Low
CUST02661,SC,79,False,2.0,5,0.1744816053511705,1,1,0,0,0.1223288377896665,10.907909660337792,Low
CUST02662,AZ,192,False,2.0,6,0.2058219178082192,1,1,0,0,0.1408122149371241,13.819154442523004,Low
CUST02663,WV,68,False,3.0,4,0.2658158995815899,1,1,0,0,0.0933867252487933,21.165344436859225,Low
CUST02664,RI,28,False,2.0,6,0.2565909090909091,1,1,0,0,0.1054853535263976,17.40785661457901,Low
CUST02665,TN,74,False,0.0,4,0.2790217391304348,1,1,0,0,0.1045998317037629,16.190607114475945,Low
CUST02666,LA,117,False,1.0,4,0.2663837638376383,1,1,0,0,0.3422215035364253,20.073402386956356,Low
CUST02667,IN,65,True,3.5,6,0.1608308605341246,1,1,0,0,0.9543082258693538,43.595235454452705,Medium
CUST02668,NY,161,True,3.5,9,0.3024252491694352,-1,-1,1,1,0.982802934816326,99.48408804448977,High
CUST02669,SC,111,False,2.0,6,0.1299050632911392,1,1,0,0,0.0703486095779684,10.972910699396627,Low
CUST02670,HI,49,False,1.0,1,0.1564668769716088,1,1,0,0,0.1124768121537171,10.005912115042959,Low
CUST02671,AK,36,False,0.0,6,0.149907120743034,1,1,0,0,0.0639011478881746,18.997513902232736,Low
CUST02672,MI,65,False,3.0,5,0.1626301369863013,1,1,0,0,0.0263987091911512,13.891642602204634,Low
CUST02673,ID,119,True,3.5,3,0.1708615384615384,1,1,0,0,0.9608569345992722,38.49821058225055,Medium
CUST02674,VA,10,False,2.0,6,0.2639834024896266,1,1,0,0,0.0971300289942151,15.867229716562361,Low
CUST02675,WI,68,False,3.0,3,0.1628235294117647,1,1,0,0,0.0718711887425202,22.516477870901358,Low
CUST02676,MN,74,False,2.0,3,0.226950354609929,1,1,0,0,0.0516190725443162,11.261655445100427,Low
CUST02677,HI,85,False,0.0,3,0.213639344262295,1,1,0,0,0.1211019201878389,10.230229878074775,Low
CUST02678,MN,46,False,2.0,3,0.207431506849315,1,1,0,0,0.0677057259905546,8.357079892239943,Low
CUST02679,VT,128,False,0.0,7,0.2419636363636363,1,1,0,0,0.0330368405111283,13.615825195419387,Low
CUST02680,LA,155,True,0.0,4,0.1896941896024465,1,1,0,0,0.3670511536042009,14.418711466870887,Low
CUST02681,MT,73,False,0.0,4,0.2197286821705426,1,1,0,0,0.1099451951558392,12.92718898930089,Low
CUST02682,ID,77,True,2.0,7,0.2398726114649682,1,1,0,0,0.4441860402212114,27.2837925490117,Low
CUST02683,MA,108,False,0.0,5,0.1754062499999999,1,1,0,0,0.0653759059112312,18.848950714205664,Low
CUST02684,KY,95,False,1.0,9,0.1676582278481012,1,1,0,0,0.097371694575259,9.435327252386065,Low
CUST02685,MI,36,False,2.0,6,0.2554882154882155,1,1,0,0,0.0543088116374404,13.191235439555054,Low
CUST02686,CO,141,False,1.0,1,0.148036253776435,1,1,0,0,0.0743078043829386,14.090618003719152,Low
CUST02687,AZ,63,False,1.0,3,0.1326545454545454,1,1,0,0,0.0766964003995799,20.536995810561056,Low
CUST02688,ID,97,False,2.0,5,0.2106521739130434,1,1,0,0,0.1956188336777367,14.811268150792683,Low
CUST02689,CA,75,False,1.0,5,0.1855405405405405,1,1,0,0,0.0603081075912398,12.384417556224262,Low
CUST02690,WA,127,False,1.0,3,0.195354609929078,1,1,0,0,0.115363067016248,9.436627914828563,Low
CUST02691,LA,121,False,1.0,5,0.1803975535168195,1,1,0,0,0.0956285341871432,5.723773971202845,Low
CUST02692,NE,117,False,1.0,7,0.1591304347826087,1,1,0,0,0.0960793536855139,15.128118711621982,Low
CUST02693,OH,65,False,1.0,6,0.1772307692307692,1,1,0,0,0.0728402196476123,7.966306962501406,Low
CUST02694,MO,6,False,1.0,2,0.2363703703703703,1,1,0,0,0.2040087739785086,12.018628863981801,Low
CUST02695,AL,32,False,0.0,2,0.2750431034482758,1,1,0,0,0.1418505610627665,22.387502109314934,Low
CUST02696,NH,64,False,2.0,5,0.19875,1,1,0,0,0.0458463871323638,4.195189394879723,Low
CUST02697,NM,25,False,3.0,4,0.1913669064748201,1,1,0,0,0.1267583617387416,11.968021642523508,Low
CUST02698,OR,65,False,1.0,2,0.1418373493975903,1,1,0,0,0.1299805862418031,20.24511376342764,Low
CUST02699,MI,127,False,2.0,3,0.2155737704918033,1,1,0,0,0.1189745807964684,5.480673167128784,Low
CUST02700,AZ,93,False,2.0,3,0.2379207920792079,1,1,0,0,0.316391582704967,28.63116753321085,Low
CUST02701,TX,208,True,2.0,6,0.2826041666666666,1,1,0,0,0.9650039804370668,49.627149141109854,Medium
CUST02702,IN,122,False,2.0,8,0.2304198473282443,1,1,0,0,0.1024127949040239,20.47500040729034,Low
CUST02703,LA,99,False,1.0,10,0.2277508650519031,1,1,0,0,0.0869518923343433,14.495857710951011,Low
CUST02704,MS,65,False,1.0,2,0.1829299363057324,1,1,0,0,0.1058704921909893,18.7482481351799,Low
CUST02705,IN,65,False,1.0,4,0.2057379518072289,1,1,0,0,0.1733225917843507,25.70596553815333,Low
CUST02706,KY,45,False,0.0,3,0.245993031358885,1,1,0,0,0.0465960264990528,12.262271185291063,Low
CUST02707,MN,139,True,3.5,2,0.1579154078549849,1,1,0,0,0.8831873586133198,36.595537235736224,Medium
CUST02708,WY,215,False,0.0,9,0.1049720670391061,1,1,0,0,0.1332893864619269,27.376621559968033,Low
CUST02709,AZ,94,False,3.5,2,0.2186524822695035,1,1,0,0,0.2759701604336394,15.907823918109568,Low
CUST02710,NM,119,False,2.0,4,0.172425068119891,1,1,0,0,0.0949385973809517,11.46454408778013,Low
CUST02711,MI,86,False,0.0,3,0.1790878378378378,1,1,0,0,0.084967108336521,17.21018271165584,Low
CUST02712,FL,106,False,3.5,8,0.1859424920127795,1,1,0,0,0.5264671004458303,31.638772303807492,Low
CUST02713,KS,92,True,1.0,2,0.1215673981191222,1,1,0,0,0.9454863454317104,43.27245822029782,Medium
CUST02714,SC,78,False,1.0,1,0.192625,1,1,0,0,0.1719112985125427,16.51002732349329,Low
CUST02715,NC,155,False,2.0,6,0.2701930501930502,1,1,0,0,0.3177128857971155,25.78763843513483,Low
CUST02716,MO,64,False,0.0,4,0.1190604026845637,1,1,0,0,0.0906353121203332,24.634449013983527,Low
CUST02717,WA,83,False,3.0,5,0.2106109324758842,1,1,0,0,0.0784815222771054,10.488275859457916,Low
CUST02718,SD,144,True,2.0,2,0.1998523985239852,1,1,0,0,0.8861421500133393,38.07491054334973,Medium
CUST02719,MT,143,False,2.0,4,0.1709146341463414,1,1,0,0,0.0997409888807207,6.620567009917447,Low
CUST02720,MN,81,False,2.0,6,0.2272302158273381,1,1,0,0,0.1227992194499111,8.317021122674719,Low
CUST02721,SD,145,False,2.0,3,0.1833663366336633,1,1,0,0,0.0777114445971365,14.108336820142158,Low
CUST02722,OK,89,True,1.0,3,0.2967109634551495,1,-1,0,1,0.979052847613944,83.75481789244805,High
CUST02723,CT,199,False,0.0,2,0.2325316455696202,1,1,0,0,0.0637211203929046,13.94070225432184,Low
CUST02724,CT,96,True,3.5,5,0.1735666666666666,1,1,0,0,0.6668597477325378,30.21422812945069,Low
CUST02725,MN,94,False,1.0,5,0.2051803278688524,1,1,0,0,0.1251726197277469,10.550099440420126,Low
CUST02726,FL,127,True,1.0,2,0.1993417721518987,1,1,0,0,0.969866003175449,53.35203056825863,Medium
CUST02727,RI,121,True,0.0,3,0.2786466165413533,1,-1,0,0,0.8474307336799362,41.5230684706003,Medium
CUST02728,IN,122,True,3.5,3,0.2609395973154362,1,1,0,0,0.9810534450627536,48.63075959278175,Medium
CUST02729,AL,121,False,1.0,4,0.1972380952380952,1,1,0,0,0.1110191971444526,23.510725462858563,Low
CUST02730,OR,77,False,2.0,3,0.2426885245901639,1,1,0,0,0.496768138644165,21.973460116895914,Low
CUST02731,MS,64,True,2.0,2,0.2721072796934866,1,1,0,0,0.8793377088652643,36.050083303741665,Medium
CUST02732,CA,124,False,1.0,4,0.2437282229965156,1,1,0,0,0.3521450804897377,14.690886537617247,Low
CUST02733,DE,148,False,0.0,6,0.1890706319702602,1,1,0,0,0.0940327292591567,11.31396746276167,Low
CUST02734,MS,77,False,2.0,3,0.1781593406593407,1,-1,0,0,0.1872059847657272,28.217368605120658,Low
CUST02735,NC,135,False,1.0,6,0.2311660777385159,1,1,0,0,0.1416101715563968,7.313062178460114,Low
CUST02736,SD,87,False,0.0,5,0.1929617834394904,1,1,0,0,0.049788935089664,8.125114572110668,Low
CUST02737,NH,54,False,1.0,5,0.2519341563786008,1,1,0,0,0.0648267757992384,13.76396582555224,Low
CUST02738,MA,35,False,0.0,3,0.1533727810650887,1,1,0,0,0.1402331252525771,18.707107277072694,Low
CUST02739,TX,84,False,0.0,4,0.1540773809523809,1,1,0,0,0.1479842364558553,13.153224107509736,Low
CUST02740,OR,94,True,1.0,2,0.2238059701492537,1,1,0,0,0.9429646540694652,50.778124782399445,Medium
CUST02741,UT,96,False,1.0,2,0.1736610169491525,1,1,0,0,0.051144576944928,3.897176922771478,Low
CUST02742,NV,64,False,2.0,6,0.162910447761194,1,1,0,0,0.1006567786128147,11.028619977805823,Low
CUST02743,NE,85,False,0.0,1,0.2684727272727272,1,1,0,0,0.4212847697475282,35.854484972592395,Medium
CUST02744,AZ,117,False,0.0,2,0.2376140350877193,1,1,0,0,0.2886902625388992,16.231131347777445,Low
CUST02745,DC,112,False,1.0,3,0.1767151162790697,1,1,0,0,0.0378635816462688,5.591665177201151,Low
CUST02746,MA,129,False,1.0,4,0.1659289617486339,1,1,0,0,0.1463447263058184,9.356230169238502,Low
CUST02747,AZ,140,False,3.0,5,0.1776060606060606,1,1,0,0,0.1328388853281175,9.846883716765726,Low
CUST02748,MI,81,False,2.0,2,0.1852249134948097,1,1,0,0,0.0718252297304851,8.576058423467739,Low
CUST02749,TX,70,False,0.0,6,0.1473421926910298,1,1,0,0,0.1123479042623503,18.803258415054145,Low
CUST02750,ID,79,False,3.5,3,0.245445205479452,1,1,0,0,0.1341507798294756,22.98710679211747,Low
CUST02751,AL,85,False,0.0,5,0.1835576923076923,1,1,0,0,0.0854605617760764,13.307342580708822,Low
CUST02752,SD,91,False,0.0,3,0.1896529968454258,1,1,0,0,0.1314102211870494,10.595498507617334,Low
CUST02753,LA,149,False,1.0,9,0.27816,1,1,0,0,0.1028788200026013,18.36133117266582,Low
CUST02754,AZ,60,False,2.0,2,0.1956140350877193,1,1,0,0,0.1473976122642692,18.227405576621038,Low
CUST02755,RI,115,False,3.0,9,0.1865538461538461,1,1,0,0,0.0964186975166991,17.633335521690093,Low
CUST02756,OH,144,False,1.0,5,0.1165384615384615,1,1,0,0,0.1140316489667003,11.817229125511577,Low
CUST02757,AZ,86,False,3.0,5,0.1021319796954314,1,1,0,0,0.0792236693006429,22.711788408137885,Low
CUST02758,MI,139,False,0.0,12,0.179814323607427,1,1,0,1,0.1554634130357494,58.518827103065384,Medium
CUST02759,NV,124,False,1.0,3,0.1688544891640867,1,1,0,0,0.0730089703908134,12.5213127280897,Low
CUST02760,MA,102,False,0.0,3,0.2001749271137026,1,1,0,0,0.2854604659372782,18.12336913625271,Low
CUST02761,IN,78,False,0.0,7,0.1932010582010581,1,1,0,0,0.1492723309835377,18.657330335093974,Low
CUST02762,AL,55,True,1.0,6,0.2188961038961039,1,1,0,0,0.9587415396501318,36.22511218538436,Medium
CUST02763,RI,129,False,2.0,2,0.1557181571815718,1,-1,0,0,0.1373328179734087,25.76455426081991,Low
CUST02764,ME,75,True,3.5,4,0.2244534412955466,1,1,0,0,0.963689698207176,48.727411578136945,Medium
CUST02765,SD,126,False,3.0,7,0.1542724458204334,1,1,0,0,0.051319065706579,10.505734574219986,Low
CUST02766,MO,92,True,3.0,2,0.2087537993920973,1,-1,0,0,0.8705404605629341,48.62680129113478,Medium
CUST02767,OK,52,False,2.0,4,0.1792283950617283,1,1,0,0,0.053995798560249,15.544753952956436,Low
CUST02768,IL,87,False,1.0,6,0.170338028169014,1,1,0,0,0.0860451578926804,19.823653919987088,Low
CUST02769,NJ,95,False,0.0,7,0.1063375796178344,-1,1,0,0,0.0617860344426511,28.166656485374926,Low
CUST02770,LA,67,False,3.5,10,0.2188145896656535,-1,-1,1,0,0.4062356068994427,42.50331554056157,Medium
CUST02771,OR,165,False,0.0,8,0.1842105263157894,1,1,0,0,0.1486934086688244,15.508929246700703,Low
CUST02772,RI,150,False,0.0,1,0.2357201646090535,1,1,0,0,0.1057402888077693,23.520753542846087,Low
CUST02773,NC,26,False,3.0,6,0.2007100591715976,1,1,0,0,0.1532250325536714,27.79926559456165,Low
CUST02774,MD,79,False,3.0,8,0.1382153846153846,1,1,0,0,0.0697344116386776,23.739895234708,Low
CUST02775,WI,69,True,2.0,10,0.2545954692556634,1,1,0,0,0.759791220436976,40.79991246418228,Medium
CUST02776,VT,95,True,3.5,9,0.2154824561403508,1,1,0,0,0.5258473887046458,36.29122162725073,Medium
CUST02777,NY,157,False,2.0,2,0.1926969696969697,1,1,0,0,0.1144590614595036,11.202662800587666,Low
CUST02778,VT,80,False,1.0,1,0.2038870431893688,1,1,0,0,0.1242733320286331,7.338448860555419,Low
CUST02779,AZ,75,False,2.0,5,0.1876051779935275,1,1,0,0,0.0791285064490398,8.583188558156595,Low
CUST02780,WV,44,True,2.0,5,0.2749645390070922,1,1,0,0,0.7643196786452264,34.88401505860323,Medium
CUST02781,OK,101,True,3.5,11,0.1616611295681063,-1,1,0,0,0.963562056555371,55.00722153812053,Medium
CUST02782,WI,117,False,1.0,2,0.1392013888888889,1,1,0,0,0.0874827003095189,16.490954546225172,Low
CUST02783,PA,82,False,1.0,2,0.1501183431952662,1,1,0,0,0.1245782898652016,11.432252965156097,Low
CUST02784,NY,39,False,2.0,5,0.1739007092198581,1,1,0,0,0.0909014264744076,11.934937465067676,Low
CUST02785,NM,30,False,1.0,7,0.1622651933701657,1,1,0,0,0.1647108027468523,13.007336738311038,Low
CUST02786,NC,63,False,1.0,8,0.178854961832061,1,1,0,0,0.0415586795274939,18.35745981625221,Low
CUST02787,WY,111,False,3.0,3,0.2208949416342412,1,1,0,0,0.151820034348972,17.643417482580755,Low
CUST02788,PA,91,False,3.0,7,0.1863259668508287,1,1,0,0,0.0915908442089968,17.27493957468634,Low
CUST02789,NV,105,True,1.0,6,0.2286912751677852,1,1,0,0,0.9760173306648235,35.01977852896203,Medium
CUST02790,WA,166,False,2.0,7,0.1570876288659793,1,1,0,0,0.133709614631355,23.374042359246967,Low
CUST02791,FL,79,False,3.0,6,0.1539119170984456,1,1,0,0,0.1401910568732461,25.436912517770605,Low
CUST02792,ME,105,False,2.0,3,0.1649707602339181,1,1,0,0,0.0999901907377747,21.125609127239187,Low
CUST02793,LA,172,False,3.0,1,0.2043506493506493,1,1,0,0,0.0886546972630259,22.912814600236114,Low
CUST02794,KS,121,False,1.0,15,0.1422222222222222,1,1,0,1,0.214826481332478,51.4818828858372,Medium
CUST02795,ND,88,False,2.0,4,0.1793311036789298,1,1,0,0,0.0931064984087111,5.034344547263273,Low
CUST02796,WV,153,False,0.0,9,0.3194618834080717,1,-1,0,1,0.0736529044831884,57.29310207433077,Medium
CUST02797,AR,54,False,3.0,1,0.1710416666666666,1,1,0,0,0.1815758609758274,24.112219100017718,Low
CUST02798,CA,79,True,3.5,10,0.206043956043956,1,1,0,0,0.9488913771361784,42.319980059745035,Medium
CUST02799,MN,55,False,0.0,4,0.1825308641975308,1,1,0,0,0.1169474963357853,21.97102221728872,Low
CUST02800,MT,109,True,1.0,9,0.2900704225352112,1,1,0,1,0.9743391607937896,79.36927467325027,High
CUST02801,SD,65,False,1.0,4,0.290234375,1,1,0,1,0.085179105150511,46.73104246499019,Medium
CUST02802,MT,27,False,0.0,3,0.1551351351351351,1,1,0,0,0.0745560519040229,11.900377398661979,Low
CUST02803,WV,32,False,1.0,4,0.2486477987421383,1,1,0,0,0.0935782913165265,18.94078370480832,Low
CUST02804,CT,3,False,2.0,6,0.1388724035608308,1,1,0,0,0.055309281038646,12.549701695495122,Low
CUST02805,DE,119,False,1.0,15,0.229657794676806,1,1,0,1,0.1537928543993562,50.10365971410001,Medium
CUST02806,LA,43,False,1.0,3,0.199483282674772,1,1,0,0,0.1380452879774595,18.140142252556224,Low
CUST02807,KS,116,False,1.0,2,0.2087030716723549,1,1,0,0,0.109682719467977,8.17065905713086,Low
CUST02808,WV,107,False,0.0,5,0.18,1,1,0,0,0.0799202116588095,12.206477220840226,Low
CUST02809,ND,123,False,1.0,1,0.1750299401197604,1,1,0,0,0.0991864573283897,12.37514349148615,Low
CUST02810,AK,110,False,3.0,8,0.1977822580645161,1,1,0,0,0.1107320053383749,19.33880057342968,Low
CUST02811,ME,176,False,3.0,2,0.2278200692041522,1,1,0,0,0.1335042371033327,15.93800291922341,Low
CUST02812,MN,13,False,3.0,3,0.2860264900662251,1,1,0,0,0.0819093602350608,23.296328033472655,Low
CUST02813,KS,88,False,2.0,3,0.195122699386503,1,1,0,0,0.0681284037331013,9.279990878773905,Low
CUST02814,NJ,92,False,3.0,4,0.1668749999999999,1,1,0,0,0.0802784105490016,8.756854469862152,Low
CUST02815,WI,165,False,3.5,4,0.2002649006622516,1,1,0,0,0.2958417103768347,16.601018723538864,Low
CUST02816,AR,156,False,1.0,3,0.203690036900369,1,1,0,0,0.083173904989361,7.400151162382095,Low
CUST02817,WA,63,False,0.0,4,0.2368627450980392,1,1,0,0,0.1185354874348478,13.94830793363025,Low
CUST02818,ID,83,False,2.0,6,0.1268518518518518,1,1,0,0,0.0985216929670069,10.62629721092454,Low
CUST02819,VA,158,False,2.0,2,0.1972700296735905,1,1,0,0,0.1123887524607697,11.941638981039391,Low
CUST02820,WV,115,True,1.0,6,0.2271472392638036,1,1,0,0,0.9863318924170232,44.37301763989524,Medium
CUST02821,UT,103,True,3.5,5,0.1381533101045296,1,1,0,0,0.8493959309322142,40.728865413183634,Medium
CUST02822,NJ,64,False,1.0,2,0.2062037037037037,1,1,0,0,0.1356163700382048,6.776701740883986,Low
CUST02823,MS,86,False,2.0,5,0.2219148936170213,1,1,0,0,0.0397604170708636,11.167747636165316,Low
CUST02824,ME,151,False,0.0,5,0.183284023668639,1,1,0,0,0.0830336505548905,9.70150844901995,Low
CUST02825,NM,87,False,1.0,6,0.1634638554216867,1,1,0,0,0.1213708901915162,8.6102799023723,Low
CUST02826,TX,90,False,2.0,5,0.1257453416149068,1,1,0,0,0.0892563392358644,11.342838518226204,Low
CUST02827,LA,108,False,2.0,6,0.2440575079872205,1,1,0,0,0.0699145600364245,12.448548659914485,Low
CUST02828,TN,33,False,0.0,5,0.2401993355481727,1,1,0,0,0.0928667421666745,23.334379427075653,Low
CUST02829,WI,149,True,3.5,3,0.1601075268817204,1,1,0,0,0.7086652615921122,32.30704136792817,Low
CUST02830,MT,106,False,1.0,4,0.2204980842911877,1,1,0,0,0.1192431953010627,6.370607917130839,Low
CUST02831,ND,167,False,2.0,4,0.2312881355932203,1,1,0,0,0.1628764459550194,8.00408643387011,Low
CUST02832,WI,35,False,1.0,4,0.2642307692307692,1,1,0,0,0.0397016568604089,13.608043250908143,Low
CUST02833,MO,107,False,1.0,9,0.2108285714285714,1,1,0,0,0.0552157316460114,22.160804404259434,Low
CUST02834,AZ,92,False,0.0,3,0.2625555555555555,1,1,0,0,0.4126561253325599,34.44206219007974,Medium
CUST02835,VT,38,False,2.0,3,0.2442148760330578,1,1,0,0,0.1016153178760108,18.0983722181301,Low
CUST02836,VA,68,True,1.0,7,0.1497361477572559,1,1,0,0,0.9746989957584944,41.549902630946924,Medium
CUST02837,NE,123,False,1.0,4,0.1843023255813953,1,1,0,0,0.1206447059930758,7.229259640710523,Low
CUST02838,WA,75,False,1.0,4,0.1704377104377104,1,1,0,0,0.0830780784122181,9.537546236165781,Low
CUST02839,NM,153,False,1.0,3,0.191223241590214,1,1,0,0,0.0888526982021722,15.28016976896037,Low
CUST02840,FL,143,False,0.0,4,0.1625490196078431,1,1,0,0,0.1160098633287059,16.52238809857606,Low
CUST02841,SC,87,True,2.0,4,0.251178247734139,1,1,0,0,0.8608961119886318,42.49533278692863,Medium
CUST02842,IN,100,False,0.0,3,0.1995638629283489,1,1,0,0,0.0949026734704179,10.678658414847767,Low
CUST02843,FL,144,False,1.0,4,0.2571283783783784,1,1,0,0,0.0957168061747676,12.30572127363468,Low
CUST02844,ND,70,False,1.0,4,0.1852482269503546,1,1,0,0,0.0341146872359155,6.081669431288082,Low
CUST02845,MA,136,True,3.0,4,0.2129304029304029,1,1,0,0,0.8795298230976398,38.00579170840735,Medium
CUST02846,MO,120,False,2.0,13,0.2302597402597402,1,1,0,1,0.0649563997227658,48.98751327601443,Medium
CUST02847,WY,104,False,1.0,2,0.1582028985507246,1,1,0,0,0.0683315809038814,11.42170618654282,Low
CUST02848,CA,75,False,3.0,3,0.1625757575757575,1,1,0,0,0.1610709631451865,22.80472170873649,Low
CUST02849,NE,127,False,2.0,4,0.1812609970674487,1,1,0,0,0.1343094353216028,9.34337368582851,Low
CUST02850,ID,122,False,3.5,8,0.2377672955974842,1,1,0,0,0.1572205767229866,20.401225390154824,Low
CUST02851,VT,124,False,0.0,2,0.205685618729097,1,1,0,0,0.1075154278878587,14.19336966552341,Low
CUST02852,MO,167,False,2.0,3,0.1872491909385113,1,1,0,0,0.3173616216800539,20.417120199836507,Low
CUST02853,VA,89,False,1.0,7,0.2194620253164556,1,1,0,0,0.085373537593016,7.112400745457335,Low
CUST02854,VT,73,False,0.0,3,0.2131958762886598,1,1,0,0,0.0766485871002863,10.25748302307252,Low
CUST02855,MS,1,False,1.0,3,0.1872549019607843,1,1,0,0,0.1751193085162264,17.266732760993257,Low
CUST02856,KY,60,False,1.0,4,0.1589877300613497,1,1,0,0,0.1038755990040837,9.945513479402837,Low
CUST02857,WV,77,False,1.0,2,0.1434129692832764,1,1,0,0,0.1174042962761544,22.45149888946831,Low
CUST02858,DC,76,False,2.0,2,0.2068027210884353,1,1,0,0,0.0951494398570926,14.859546673569819,Low
CUST02859,IA,63,False,2.0,5,0.219020979020979,1,1,0,0,0.0743511471900849,13.621629553701784,Low
CUST02860,MN,150,False,1.0,4,0.1942214532871972,1,1,0,0,0.0762575848853789,8.739762293551848,Low
CUST02861,VT,101,False,3.5,2,0.22568093385214,1,1,0,0,0.5246180867692856,26.015225226562688,Low
CUST02862,AK,132,False,2.0,3,0.1891233766233766,1,1,0,0,0.1161546098738527,5.6757576308232975,Low
CUST02863,CA,158,False,2.0,8,0.1610863509749303,1,1,0,0,0.1785085222442285,13.30684036392996,Low
CUST02864,MS,114,False,0.0,5,0.1594150417827298,1,1,0,0,0.1925857578213127,13.859728634906771,Low
CUST02865,AR,77,False,2.0,3,0.24972,1,1,0,0,0.0394924800518352,12.273428837846733,Low
CUST02866,NJ,107,False,3.0,2,0.2053716216216216,1,1,0,0,0.0760015490448264,11.543248357227768,Low
CUST02867,NJ,48,True,2.0,5,0.2075324675324675,1,1,0,0,0.8744097028304896,46.19630849999447,Medium
CUST02868,TN,59,False,3.0,5,0.2379770992366412,1,1,0,0,0.1151643877615276,22.173650425685423,Low
CUST02869,DE,129,True,0.0,6,0.2670739549839228,1,1,0,0,0.9709286674200032,48.05531803538094,Medium
CUST02870,TX,50,False,3.0,8,0.18,1,1,0,0,0.0685658989218897,11.701389594767212,Low
CUST02871,MI,50,False,2.0,2,0.1863455149501661,1,1,0,0,0.1222114225265144,8.104282277861339,Low
CUST02872,MS,116,False,2.0,3,0.2453584905660377,1,1,0,0,0.139816336898907,9.454660674511144,Low
CUST02873,OK,52,False,0.0,3,0.2114233576642336,1,1,0,0,0.0603220622057146,7.1378742695027695,Low
CUST02874,ND,12,False,2.0,4,0.166078431372549,1,1,0,0,0.1068035597496088,11.743842138550914,Low
CUST02875,ND,105,False,0.0,4,0.2133038348082596,-1,1,0,0,0.2786369400763673,36.340566434193114,Medium
CUST02876,NY,104,False,1.0,5,0.2297560975609756,1,1,0,0,0.0985527017925397,12.037968902137772,Low
CUST02877,WV,13,False,1.0,3,0.1898490566037735,1,1,0,0,0.1410475173452837,8.596336067134935,Low
CUST02878,WV,67,False,1.0,12,0.2058024691358025,1,1,0,1,0.0582519181772618,52.715253079540105,Medium
CUST02879,DC,148,False,1.0,1,0.2596529968454258,1,1,0,0,0.1249702357185569,18.27847513786896,Low
CUST02880,MN,116,False,0.0,5,0.2199358974358974,1,1,0,0,0.1118984294302415,21.419059016550047,Low
CUST02881,DE,131,False,2.0,9,0.154228187919463,1,1,0,0,0.1401229362603984,18.3864847138424,Low
CUST02882,VT,119,False,2.0,1,0.2028428093645485,1,1,0,0,0.0813872658669116,11.034028162122391,Low
CUST02883,NY,94,False,3.5,4,0.2001666666666666,1,1,0,0,0.277510663664981,27.302516233849722,Low
CUST02884,TX,217,False,3.5,3,0.1694050991501416,1,1,0,0,0.268659299893301,22.31773150699317,Low
CUST02885,OR,161,False,1.0,2,0.1862545454545454,1,1,0,0,0.0645974245051546,9.660447364299415,Low
CUST02886,KS,67,False,0.0,3,0.1551884057971014,1,1,0,0,0.0602211162524844,13.939618749182372,Low
CUST02887,ND,132,False,1.0,9,0.21,1,1,0,0,0.0958513868640118,8.783502182487027,Low
CUST02888,PA,134,False,1.0,9,0.1647582697201017,1,-1,0,0,0.0969554544176814,26.251715048891803,Low
CUST02889,NY,44,False,1.0,4,0.1857720588235294,1,1,0,0,0.0883899091453558,9.23019837556037,Low
CUST02890,WY,53,False,1.0,7,0.1239860139860139,-1,-1,1,0,0.0447102890451409,29.24581210993102,Low
CUST02891,NY,108,True,3.5,4,0.1771180555555555,1,1,0,0,0.9636179641635244,52.06702849747242,Medium
CUST02892,ME,80,True,0.0,8,0.2442477876106194,-1,1,0,0,0.970155880448111,54.33524700980945,Medium
CUST02893,SD,88,False,3.0,1,0.2478571428571429,1,1,0,0,0.1244880294599194,16.05367645558967,Low
CUST02894,UT,82,False,3.0,6,0.23175,1,1,0,0,0.1971340701215176,12.573576719039567,Low
CUST02895,AK,115,False,0.0,8,0.2280067567567567,1,1,0,0,0.1943123966381851,21.25665246691838,Low
CUST02896,RI,93,False,1.0,4,0.1629230769230769,1,1,0,0,0.1638960387406764,21.463992064371578,Low
CUST02897,AL,72,False,3.5,5,0.2125165562913907,1,1,0,0,0.1901999368500052,12.811247702440637,Low
CUST02898,DE,98,False,3.0,7,0.2137918215613382,1,1,0,0,0.0668626152227029,11.268494005036638,Low
CUST02899,ID,118,False,0.0,1,0.156280487804878,1,-1,0,0,0.1172497679728108,23.550546752859116,Low
CUST02900,MO,55,False,0.0,6,0.1985616438356164,1,1,0,0,0.0661356510964413,21.41178416688588,Low
CUST02901,IL,130,False,3.0,3,0.2122818791946308,1,1,0,0,0.1320204167852896,10.47963110857894,Low
CUST02902,FL,136,False,1.0,7,0.178419540229885,1,1,0,0,0.1300253857233349,9.421013272275703,Low
CUST02903,KY,107,False,1.0,6,0.1456772334293948,1,1,0,0,0.0738757208215395,13.644892867585085,Low
CUST02904,MI,91,True,3.5,4,0.1469541778975741,1,-1,0,0,0.8033118565918671,40.00916775355046,Medium
CUST02905,NY,167,False,1.0,5,0.1935625,1,1,0,0,0.1025764460968717,8.53143125747933,Low
CUST02906,KS,159,False,0.0,3,0.247193675889328,1,1,0,0,0.0789840033072307,20.959785790362456,Low
CUST02907,PA,122,False,1.0,2,0.171042654028436,-1,1,0,0,0.1233211183468592,32.51741682556742,Low
CUST02908,MI,105,False,0.0,5,0.2095356037151702,1,1,0,0,0.0661221520864785,7.708826137466816,Low
CUST02909,NH,155,False,2.0,1,0.2218320610687023,1,-1,0,0,0.1519635027696651,22.70410474110078,Low
CUST02910,WA,161,False,1.0,5,0.2007581227436823,1,1,0,0,0.0989683403673964,20.411389584924493,Low
CUST02911,NY,122,False,3.0,7,0.1626644736842105,1,1,0,0,0.0574449736834058,12.842078981336865,Low
CUST02912,MD,37,False,2.0,8,0.1533216783216783,1,1,0,0,0.1261426837591163,16.093947268118903,Low
CUST02913,KS,128,False,0.0,7,0.13671469740634,1,1,0,0,0.121508468060785,21.640072965904448,Low
CUST02914,DE,89,False,1.0,5,0.1578778135048231,1,1,0,0,0.1868785074461232,15.279321667692736,Low
CUST02915,IN,108,False,0.0,2,0.248392156862745,1,1,0,0,0.0520552788868767,19.482939734812714,Low
CUST02916,VT,109,False,1.0,5,0.2172256097560975,1,1,0,0,0.2077941748114707,10.838162676226244,Low
CUST02917,WA,29,False,1.0,2,0.1865292096219931,1,1,0,0,0.0762990622252785,11.967008807307606,Low
CUST02918,NM,119,True,3.5,5,0.1610725552050473,1,1,0,0,0.9675515554358182,42.42023437340096,Medium
CUST02919,MO,86,False,0.0,3,0.2176582278481012,1,-1,0,0,0.1489528933432478,28.763564228877136,Low
CUST02920,IA,92,False,0.0,4,0.1479420289855072,1,1,0,0,0.0831165473839446,7.9379995220267965,Low
CUST02921,WA,13,False,2.0,5,0.1784013605442177,1,1,0,0,0.0585348989040843,13.825842618724476,Low
CUST02922,CT,144,False,0.0,3,0.2024281150159744,1,1,0,0,0.1261232569566941,11.304901395721506,Low
CUST02923,NH,139,False,1.0,6,0.1936419753086419,1,1,0,0,0.0941450226523602,10.853368340397399,Low
CUST02924,LA,95,False,3.0,6,0.1483692307692307,1,1,0,0,0.0442993189515499,20.285117302121602,Low
CUST02925,ME,80,False,3.5,4,0.2292125984251968,1,1,0,0,0.5469066383457231,25.673946495138644,Low
CUST02926,MT,113,False,3.0,5,0.2139869281045751,1,1,0,0,0.0717945074521773,20.161587920825436,Low
CUST02927,ID,88,False,1.0,4,0.192539184952978,1,1,0,0,0.0795365171310154,3.227290078012182,Low
CUST02928,UT,74,False,1.0,3,0.1366911764705882,1,1,0,0,0.0538917684856709,15.071729341567941,Low
CUST02929,IL,48,False,0.0,3,0.1500862068965517,1,1,0,0,0.0921877066909289,24.662810708959245,Low
CUST02930,AZ,163,False,3.5,2,0.2644343891402714,1,1,0,0,0.3309776271328982,24.90957334704948,Low
CUST02931,ID,56,False,3.0,5,0.1752097902097902,1,1,0,0,0.0590344343766903,9.420146671203208,Low
CUST02932,TX,64,False,2.0,3,0.1772668810289389,1,1,0,0,0.0936104014648743,4.466375991179296,Low
CUST02933,MT,116,False,1.0,2,0.1758670520231213,1,1,0,0,0.0893430652653892,4.847846068911779,Low
CUST02934,PA,101,False,0.0,8,0.1973248407643312,1,1,0,0,0.1627866005816572,10.664542923822442,Low
CUST02935,RI,85,False,3.5,4,0.1810888252148997,1,1,0,0,0.2893268417026092,19.27334539415138,Low
CUST02936,NH,90,False,0.0,3,0.179020979020979,1,1,0,0,0.1843596309820057,24.269600340428507,Low
CUST02937,UT,73,False,1.0,5,0.1759242424242424,1,1,0,0,0.0924835141793622,20.234337870396978,Low
CUST02938,NH,55,False,2.0,4,0.1812101910828025,1,1,0,0,0.0344543301117024,7.303477139064392,Low
CUST02939,AK,76,False,3.0,4,0.1347994269340974,1,1,0,0,0.0529472692706927,17.16496201018692,Low
CUST02940,AZ,157,False,3.5,7,0.1653409090909091,1,1,0,0,0.2435759601073028,22.66287452687905,Low
CUST02941,NJ,131,False,0.0,7,0.211125,1,1,0,0,0.1266724761047573,12.79029897250353,Low
CUST02942,MI,51,True,1.0,1,0.2179005524861878,1,1,0,0,0.7828961026323327,41.43707161480222,Medium
CUST02943,ID,166,False,1.0,9,0.1947761194029851,1,1,0,0,0.1006372491794296,9.733663546171853,Low
CUST02944,OR,66,False,1.0,5,0.1512618296529968,1,1,0,0,0.2341466592948966,20.57509910875507,Low
CUST02945,UT,49,True,2.0,2,0.2473615635179153,1,1,0,0,0.9579736653710438,42.02557377764918,Medium
CUST02946,LA,89,False,2.0,2,0.1849829351535836,1,1,0,0,0.0694300357872938,10.934664482836103,Low
CUST02947,WI,90,False,1.0,7,0.2143402777777777,1,1,0,0,0.0682957549825552,6.232222735666338,Low
CUST02948,ID,193,True,2.0,5,0.130063492063492,1,1,0,0,0.5960011269902384,25.045276635117375,Low
CUST02949,TN,114,False,1.0,9,0.1807887323943662,1,1,0,0,0.1954045800348621,17.79144871033149,Low
CUST02950,NV,7,False,1.0,12,0.1895389048991354,1,1,0,1,0.0378970463842879,43.89704095118821,Medium
CUST02951,WY,71,False,0.0,2,0.1692173913043478,1,1,0,0,0.15450494182365,22.591800544605157,Low
CUST02952,IL,31,False,1.0,2,0.2263057324840764,1,1,0,0,0.077406580766246,7.20814317109772,Low
CUST02953,MA,111,True,0.0,8,0.2488372093023255,1,1,0,0,0.950417954055564,45.91737915721686,Medium
CUST02954,AZ,97,False,3.0,6,0.2125482625482625,1,1,0,0,0.0839694842295272,10.642595403842565,Low
CUST02955,ND,51,False,0.0,2,0.2170588235294117,1,1,0,0,0.2450124286773613,22.474222145863006,Low
CUST02956,SD,86,False,1.0,9,0.1786309523809524,1,1,0,0,0.0728397902583546,20.824469356489843,Low
CUST02957,ND,190,False,1.0,5,0.1968690095846645,1,1,0,0,0.1401406002654691,5.875741485359345,Low
CUST02958,CT,80,False,1.0,6,0.1725482625482625,1,1,0,0,0.0668389238290846,12.340047390281669,Low
CUST02959,MO,36,False,3.0,2,0.1834540389972145,1,1,0,0,0.1049020524418563,12.091904026131688,Low
CUST02960,NJ,45,False,1.0,1,0.1930128205128204,1,1,0,0,0.1238350769647071,8.181358740288259,Low
CUST02961,NC,170,False,0.0,8,0.2132634730538921,1,1,0,0,0.3266087621519773,20.28291330676124,Low
CUST02962,UT,103,False,0.0,4,0.1799666666666666,1,1,0,0,0.0475170728368658,8.639157439762316,Low
CUST02963,WI,112,False,0.0,4,0.2127758007117437,1,1,0,0,0.1013711245860575,8.428996499934183,Low
CUST02964,MT,125,True,3.5,7,0.1414556962025316,1,1,0,0,0.9579713477207416,48.45931318319862,Medium
CUST02965,MS,73,True,3.5,2,0.1664864864864864,1,1,0,0,0.7082654242176681,37.63907318879611,Medium
CUST02966,NM,232,False,1.0,3,0.1782943143812708,1,1,0,0,0.1336046927880445,9.693141658309788,Low
CUST02967,SD,95,False,0.0,6,0.2234200743494424,1,1,0,0,0.0641255622236127,7.646204127213391,Low
CUST02968,VA,182,False,1.0,4,0.1736227544910179,1,1,0,0,0.1084873064734299,7.732757354294931,Low
CUST02969,NM,55,False,2.0,2,0.1428690807799442,1,1,0,0,0.1162017683812068,24.899342599335395,Low
CUST02970,VA,86,False,2.0,7,0.1748039215686274,1,1,0,0,0.08561714753746,15.293014908990992,Low
CUST02971,NJ,127,False,1.0,5,0.1925072886297376,1,1,0,0,0.0933011063282449,10.19003796475513,Low
CUST02972,TN,63,False,0.0,2,0.1881164383561643,1,1,0,0,0.0828083829231769,11.15371385064108,Low
CUST02973,MI,79,False,1.0,2,0.2301071428571428,1,1,0,0,0.1004582165666355,8.866215681696298,Low
CUST02974,LA,111,False,2.0,2,0.1909401709401709,1,1,0,0,0.0471678381509257,13.866232005259588,Low
CUST02975,NH,121,False,0.0,4,0.2371705426356589,1,1,0,0,0.0863442148138399,14.571993406315842,Low
CUST02976,RI,112,False,1.0,5,0.1958083832335329,1,1,0,0,0.1201527810022277,9.332158511433223,Low
CUST02977,LA,81,False,3.0,6,0.17508038585209,1,1,0,0,0.0410965170303701,11.517127091876333,Low
CUST02978,AZ,72,False,0.0,2,0.2272297297297297,1,1,0,0,0.2052050654808416,24.921920422784783,Low
CUST02979,SC,64,False,3.5,4,0.2134323432343234,1,1,0,0,0.17849246335344,19.302260836503805,Low
CUST02980,MD,163,False,1.0,5,0.1955747126436781,1,1,0,0,0.1970634713444125,11.405353790910203,Low
CUST02981,WA,104,False,2.0,5,0.1749342105263157,1,1,0,0,0.1056995315583039,7.133376949085315,Low
CUST02982,CA,93,False,2.0,3,0.1427215189873418,1,1,0,0,0.0403613667775988,10.861304598930612,Low
CUST02983,NJ,197,False,3.0,2,0.1793687707641195,1,1,0,0,0.1149287741979186,8.735463121379954,Low
CUST02984,AR,57,False,1.0,6,0.2273207547169811,1,1,0,0,0.0589262348630182,8.813980138682709,Low
CUST02985,CT,107,False,1.0,3,0.1376945244956772,1,1,0,0,0.128885862389824,18.21526197999216,Low
CUST02986,SD,75,False,2.0,3,0.1866187050359712,1,1,0,0,0.0440506199014355,18.832037815229842,Low
CUST02987,FL,106,False,0.0,2,0.1759249329758713,1,1,0,0,0.1954537774304756,17.27502747076988,Low
CUST02988,MS,70,False,0.0,4,0.1873770491803278,1,1,0,0,0.0695432756303686,8.544481942586032,Low
CUST02989,MA,80,False,2.0,2,0.2125482625482626,1,1,0,0,0.1072281372756971,8.717648356447947,Low
CUST02990,VT,137,False,1.0,0,0.1845686274509803,-1,-1,1,0,0.1183136294636238,32.97088527067296,Low
CUST02991,IL,90,False,2.0,5,0.1745930232558139,1,1,0,0,0.0553558661866782,5.09948295775868,Low
CUST02992,CT,30,False,3.0,10,0.1456172839506173,1,1,0,0,0.0598296591393975,20.679600703035323,Low
CUST02993,KS,105,True,1.0,7,0.265423197492163,1,1,0,0,0.8636746349704871,39.22130095109814,Medium
CUST02994,MA,102,False,3.0,2,0.1576666666666666,1,1,0,0,0.0904769855822271,18.639764773679083,Low
CUST02995,NJ,83,False,3.0,4,0.2158431372549019,1,1,0,0,0.0755427708107081,10.536653890600828,Low
CUST02996,AR,63,False,0.0,5,0.1983699059561128,1,1,0,0,0.1192759524781631,13.589532297277017,Low
CUST02997,MS,155,False,2.0,4,0.1826948051948052,1,1,0,0,0.0790145400253871,10.666997567342543,Low
CUST02998,ME,105,False,3.0,5,0.2035458167330677,1,1,0,0,0.0663617262833162,20.33268531366064,Low
CUST02999,IA,73,False,1.0,4,0.1554117647058823,1,1,0,0,0.1331878654291889,6.084047143524098,Low
CUST03000,NM,21,False,3.0,7,0.1799642857142857,1,1,0,0,0.0633137138404559,12.146617388273139,Low
CUST03001,TX,71,False,1.0,6,0.1820972644376899,1,1,0,0,0.0948083716797419,4.240184187597222,Low
CUST03002,KY,112,False,0.0,6,0.1678171091445428,1,1,0,0,0.1099638775121471,9.090620817997953,Low
CUST03003,AZ,66,True,3.5,3,0.1470588235294118,1,1,0,0,0.9585722713767336,40.19687191603257,Medium
CUST03004,TN,99,False,1.0,3,0.1078637770897832,1,1,0,0,0.1568684212062627,21.097119965280637,Low
CUST03005,WV,124,False,1.0,6,0.2172200772200772,1,1,0,0,0.0744859644819126,7.662776531474528,Low
CUST03006,CT,95,False,3.0,3,0.2645151515151515,1,1,0,0,0.1858817614307105,25.47759299440108,Low
CUST03007,NH,130,False,0.0,4,0.113834808259587,1,1,0,0,0.2459247135545226,25.228525905525494,Low
CUST03008,MD,93,True,1.0,2,0.1765397923875432,1,1,0,0,0.9526127201217728,33.297225334902905,Medium
CUST03009,WV,191,False,1.0,7,0.1925159235668789,1,1,0,0,0.1194673400656393,7.352375167750344,Low
CUST03010,KY,88,False,2.0,4,0.2747844827586206,1,1,0,0,0.1062821934179672,19.333549895057228,Low
CUST03011,WY,16,False,3.5,8,0.2189078498293515,1,1,0,0,0.2250557327924594,21.845634267405607,Low
CUST03012,GA,107,False,2.0,1,0.1801791044776119,1,1,0,0,0.0916050435749447,10.642617254683964,Low
CUST03013,AK,96,False,1.0,3,0.2304017857142856,1,1,0,0,0.0708088134532768,13.269324243133084,Low
CUST03014,CT,163,False,2.0,3,0.3250892857142857,1,1,0,1,0.0768243459378221,46.180256739913524,Medium
CUST03015,OR,95,True,2.0,4,0.2479672131147541,1,1,0,0,0.8233769299801513,41.682715641062124,Medium
CUST03016,OK,123,False,1.0,5,0.1831578947368421,1,1,0,0,0.135308706907244,10.408454157280326,Low
CUST03017,MA,34,True,2.0,10,0.3417886178861788,1,1,0,1,0.9766807326507904,82.59547828023175,High
CUST03018,DE,96,False,2.0,2,0.2036933797909407,1,1,0,0,0.064476055129402,4.16978508232654,Low
CUST03019,OH,146,False,2.0,7,0.2203496503496503,1,1,0,0,0.1380998977960429,12.108148741947227,Low
CUST03020,ID,138,False,0.0,4,0.2043648208469055,1,1,0,0,0.1715003631693559,12.037483793340101,Low
CUST03021,MO,76,True,3.5,3,0.194763779527559,1,1,0,0,0.964450509299009,41.62275646005787,Medium
CUST03022,NC,83,False,0.0,4,0.1718688524590164,1,1,0,0,0.2074131526882829,19.337721841850104,Low
CUST03023,HI,104,False,1.0,1,0.1585588235294117,1,1,0,0,0.066182829700525,13.8587268829097,Low
CUST03024,NJ,106,False,1.0,3,0.194858934169279,1,1,0,0,0.1435743692233617,9.449317067582934,Low
CUST03025,MS,84,False,1.0,1,0.116656976744186,1,1,0,0,0.1277821136866737,21.119619087699135,Low
CUST03026,MN,99,False,2.0,4,0.171042944785276,1,1,0,0,0.1292624129849966,17.569194589768642,Low
CUST03027,RI,134,False,0.0,6,0.205267175572519,1,1,0,0,0.1207982730326061,12.812764379643953,Low
CUST03028,NJ,80,True,2.0,1,0.1969607843137254,-1,-1,1,0,0.978416788128057,62.79540059862617,Medium
CUST03029,MN,85,False,3.0,5,0.2621071428571428,-1,1,0,0,0.2798931637873476,34.00456134402538,Medium
CUST03030,WI,120,False,0.0,3,0.2382965299684542,1,1,0,0,0.0407345182625778,14.676371494589112,Low
CUST03031,KS,120,False,1.0,5,0.1522285714285714,1,1,0,0,0.112609367298556,7.948603210203576,Low
CUST03032,NJ,125,False,2.0,7,0.1865277777777777,1,1,0,0,0.0897130077983453,12.928301470315581,Low
CUST03033,ND,118,False,2.0,8,0.1391014492753623,1,1,0,0,0.1261728007587517,17.196418778768418,Low
CUST03034,WY,62,False,0.0,5,0.1795953757225433,1,1,0,0,0.1065883456158247,9.229687763993702,Low
CUST03035,LA,112,False,1.0,7,0.1920923076923077,1,1,0,0,0.186268292342261,13.399750097262448,Low
CUST03036,AL,68,False,1.0,7,0.1927960526315789,1,1,0,0,0.1453314158670938,11.04203320111961,Low
CUST03037,TX,201,False,1.0,3,0.2034640522875817,1,1,0,0,0.0798195274442478,16.014401251357555,Low
CUST03038,AR,116,False,0.0,5,0.1696296296296296,1,1,0,0,0.1115277241824396,20.414426930106984,Low
CUST03039,GA,133,False,0.0,7,0.1549546827794562,-1,-1,1,0,0.0836332143105088,31.523544484450415,Low
CUST03040,KY,125,False,2.0,3,0.1776217765042979,1,1,0,0,0.1130020429306821,6.547047972234241,Low
CUST03041,NE,21,False,0.0,4,0.2259433962264151,1,1,0,0,0.3471854913750908,15.323816939534012,Low
CUST03042,ND,110,False,3.0,1,0.2010402684563758,1,1,0,0,0.0606032138820377,16.39667873627106,Low
CUST03043,NH,83,False,3.0,2,0.2408561643835616,1,1,0,0,0.3145993746248987,17.421238359962366,Low
CUST03044,IN,101,False,0.0,3,0.2311583011583012,1,1,0,0,0.1063881515036319,10.069441153037472,Low
CUST03045,OR,117,False,0.0,4,0.2376556776556776,1,1,0,0,0.070233307981318,18.736884684471534,Low
CUST03046,OH,127,False,2.0,4,0.1755369127516778,1,1,0,0,0.0932623533806214,8.500339454714283,Low
CUST03047,KS,138,False,1.0,3,0.210953947368421,1,1,0,0,0.0956428776448959,12.497354324156307,Low
CUST03048,TX,120,False,3.0,2,0.2293189964157706,1,1,0,0,0.0604456980182595,16.282442479369415,Low
CUST03049,DC,141,False,3.5,3,0.1805230769230769,1,1,0,0,0.3585342925275587,20.759689299206347,Low
CUST03050,OR,87,False,2.0,3,0.1822699386503067,1,1,0,0,0.0492827608680278,15.236705197117976,Low
CUST03051,WA,97,True,0.0,4,0.2899622641509434,1,1,0,0,0.96687241583996,43.59846784046867,Medium
CUST03052,NC,162,True,1.0,8,0.1584196891191709,1,1,0,0,0.8044603125288203,34.26852646731451,Medium
CUST03053,TX,119,True,2.0,1,0.1507301587301587,1,1,0,0,0.6645316454183788,38.145407958216296,Medium
CUST03054,WI,107,False,1.0,1,0.2219999999999999,1,1,0,0,0.0802780659059991,13.476884632244424,Low
CUST03055,SC,140,False,1.0,9,0.1901083032490974,1,1,0,0,0.0881657998359012,9.684268273700102,Low
CUST03056,SD,91,True,1.0,15,0.1422287390029325,1,1,0,1,0.7187527540703542,67.81555656773706,High
CUST03057,OH,135,False,3.5,3,0.2388148148148148,1,1,0,0,0.1961166248178872,24.632426881263502,Low
CUST03058,HI,86,False,0.0,9,0.1823475609756097,1,1,0,0,0.0352706898648858,8.954522906934193,Low
CUST03059,KY,131,False,1.0,5,0.1808982035928144,1,1,0,0,0.1426971889387671,8.862024169821915,Low
CUST03060,OH,86,False,1.0,3,0.2299019607843137,1,1,0,0,0.1327895466152103,11.85293466785336,Low
CUST03061,AL,85,False,1.0,7,0.283030303030303,1,1,0,0,0.0943679300203295,11.52777503799172,Low
CUST03062,VT,195,False,0.0,2,0.2452249134948096,1,1,0,0,0.082211410601936,9.686596764479443,Low
CUST03063,ND,177,False,1.0,2,0.1854848484848484,1,1,0,0,0.0429780872841776,8.128174382589247,Low
CUST03064,WA,100,True,3.5,1,0.1345652173913043,1,1,0,0,0.9706257016741414,50.20257934247865,Medium
CUST03065,CT,124,False,1.0,2,0.2084868421052631,1,1,0,0,0.142249342153317,15.265999109727874,Low
CUST03066,DE,81,False,1.0,5,0.2438745387453874,1,1,0,0,0.2419852014725299,26.354667909150336,Low
CUST03067,HI,105,True,0.0,3,0.2558132530120481,1,1,0,0,0.9836680574957976,46.59118840655721,Medium
CUST03068,MI,126,False,1.0,7,0.1344508670520231,1,1,0,0,0.1259372668548521,10.796576048242658,Low
CUST03069,ND,71,True,0.0,10,0.2375312499999999,1,1,0,0,0.9289781698534284,47.25310959938744,Medium
CUST03070,NE,139,False,0.0,4,0.223578947368421,1,1,0,0,0.1477875327131894,16.574740719651835,Low
CUST03071,NE,77,False,1.0,7,0.1634649122807017,1,1,0,0,0.1434438269918619,28.56057764464608,Low
CUST03072,KY,72,False,1.0,6,0.1847682119205297,1,1,0,0,0.1069078777613217,5.5569558710665445,Low
CUST03073,KS,74,False,1.0,4,0.2172012578616352,1,1,0,0,0.0770214378552515,9.306661512773985,Low
CUST03074,ND,124,False,2.0,4,0.2036917562724014,1,1,0,0,0.0923013624174939,12.418582608589395,Low
CUST03075,KY,113,True,3.5,2,0.2287551867219917,1,1,0,0,0.6290035422097702,34.73527002429761,Medium
CUST03076,ME,66,False,1.0,5,0.1454874651810584,1,1,0,0,0.1226416404549396,19.241325024238957,Low
CUST03077,MT,124,False,2.0,7,0.268,1,1,0,0,0.091316325357808,18.226802040808398,Low
CUST03078,IL,134,False,1.0,2,0.1633225806451613,1,1,0,0,0.0537264163283908,11.45003103045202,Low
CUST03079,ME,41,False,1.0,4,0.2010958904109589,1,1,0,0,0.0235894478416752,2.3656032134925438,Low
CUST03080,SC,159,False,2.0,3,0.2007636363636363,1,1,0,0,0.0674358388189066,5.834551544089199,Low
CUST03081,IL,87,False,1.0,3,0.170735294117647,1,1,0,0,0.1163403837964505,7.920013281462213,Low
CUST03082,WA,132,False,3.0,6,0.1925449101796407,1,1,0,0,0.0833014273001698,15.449809895058483,Low
CUST03083,NE,86,False,1.0,8,0.130990990990991,1,1,0,0,0.0744532581988769,20.19728247511787,Low
CUST03084,IL,55,False,1.0,6,0.2293987341772151,1,1,0,0,0.4339586057175552,22.908074953656406,Low
CUST03085,VT,101,False,3.0,7,0.1673230769230769,1,1,0,0,0.1731735194071254,15.09562090018306,Low
CUST03086,KS,94,True,3.0,2,0.24508038585209,1,1,0,0,0.9564514779463932,51.75458377384437,Medium
CUST03087,ND,68,False,2.0,4,0.1777456647398844,1,1,0,0,0.0928743611023724,12.959510642049679,Low
CUST03088,CO,98,False,0.0,4,0.1963235294117647,1,1,0,0,0.2931531123303152,19.011956198020066,Low
CUST03089,TX,123,False,3.0,5,0.2474647887323943,1,1,0,0,0.394120264315326,25.41988811621396,Low
CUST03090,CA,111,True,0.0,4,0.258013468013468,1,1,0,0,0.9233347327109112,36.69473870916134,Medium
CUST03091,MS,69,False,0.0,3,0.306360294117647,1,-1,0,1,0.1093185989548102,57.88938370804868,Medium
CUST03092,RI,127,False,1.0,10,0.2191699604743083,-1,-1,1,0,0.0428835961303633,29.26883502156963,Low
CUST03093,NM,105,False,1.0,5,0.2091909385113268,1,1,0,0,0.1623636278545289,12.937237746223376,Low
CUST03094,VA,75,False,3.0,11,0.2207894736842105,1,1,0,0,0.2117346187241346,20.163059029547895,Low
CUST03095,TX,126,False,1.0,3,0.1878360655737705,1,1,0,0,0.0806577109254264,13.314833578999114,Low
CUST03096,NM,41,True,3.0,2,0.2840636042402827,1,1,0,0,0.9484302926632936,44.77232860008059,Medium
CUST03097,RI,113,False,1.0,9,0.1199361022364217,-1,1,0,0,0.0840782346500779,27.787245058111893,Low
CUST03098,NY,78,False,2.0,6,0.2029893238434163,1,1,0,0,0.0861059835492831,15.496277190636794,Low
CUST03099,WA,110,False,2.0,4,0.2733596837944664,1,1,0,0,0.2104125610634751,17.754903130462594,Low
CUST03100,NE,112,False,1.0,3,0.2343798449612403,1,1,0,0,0.1435244402926111,8.451066359631085,Low
CUST03101,ID,104,False,0.0,5,0.1585512367491166,1,1,0,0,0.075334798841075,15.118034884408205,Low
CUST03102,WV,127,False,2.0,1,0.2133110367892977,1,1,0,0,0.1388030991810533,11.234789470312437,Low
CUST03103,NE,61,True,1.0,4,0.2196811594202898,1,1,0,0,0.9756130364891454,50.08740627173306,Medium
CUST03104,RI,65,False,2.0,5,0.1938741721854305,1,1,0,0,0.0989077633795013,12.857844379859419,Low
CUST03105,CT,152,False,3.5,3,0.2122636103151862,1,1,0,0,0.1916338844002686,22.54412641975488,Low
CUST03106,RI,63,False,1.0,8,0.1453287197231833,1,1,0,0,0.1273487632132167,25.022943041780323,Low
CUST03107,IA,100,False,3.5,5,0.3042194092827004,1,-1,0,1,0.1968641328915692,56.244707818319206,Medium
CUST03108,MS,29,True,2.0,4,0.2332967032967032,1,1,0,0,0.9661123042118284,51.26983991561548,Medium
CUST03109,ME,175,False,1.0,10,0.20397212543554,1,1,0,0,0.0931642680267176,17.85705335553493,Low
CUST03110,MS,98,False,1.0,7,0.3325641025641025,1,1,0,1,0.2280525281822601,53.15033945984477,Medium
CUST03111,VA,121,False,2.0,2,0.138375350140056,1,1,0,0,0.1446445118140651,13.516735077587109,Low
CUST03112,PA,104,False,2.0,6,0.1872260273972602,1,1,0,0,0.0840223353801706,17.232953941850315,Low
CUST03113,NE,123,False,3.0,3,0.1770034843205575,1,1,0,0,0.097709138175511,18.877456267866695,Low
CUST03114,MI,61,False,3.0,3,0.2740875912408759,1,1,0,0,0.1252592794610997,19.45359828132538,Low
CUST03115,MD,160,False,3.0,4,0.2642801556420233,1,1,0,0,0.23284173635934,21.813043839990296,Low
CUST03116,AR,153,False,1.0,2,0.2944805194805195,1,-1,0,1,0.1061787063849698,56.770728774090074,Medium
CUST03117,FL,31,False,1.0,1,0.2207003891050583,1,1,0,0,0.1286986205245483,12.40383766066119,Low
CUST03118,KY,122,False,1.0,6,0.1766071428571428,1,1,0,0,0.0613573181601545,10.42714432517314,Low
CUST03119,IN,46,False,1.0,2,0.2104819277108433,1,1,0,0,0.1763786065498726,21.263340363951468,Low
CUST03120,FL,103,False,1.0,4,0.1910452961672473,1,1,0,0,0.1397368187182085,6.574604078268939,Low
CUST03121,IL,68,True,1.0,9,0.2001980198019801,1,1,0,0,0.9835941898756534,38.05323702551717,Medium
CUST03122,AL,149,False,2.0,3,0.238769716088328,1,1,0,0,0.0277859754244645,8.265820394613641,Low
CUST03123,MT,102,True,2.0,7,0.2544224422442244,1,1,0,0,0.9583156180965996,45.410250812267186,Medium
CUST03124,WI,153,True,1.0,2,0.1907165109034268,1,1,0,0,0.6452392544806774,24.941730518815163,Low
CUST03125,NY,122,False,0.0,5,0.2022977346278317,1,1,0,0,0.1336457876632031,11.94155861242399,Low
CUST03126,WY,127,False,2.0,3,0.2212328767123287,1,1,0,0,0.3201669705180721,21.153589027936597,Low
CUST03127,NY,126,True,1.0,1,0.2594880546075085,1,1,0,0,0.9210587846664328,36.9207521808377,Medium
CUST03128,CO,90,False,0.0,6,0.1269577464788732,1,1,0,0,0.0924303412172386,17.8578600700109,Low
CUST03129,CA,37,True,2.0,4,0.2491333333333333,1,1,0,0,0.9090634263819451,34.63094305307411,Medium
CUST03130,CO,132,True,3.5,3,0.1983333333333333,1,1,0,0,0.5723085692944825,30.213386380592617,Low
CUST03131,KY,38,False,2.0,6,0.1735338345864661,1,1,0,0,0.0578966894983008,16.270246568909187,Low
CUST03132,ID,92,False,2.0,5,0.2120322580645161,1,1,0,0,0.1109979677124872,7.627097578360159,Low
CUST03133,HI,111,False,1.0,4,0.1860666666666666,1,1,0,0,0.0353390680505579,5.635612255504402,Low
CUST03134,TX,121,False,3.5,4,0.2292835820895522,-1,-1,1,0,0.1695375816993464,30.72131798553538,Low
CUST03135,GA,131,False,1.0,5,0.1958252427184466,1,1,0,0,0.1003948939257955,6.686618809709083,Low
CUST03136,ME,19,False,1.0,4,0.1750746268656716,1,1,0,0,0.0596332769357597,7.751892725285813,Low
CUST03137,OH,135,False,1.0,6,0.1888831615120275,1,1,0,0,0.1116060238453181,15.5341325858851,Low
CUST03138,TN,129,False,1.0,6,0.1267914438502674,1,1,0,0,0.1729567392582447,19.998012561134637,Low
CUST03139,VT,142,False,3.5,6,0.2173051948051948,1,1,0,0,0.3237138691998092,26.56461614131996,Low
CUST03140,MD,130,False,1.0,2,0.2160563380281689,1,1,0,0,0.1071577220465021,9.512774748698885,Low
CUST03141,NE,92,False,2.0,4,0.1788709677419354,1,1,0,0,0.0619156082995812,3.7068576951207826,Low
CUST03142,WY,146,False,2.0,4,0.2212452830188679,1,1,0,0,0.0578873820774548,4.586893646343545,Low
CUST03143,WV,152,True,1.0,2,0.1961111111111111,1,1,0,0,0.9861269957983194,48.156718912082425,Medium
CUST03144,MS,189,False,3.0,4,0.1924471299093655,1,1,0,0,0.1901733927665566,19.700447179078836,Low
CUST03145,OH,95,False,0.0,3,0.1758785942492013,1,1,0,0,0.0630006691686822,8.748291124626231,Low
CUST03146,AK,1,False,1.0,3,0.2055471698113207,1,1,0,0,0.1000258090765041,15.817941656921288,Low
CUST03147,IN,141,False,0.0,2,0.1746783625730994,1,1,0,0,0.1226077293276757,20.766771492924928,Low
CUST03148,WA,111,False,0.0,3,0.1536392405063291,1,1,0,0,0.0680513399013928,8.24722472233458,Low
CUST03149,RI,143,True,3.5,6,0.1965734265734265,1,1,0,0,0.938124195637694,38.20956595245452,Medium
CUST03150,AL,148,False,1.0,4,0.1915988372093023,1,1,0,0,0.0692737348271389,14.96863286340184,Low
CUST03151,MT,143,False,1.0,3,0.1392241379310344,1,1,0,0,0.0728614398758277,9.006283577316541,Low
CUST03152,NM,90,False,1.0,1,0.17375,1,1,0,0,0.0877906984244861,11.586181677217336,Low
CUST03153,OH,169,False,3.0,6,0.1357636887608069,1,1,0,0,0.0683179292284799,13.822961680117976,Low
CUST03154,LA,53,False,2.0,5,0.1880872483221476,1,1,0,0,0.0947500996098808,7.949407353642076,Low
CUST03155,MO,15,False,2.0,5,0.1803358208955224,1,1,0,0,0.1220510129852288,9.84939041298149,Low
CUST03156,DC,123,False,1.0,8,0.1703134796238244,1,1,0,0,0.0648660028582875,13.546044486076383,Low
CUST03157,TN,95,False,0.0,2,0.2397047970479704,1,1,0,0,0.1605645251609126,17.378216505797415,Low
CUST03158,WA,82,False,2.0,9,0.219876160990712,1,1,0,0,0.4712738331303047,27.011847016966893,Low
CUST03159,RI,180,False,1.0,4,0.1500591715976331,1,1,0,0,0.1281422060753849,7.996107326675764,Low
CUST03160,RI,125,True,2.0,5,0.1534519572953736,1,1,0,0,0.5417882803174254,26.129378078455574,Low
CUST03161,OR,138,True,3.0,2,0.2189850746268656,1,1,0,0,0.9871299772085622,41.57843582607187,Medium
CUST03162,MA,90,False,2.0,5,0.2323046875,1,1,0,0,0.1000373347002201,8.752738721093776,Low
CUST03163,NC,190,False,2.0,4,0.1920123839009287,1,1,0,0,0.1460151296797773,6.929520012026659,Low
CUST03164,IA,143,False,1.0,6,0.1424099722991689,1,1,0,0,0.2362345372207254,13.1369510570713,Low
CUST03165,IL,183,False,0.0,2,0.1452866242038216,1,1,0,0,0.173863003951959,18.021799887481016,Low
CUST03166,KY,58,True,2.0,2,0.2383492063492063,1,1,0,0,0.4081720070410696,26.991623613147333,Low
CUST03167,TN,123,False,3.0,4,0.2104436860068259,1,1,0,0,0.1098851524520278,10.304253148579772,Low
CUST03168,GA,155,False,0.0,4,0.1536075949367088,1,1,0,0,0.205227177479536,23.815752529807355,Low
CUST03169,MN,53,False,1.0,2,0.1987847222222222,1,1,0,0,0.1124708708031042,11.16697167098056,Low
CUST03170,MT,101,False,1.0,4,0.1979094076655052,1,1,0,0,0.1487352625053438,17.869114428170892,Low
CUST03171,ND,122,True,1.0,5,0.1969895287958115,1,1,0,0,0.9160592151593486,41.06216179526473,Medium
CUST03172,VA,163,False,3.5,3,0.2350943396226415,1,1,0,0,0.209789760931188,21.745003846035242,Low
CUST03173,ND,120,False,2.0,2,0.2412186379928315,1,1,0,0,0.1310831963268898,13.894313059786164,Low
CUST03174,TN,196,False,1.0,8,0.1741118421052631,1,1,0,0,0.1313536769091744,10.068088898335018,Low
CUST03175,NE,147,False,2.0,8,0.2430838323353293,1,1,0,0,0.142603661765659,22.673817376491016,Low
CUST03176,IN,81,False,3.5,2,0.1940672782874618,1,1,0,0,0.3829117332865299,25.590075740404817,Low
CUST03177,OR,165,False,0.0,3,0.1448780487804878,1,1,0,0,0.0905672425115779,24.855198229725747,Low
CUST03178,TN,115,False,1.0,7,0.1946627565982404,1,1,0,0,0.0957514932150626,10.732329396951087,Low
CUST03179,TX,90,False,2.0,6,0.1946853146853147,1,1,0,0,0.0890390880521685,17.002419731106087,Low
CUST03180,TN,37,False,3.5,3,0.1842729970326409,1,1,0,0,0.2819947686591921,24.35765594046657,Low
CUST03181,NC,76,False,1.0,4,0.206986301369863,1,1,0,0,0.1183614893874722,6.498782081516981,Low
CUST03182,MT,109,False,3.0,9,0.2205,1,1,0,0,0.0723967460704878,21.370060653824133,Low
CUST03183,HI,105,False,2.0,9,0.1774691358024691,1,1,0,0,0.1210599470422409,13.596481055992585,Low
CUST03184,MI,74,False,3.0,7,0.1302752293577981,1,1,0,0,0.0741181085280833,14.598426418306879,Low
CUST03185,AL,76,False,0.0,2,0.230187969924812,1,1,0,0,0.1272231555122487,12.139441774711788,Low
CUST03186,CT,116,False,3.0,5,0.2824803149606299,1,1,0,0,0.3244417408116313,21.69982526800319,Low
CUST03187,UT,138,False,0.0,8,0.266360153256705,1,1,0,0,0.1151919771948082,14.951065188310247,Low
CUST03188,DC,102,False,2.0,4,0.1726571428571428,1,1,0,0,0.1269780648729405,10.436122792733052,Low
CUST03189,UT,164,False,3.0,3,0.2117465753424657,1,1,0,0,0.072438952716011,12.093614951557567,Low
CUST03190,MN,125,True,0.0,3,0.3072540983606557,1,1,0,1,0.9372735778676028,69.47703910203705,High
CUST03191,SC,209,True,3.0,5,0.2437662337662337,1,1,0,0,0.947075131214406,41.8405520614322,Medium
CUST03192,NH,116,False,2.0,3,0.1801875,1,1,0,0,0.1045023817537482,14.487854867036143,Low
CUST03193,MD,189,False,1.0,6,0.19575,1,1,0,0,0.0835089082856361,17.69096164632326,Low
CUST03194,OK,84,False,1.0,2,0.1889285714285714,1,1,0,0,0.09469404342249,11.335818843355128,Low
CUST03195,NJ,182,True,2.0,11,0.2165706051873199,1,1,0,0,0.9679812490807288,47.16517820504122,Medium
CUST03196,HI,171,False,0.0,1,0.2102054794520548,1,1,0,0,0.104014223158416,12.07885798511072,Low
CUST03197,DE,90,False,2.0,7,0.2235369774919614,1,1,0,0,0.134886560756212,13.423186018709425,Low
CUST03198,AL,117,False,2.0,10,0.2082539682539682,1,1,0,0,0.0901119604051896,15.733523289102683,Low
CUST03199,KS,186,False,1.0,6,0.1579084967320261,1,1,0,0,0.1564739441385253,9.24353107305742,Low
CUST03200,AK,55,False,3.0,1,0.1613622291021672,1,1,0,0,0.0779521903376088,13.060099862256239,Low
CUST03201,WI,74,False,0.0,3,0.1715691489361702,1,1,0,0,0.1831292429515116,15.818200004851185,Low
CUST03202,IN,130,False,1.0,9,0.1193715846994535,1,1,0,0,0.0980438451110931,18.7594396829808,Low
CUST03203,DC,80,False,3.0,4,0.1209191176470588,1,1,0,0,0.0809051410467484,21.291273145207878,Low
CUST03204,MS,120,False,1.0,3,0.1473700305810397,1,1,0,0,0.0817892360946699,4.725612195206708,Low
CUST03205,NH,84,False,2.0,3,0.1996624472573839,1,1,0,0,0.1182162822954471,21.510178574219502,Low
CUST03206,NJ,134,True,2.0,5,0.2232601880877743,1,1,0,0,0.9089986606615972,43.77551769265794,Medium
CUST03207,VT,68,False,1.0,3,0.1728353658536585,1,1,0,0,0.0958932938529504,3.43423261313761,Low
CUST03208,MD,119,True,3.0,3,0.2850381679389313,1,1,0,0,0.850704603517639,34.32549087863251,Medium
CUST03209,KS,166,False,1.0,5,0.2161648745519713,1,1,0,0,0.137886620485948,13.588145672361929,Low
CUST03210,NH,90,False,0.0,4,0.2694047619047619,1,1,0,0,0.0817688671601174,10.78130581123633,Low
CUST03211,AZ,82,False,2.0,6,0.1955852842809364,1,1,0,0,0.0899008181835573,13.51348434976352,Low
CUST03212,ID,130,True,1.0,6,0.2311370716510903,1,1,0,0,0.9344749486960716,45.589913451233755,Medium
CUST03213,TX,130,False,0.0,5,0.2482181818181818,1,1,0,0,0.2528420545281938,24.800787957137096,Low
CUST03214,RI,155,False,0.0,3,0.1894936708860759,1,1,0,0,0.2771060664529675,21.233745859094743,Low
CUST03215,OR,81,True,0.0,5,0.4097183098591549,-1,-1,1,1,0.9778538255961672,86.71699544800668,High
CUST03216,NC,75,False,1.0,3,0.2356944444444444,1,1,0,0,0.1022829312613467,12.518427285993516,Low
CUST03217,NM,178,False,2.0,3,0.2201999999999999,1,1,0,0,0.0675462835426308,8.212879326287466,Low
CUST03218,SC,112,True,2.0,2,0.2766894197952218,1,1,0,0,0.8693146514467714,43.940453768915205,Medium
CUST03219,AZ,100,False,0.0,8,0.1372929936305732,1,1,0,0,0.1521765968262932,24.48595153852409,Low
CUST03220,WV,104,False,1.0,4,0.2113522012578616,1,1,0,0,0.1696386033680643,10.829402534858781,Low
CUST03221,NY,160,False,1.0,2,0.2117571884984026,1,1,0,0,0.0887467895072049,15.121908619313357,Low
CUST03222,WV,87,False,0.0,3,0.0712631578947368,-1,1,0,0,0.0859949335700673,28.474841791187444,Low
CUST03223,NM,81,False,2.0,6,0.2406060606060606,1,1,0,0,0.1222471856841931,9.115072163747351,Low
CUST03224,ME,28,False,3.0,3,0.2270032573289902,1,1,0,0,0.1325116582052613,13.850267289918591,Low
CUST03225,WI,95,False,1.0,6,0.2591505791505791,1,1,0,0,0.1039665931334356,12.129238551656544,Low
CUST03226,NJ,35,False,2.0,5,0.2025806451612903,1,1,0,0,0.1338447683319054,15.45560086028363,Low
CUST03227,WY,134,True,0.0,10,0.2641194968553459,1,1,0,0,0.974970427726688,51.28922025016096,Medium
CUST03228,AR,185,False,0.0,6,0.1812121212121212,1,1,0,0,0.0641473399633554,7.86354866478667,Low
CUST03229,PA,85,False,1.0,3,0.2001724137931034,1,1,0,0,0.104819238471539,6.099835083906415,Low
CUST03230,TN,148,False,1.0,2,0.1422641509433962,1,1,0,0,0.0916563207921924,23.078185624401897,Low
CUST03231,CT,134,False,0.0,3,0.1266568047337278,1,1,0,0,0.0863694825584534,27.57821868578817,Low
CUST03232,MA,80,False,1.0,4,0.1896491228070175,1,1,0,0,0.0680796905737885,23.031849841353534,Low
CUST03233,OH,165,False,0.0,1,0.282,1,1,0,0,0.1822511726710316,20.90367846855151,Low
CUST03234,KS,65,False,3.5,4,0.1918354430379746,1,1,0,0,0.2238340000758727,18.241607610427014,Low
CUST03235,OK,104,False,2.0,6,0.1585611510791366,1,1,0,0,0.0747098156476094,8.637822574360483,Low
CUST03236,UT,44,False,0.0,3,0.1846607669616519,1,1,0,0,0.0712366358406677,15.972212165406146,Low
CUST03237,OH,162,False,2.0,2,0.1894719471947194,1,1,0,0,0.1099682703897545,6.674147438534506,Low
CUST03238,WA,96,True,1.0,3,0.2663106796116505,1,1,0,0,0.9766116756186228,37.50833925521375,Medium
CUST03239,IN,72,True,3.5,3,0.2321727019498607,-1,1,0,0,0.7742076484415825,52.59426350350871,Medium
CUST03240,NE,31,False,1.0,5,0.1429166666666666,1,1,0,0,0.0357964309399673,18.947919330328695,Low
CUST03241,AL,72,False,0.0,5,0.2234237288135593,1,1,0,0,0.1581970597603649,14.034716789621804,Low
CUST03242,PA,136,False,0.0,5,0.1560966542750929,1,1,0,0,0.1081170018173532,19.982824410232894,Low
CUST03243,OR,82,False,1.0,4,0.2184375,1,1,0,0,0.0677018984764984,21.567625155810852,Low
CUST03244,MN,155,False,2.0,5,0.1804444444444444,1,1,0,0,0.3483560094726114,22.743994648516463,Low
CUST03245,GA,136,False,3.5,4,0.2123648648648648,1,1,0,0,0.3496030320327462,20.12322942725552,Low
CUST03246,TX,57,False,3.0,4,0.170722891566265,1,1,0,0,0.1293339686073757,11.971691932605367,Low
CUST03247,NM,112,False,1.0,18,0.151571906354515,-1,-1,1,1,0.1594865733924834,60.35591539171451,Medium
CUST03248,NC,95,True,3.5,2,0.1775083056478405,1,1,0,0,0.8479288535965575,40.528239279031524,Medium
CUST03249,ID,113,False,0.0,7,0.2132042253521127,1,1,0,0,0.0644324560890773,14.154720822856614,Low
CUST03250,WI,103,False,1.0,3,0.1387078651685393,1,1,0,0,0.107594194655037,16.789575922780166,Low
CUST03251,SC,149,False,0.0,6,0.1700584795321637,1,1,0,0,0.0699006261868782,12.482946959453892,Low
CUST03252,NV,116,False,2.0,2,0.187007874015748,1,1,0,0,0.1696231206277481,17.897114502663463,Low
CUST03253,NE,95,False,0.0,5,0.1214506172839506,1,1,0,0,0.2015149915903959,21.816867021197677,Low
CUST03254,UT,201,False,1.0,6,0.2470786516853932,1,1,0,0,0.10395928311042,10.671022154386838,Low
CUST03255,HI,150,False,1.0,4,0.2128802588996763,1,1,0,0,0.1242106727229395,7.319393722487099,Low
CUST03256,MI,108,True,2.0,3,0.1741911764705882,1,1,0,0,0.9717974997390066,42.84784858708448,Medium
CUST03257,MO,101,False,1.0,5,0.1423546511627907,1,1,0,0,0.151231775605748,10.897536742292854,Low
CUST03258,AL,182,False,1.0,3,0.1376204819277108,1,1,0,0,0.0572919969747784,6.186774365176628,Low
CUST03259,VT,128,True,1.0,7,0.2571379310344828,1,1,0,0,0.9568956065856516,49.259952556221656,Medium
CUST03260,VA,113,False,1.0,3,0.1135714285714285,1,-1,0,0,0.1260154314313943,27.242742970986168,Low
CUST03261,RI,76,False,1.0,3,0.2321875,1,1,0,0,0.0546926831582366,21.50142971997181,Low
CUST03262,MD,204,False,3.0,5,0.1877639751552795,1,1,0,0,0.1536038978164292,21.144867812275535,Low
CUST03263,OH,32,False,0.0,2,0.2118380062305296,1,1,0,0,0.0676297197256243,9.747189497009975,Low
CUST03264,CO,103,False,1.0,3,0.2024414715719063,1,1,0,0,0.101171422026711,5.713164918220803,Low
CUST03265,UT,148,False,1.0,9,0.174593837535014,1,1,0,0,0.0922687898499751,19.386304590109116,Low
CUST03266,CO,57,False,0.0,2,0.1408598726114649,1,1,0,0,0.1829898788625651,18.051674427428775,Low
CUST03267,KY,64,False,3.0,3,0.210040650406504,1,1,0,0,0.2004504722764022,17.021359911228252,Low
CUST03268,DC,70,False,1.0,2,0.1582098765432099,1,1,0,0,0.0923043826035234,12.286305027520008,Low
CUST03269,MA,142,False,0.0,2,0.1750571428571428,1,1,0,0,0.0982660743711016,13.63969769175192,Low
CUST03270,AZ,88,False,2.0,5,0.1883745583038869,1,1,0,0,0.0552555095964984,11.14463506727331,Low
CUST03271,IL,131,False,2.0,2,0.2347,1,1,0,0,0.3374163707712451,21.13578268534595,Low
CUST03272,CO,130,True,3.5,2,0.2233428571428571,1,1,0,0,0.9865277447803285,48.71010044135927,Medium
CUST03273,OR,166,False,3.0,5,0.2050488599348534,1,1,0,0,0.0762825552868219,9.157029044684988,Low
CUST03274,MS,130,False,3.0,4,0.2111929824561403,1,1,0,0,0.076531222491267,14.43539663558791,Low
CUST03275,SC,111,False,1.0,4,0.1434405144694533,1,1,0,0,0.0945017005717956,13.965149643063643,Low
CUST03276,IN,100,False,3.0,9,0.1561946902654867,1,1,0,0,0.1156070084175374,15.926783257880825,Low
CUST03277,ME,57,False,0.0,1,0.2356249999999999,1,1,0,0,0.2688881392541328,23.537032839703897,Low
CUST03278,DE,139,False,0.0,1,0.155679012345679,1,1,0,0,0.0848217409329782,14.906095723479451,Low
CUST03279,OR,113,False,2.0,7,0.171580547112462,1,1,0,0,0.2321246327910884,18.112122757183286,Low
CUST03280,NJ,108,False,0.0,6,0.2178171091445427,1,1,0,0,0.3798504605884303,20.33309654244269,Low
CUST03281,MT,100,True,3.5,2,0.1858571428571428,1,1,0,0,0.9586055234460332,43.13956237808766,Medium
CUST03282,WV,120,False,1.0,3,0.2035185185185185,1,1,0,0,0.1089795172474169,6.704325334424254,Low
CUST03283,NJ,107,False,1.0,2,0.1410774410774411,1,1,0,0,0.1527243765119102,13.706426175569128,Low
CUST03284,IN,104,False,3.5,6,0.2553633217993079,-1,1,0,0,0.3804015386191676,37.9669965312172,Medium
CUST03285,NM,62,False,3.5,4,0.1979510703363914,1,1,0,0,0.2334491109948201,22.568452670315786,Low
CUST03286,MT,34,False,2.0,5,0.1674643874643875,1,1,0,0,0.0938385876750869,7.581263694194004,Low
CUST03287,NM,183,False,1.0,4,0.240553633217993,1,1,0,0,0.1169539127828128,8.982765973698017,Low
CUST03288,IL,123,False,2.0,4,0.1462616822429906,1,1,0,0,0.0892241124429368,10.516475525611046,Low
CUST03289,IN,64,False,3.0,1,0.1696478873239436,1,1,0,0,0.1060522393233515,12.129055029988832,Low
CUST03290,ND,27,False,1.0,6,0.218063973063973,1,1,0,0,0.1080939394689708,20.837701922758022,Low
CUST03291,NH,123,False,0.0,5,0.2597490347490347,1,1,0,0,0.2547408881568417,31.00066612491772,Low
CUST03292,NM,84,False,1.0,5,0.1580923076923077,1,1,0,0,0.0553956066920766,5.985239069630379,Low
CUST03293,LA,91,False,0.0,5,0.1988963210702341,1,1,0,0,0.0880475772967806,17.707110681554354,Low
CUST03294,KY,95,False,2.0,4,0.1674350649350649,1,1,0,0,0.0745872785832735,8.692808161910264,Low
CUST03295,WV,73,False,0.0,3,0.1940625,1,1,0,0,0.1733244605609136,19.551962390714344,Low
CUST03296,WV,58,False,1.0,4,0.2713127413127413,1,1,0,0,0.1602721539325936,28.20764785868367,Low
CUST03297,IA,88,False,1.0,3,0.125811209439528,1,1,0,0,0.1408699515569811,19.175716937130012,Low
CUST03298,NE,67,False,0.0,1,0.1873611111111111,1,1,0,0,0.076767247506067,13.303997990193356,Low
CUST03299,WA,152,False,1.0,5,0.1725838926174496,1,1,0,0,0.0784791184889819,6.406638980210872,Low
CUST03300,PA,142,False,1.0,3,0.2628873239436619,1,1,0,0,0.0961374079043135,12.274445807568297,Low
CUST03301,ID,105,False,1.0,9,0.2193498452012383,1,1,0,0,0.2904093993343352,17.114552935403722,Low
CUST03302,DC,93,False,0.0,2,0.2607619047619047,1,1,0,0,0.0557057746538453,18.67137905754357,Low
CUST03303,KY,79,False,2.0,5,0.1906194690265486,1,1,0,0,0.1017160076687542,12.770870630774622,Low
CUST03304,SC,88,False,1.0,6,0.1829337539432176,1,1,0,0,0.1067857827242227,6.728571552809521,Low
CUST03305,NC,110,False,2.0,2,0.1754360465116279,1,1,0,0,0.0930794214055831,24.014165402432493,Low
CUST03306,NY,209,False,0.0,2,0.1871626297577854,1,1,0,0,0.1633837270062681,8.59887077216602,Low
CUST03307,OR,27,False,3.5,6,0.2504363636363637,1,1,0,0,0.1258637014991179,20.69677565303124,Low
CUST03308,IL,117,False,1.0,10,0.2153103448275862,1,1,0,0,0.0732449418805703,10.259132870039437,Low
CUST03309,MA,87,False,1.0,14,0.1904861111111111,-1,1,0,1,0.0934860069407362,58.01318815256805,Medium
CUST03310,CT,129,False,1.0,5,0.2263970588235294,1,1,0,0,0.0521428974455407,7.337224981975984,Low
CUST03311,WI,142,False,1.0,3,0.194955223880597,1,1,0,0,0.1394995280461808,6.964278007066542,Low
CUST03312,OK,112,False,0.0,7,0.1823846153846154,1,1,0,0,0.0927860563464361,22.785441221288053,Low
CUST03313,AZ,97,False,3.0,2,0.1570245398773006,1,1,0,0,0.0672373351385472,22.88789045801371,Low
CUST03314,KS,101,False,1.0,7,0.2789641434262948,1,1,0,0,0.2796322641556635,19.22064650449331,Low
CUST03315,KS,127,False,1.0,4,0.1898214285714285,1,1,0,0,0.0822528487296084,5.651308530353731,Low
CUST03316,WY,148,False,2.0,5,0.2188486842105263,1,1,0,0,0.113996727286265,14.897958126375602,Low
CUST03317,OK,138,False,3.0,4,0.2054607508532423,1,1,0,0,0.1125000305713113,17.475566026160404,Low
CUST03318,WA,84,True,2.0,2,0.2377809798270893,1,1,0,0,0.974624048607371,48.66469980184673,Medium
CUST03319,MD,133,True,2.0,4,0.2336901408450704,1,1,0,0,0.9741406182109984,47.656419297718834,Medium
CUST03320,NY,120,False,1.0,0,0.1453669724770642,1,1,0,0,0.0386790249704868,25.9323144974586,Low
CUST03321,WI,87,False,2.0,6,0.2108734939759036,1,1,0,0,0.1247689165272186,15.539298978004007,Low
CUST03322,AK,99,False,3.0,4,0.212564841498559,1,1,0,0,0.377657044051721,21.94827110570777,Low
CUST03323,AZ,48,False,1.0,2,0.1666360856269113,1,1,0,0,0.0897757272705757,9.821726308661658,Low
CUST03324,KS,57,False,0.0,7,0.1316986301369863,1,1,0,0,0.0818696193481766,18.87023607531635,Low
CUST03325,CA,127,False,0.0,0,0.1497166666666666,-1,1,0,0,0.0653085030735966,31.59964313326633,Low
CUST03326,IN,114,False,1.0,4,0.1643302180685358,1,1,0,0,0.0503165635564659,10.336540666136143,Low
CUST03327,CA,84,True,0.0,4,0.2408387096774193,1,1,0,0,0.9506852622595184,39.8047380677059,Medium
CUST03328,WI,114,False,2.0,7,0.1617515923566879,1,1,0,0,0.0656567144921892,9.308201327097278,Low
CUST03329,AL,106,False,1.0,3,0.1303550295857988,1,1,0,0,0.1191913548016474,21.05304451877643,Low
CUST03330,VT,60,False,3.0,8,0.1437837837837838,1,1,0,0,0.0523827806350007,21.477673273932,Low
CUST03331,WV,159,False,1.0,4,0.1885901639344262,1,1,0,0,0.1065236852880588,4.225555631045784,Low
CUST03332,CT,184,False,2.0,10,0.1712202380952381,1,1,0,0,0.1207796972494619,25.906319552996028,Low
