customer_id,state,account_length,churn,churn_flag,customer_segment,predicted_churn_probability,predicted_churn_risk_tier
CUST03290,ND,27,False,0,0,0.10809393946897085,Low
CUST00093,ME,36,True,1,0,0.9898205128205129,High
CUST01341,PA,174,False,0,0,0.15309398803742844,Low
CUST01661,PA,65,False,0,0,0.039351329869137426,Low
CUST02997,MS,155,False,0,1,0.0790145400253871,Low
CUST01833,DC,217,False,0,0,0.2147318464666705,Low
CUST01786,FL,120,False,0,1,0.10218854536769756,Low
CUST00451,CT,66,False,0,1,0.04939524208746821,Low
CUST00090,MA,103,False,0,1,0.13163080812745817,Low
CUST02162,OR,12,False,0,1,0.07356833127452717,Low
CUST01216,OR,136,True,1,0,0.9156269417969531,High
CUST00230,MI,137,False,0,1,0.09781245711248657,Low
CUST02405,NJ,87,False,0,1,0.09948954444167259,Low
CUST02127,SC,116,True,1,0,0.9807336308568452,High
CUST01813,FL,97,False,0,0,0.09412468150675136,Low
CUST02782,WI,117,False,0,0,0.08748270030951899,Low
CUST00885,MT,111,False,0,1,0.06631078264160904,Low
CUST00063,MN,50,False,0,0,0.10078474761396357,Low
CUST03329,AL,106,False,0,0,0.1191913548016474,Low
CUST01048,ID,95,False,0,1,0.06763014496307707,Low
CUST02397,NY,131,True,1,1,0.9810861133014148,High
CUST02741,UT,96,False,0,0,0.05114457694492801,Low
CUST00721,NJ,42,False,0,0,0.09530489398788813,Low
CUST01876,AL,137,False,0,0,0.14929377850419304,Low
CUST03102,WV,127,False,0,1,0.13880309918105338,Low
CUST02363,KY,96,False,0,0,0.08865102288731318,Low
CUST00578,KY,91,True,1,1,0.9819032369972723,High
CUST01544,IL,48,False,0,0,0.08610169555200926,Low
CUST02369,ND,145,True,1,0,0.9599575363716467,High
CUST01918,ND,101,True,1,0,0.7910147796594917,High
CUST02111,MI,105,True,1,0,0.6521714351025792,High
CUST01726,WY,126,False,0,1,0.12604131994245152,Low
CUST02302,AL,141,False,0,0,0.13459091706072981,Low
CUST01040,DE,2,True,1,1,0.9758897868168996,High
CUST00125,RI,56,False,0,0,0.18315686466133865,Low
CUST02751,AL,85,False,0,0,0.08546056177607647,Low
CUST00071,TX,106,True,1,1,0.6327313430276837,High
CUST01275,RI,104,False,0,1,0.22959073336937671,Low
CUST02916,VT,109,False,0,0,0.20779417481147078,Low
CUST02500,AR,115,True,1,1,0.9670418319741052,High
CUST02800,MT,109,True,1,0,0.9743391607937895,High
CUST00907,CO,76,False,0,0,0.03350078624777594,Low
CUST01949,WI,89,True,1,0,0.9515768539062105,High
CUST02290,NH,161,False,0,0,0.09552160775518984,Low
CUST01181,NY,64,False,0,0,0.18592748024366465,Low
CUST02963,WI,112,False,0,0,0.10137112458605756,Low
CUST02090,DE,97,True,1,0,0.9261083115237392,High
CUST00817,IN,87,False,0,0,0.12184795130559213,Low
CUST00894,WY,106,True,1,0,0.9955862857121293,High
CUST02140,IA,197,False,0,0,0.2256430124066246,Low
CUST01734,KS,119,False,0,0,0.4140015457633337,Medium
CUST00974,OK,159,False,0,1,0.25012383843138625,Low
CUST02346,WY,58,False,0,1,0.24085648263023093,Low
CUST02880,MN,116,False,0,0,0.11189842943024159,Low
CUST02923,NH,139,False,0,0,0.09414502265236022,Low
CUST02178,OR,72,False,0,1,0.06404938614483312,Low
CUST02052,IL,79,False,0,1,0.20062663829708324,Low
CUST01455,AL,70,False,0,0,0.10539553535801494,Low
CUST02098,UT,116,False,0,0,0.05213769459600895,Low
CUST00667,ND,146,False,0,0,0.04776733366309662,Low
CUST01973,NM,118,False,0,0,0.14983491296013243,Low
CUST00532,GA,101,False,0,0,0.06136211128837191,Low
CUST02622,OK,134,False,0,1,0.07418031555567697,Low
CUST02619,IN,131,False,0,1,0.16017114838877197,Low
CUST03273,OR,166,False,0,1,0.07628255528682193,Low
CUST00377,AL,41,False,0,1,0.1486673178055599,Low
CUST01924,ID,68,False,0,1,0.074498448595563,Low
CUST03260,VA,113,False,0,0,0.12601543143139435,Low
CUST00760,AR,5,False,0,1,0.10550536828500202,Low
CUST00683,OH,119,False,0,0,0.09304663997653531,Low
CUST00010,IA,168,False,0,0,0.1272770994163759,Low
CUST00287,AR,79,False,0,0,0.04994372472596854,Low
CUST01274,VT,57,False,0,0,0.12707004360483976,Low
CUST02947,WI,90,False,0,0,0.0682957549825552,Low
CUST01959,KY,55,False,0,1,0.12712412724662378,Low
CUST03311,WI,142,False,0,0,0.13949952804618082,Low
CUST02014,UT,121,False,0,0,0.07663028936863053,Low
CUST00108,NJ,78,False,0,0,0.2685680434799358,Low
CUST00244,VT,113,True,1,0,0.9845580232962177,High
CUST03061,AL,85,False,0,0,0.09436793002032956,Low
CUST00122,UT,83,False,0,0,0.3939009070686121,Medium
CUST03096,NM,41,True,1,1,0.9484302926632935,High
CUST00710,DC,108,False,0,0,0.08184731473035153,Low
CUST02674,VA,10,False,0,1,0.09713002899421515,Low
CUST00207,MS,82,False,0,1,0.08991928539172964,Low
CUST02606,AR,115,False,0,1,0.40423527995634273,Medium
CUST03023,HI,104,False,0,0,0.06618282970052505,Low
CUST00867,ND,98,False,0,0,0.1042091062272757,Low
CUST01531,RI,17,False,0,0,0.12572963431175388,Low
CUST03021,MO,76,True,1,1,0.964450509299009,High
CUST01569,ID,60,False,0,0,0.10033522046430948,Low
CUST00594,OR,69,False,0,1,0.0571294932356103,Low
CUST00155,CO,107,False,0,0,0.05034813036105421,Low
CUST02767,OK,52,False,0,1,0.053995798560249046,Low
CUST02125,KS,91,True,1,1,0.9703253277851025,High
CUST00418,WV,112,False,0,0,0.14947212361899692,Low
CUST02285,NM,96,False,0,1,0.10989744673285248,Low
CUST00370,WA,109,False,0,0,0.06586730430724569,Low
CUST02832,WI,35,False,0,0,0.03970165686040897,Low
CUST01180,DE,89,False,0,0,0.05464862952066631,Low
CUST00957,MN,122,False,0,1,0.16286133048060414,Low
CUST00487,WY,28,False,0,0,0.1611522067601293,Low
CUST00947,VT,100,False,0,0,0.09175813776155602,Low
CUST01100,VT,101,False,0,0,0.18430574190693325,Low
CUST00284,FL,100,True,1,1,0.9870779163509589,High
CUST00834,NH,78,False,0,1,0.09671574087705553,Low
CUST02835,VT,38,False,0,1,0.10161531787601083,Low
CUST00078,ME,78,False,0,1,0.2881287980146922,Low
CUST00669,ME,149,False,0,0,0.22828689219230364,Low
CUST01988,IN,88,False,0,1,0.07927556799759894,Low
CUST00793,MI,133,True,1,1,0.9645986655166652,High
CUST01612,SD,93,True,1,0,0.9490736191221489,High
CUST00172,RI,99,False,0,1,0.20094897135171727,Low
CUST01955,AK,115,False,0,0,0.07713493893590224,Low
CUST00774,VT,63,True,1,1,0.9827457879887248,High
CUST01151,MT,80,False,0,1,0.11441702562339177,Low
CUST01994,TX,80,False,0,0,0.03776509175376648,Low
CUST02231,NE,67,False,0,0,0.08188456824925879,Low
CUST00771,OR,21,False,0,1,0.3549871052365222,Medium
CUST02896,RI,93,False,0,0,0.16389603874067646,Low
CUST01287,ME,130,False,0,0,0.12514459789705568,Low
CUST00671,WA,166,False,0,0,0.21039975902687683,Low
CUST00440,GA,44,True,1,1,0.9786588220157588,High
CUST00651,MO,74,False,0,0,0.09152034829796371,Low
CUST01502,NM,68,False,0,1,0.07288382678033192,Low
CUST01646,DC,93,False,0,1,0.5448297147457891,Medium
CUST02935,RI,85,False,0,1,0.2893268417026092,Low
CUST00426,NY,47,False,0,1,0.06129756178060261,Low
CUST00419,SC,88,True,1,1,0.9821333895109977,High
CUST00281,WI,81,False,0,0,0.03869429471980766,Low
CUST00523,AK,130,False,0,1,0.1073547528804101,Low
CUST02701,TX,208,True,1,1,0.9650039804370668,High
CUST02146,NJ,136,False,0,1,0.0938369005379159,Low
CUST02550,NY,122,False,0,0,0.05814106688059186,Low
CUST02824,ME,151,False,0,0,0.08303365055489052,Low
CUST00778,MN,92,False,0,0,0.15452323139341614,Low
CUST02043,WY,34,False,0,0,0.12659771915852558,Low
CUST00692,CO,137,False,0,0,0.16444842104388557,Low
CUST02221,KS,123,False,0,1,0.04525729032658497,Low
CUST01424,ND,132,False,0,0,0.03980623159497319,Low
CUST03163,NC,190,False,0,1,0.14601512967977737,Low
CUST00012,IA,62,False,0,1,0.3549074917445508,Medium
CUST01820,WV,154,False,0,0,0.05039687511703067,Low
CUST01711,WY,124,False,0,1,0.11727197902127466,Low
CUST03051,WA,97,True,1,0,0.9668724158399601,High
CUST02887,ND,132,False,0,0,0.09585138686401189,Low
CUST00340,NV,115,False,0,1,0.14505431384553547,Low
CUST03224,ME,28,False,0,1,0.13251165820526137,Low
CUST01413,MO,45,False,0,1,0.040162580253112014,Low
CUST02661,SC,79,False,0,1,0.12232883778966659,Low
CUST00387,HI,166,False,0,0,0.057280874670858274,Low
CUST01982,DC,45,False,0,0,0.11141384671598029,Low
CUST00599,NC,27,False,0,1,0.10449874854217552,Low
CUST00979,MA,132,False,0,0,0.11448980895547498,Low
CUST00117,MD,120,False,0,0,0.09211868239650652,Low
CUST00359,AR,59,False,0,0,0.05523945812357876,Low
CUST02027,MD,111,True,1,1,0.9690132773046513,High
CUST02332,CT,107,False,0,1,0.1355662156096586,Low
CUST02288,RI,121,False,0,0,0.04013648470587545,Low
CUST00266,FL,116,False,0,1,0.06649554469443877,Low
CUST00185,OK,88,False,0,1,0.08908931269246709,Low
CUST01262,VA,128,False,0,0,0.06580039215461615,Low
CUST01526,ME,39,False,0,1,0.10291604383277814,Low
CUST01657,AZ,100,False,0,0,0.043529076339324055,Low
CUST00787,TN,70,False,0,0,0.06794952356144338,Low
CUST02634,TN,110,False,0,0,0.0849948055908017,Low
CUST02298,MA,105,False,0,1,0.03779158255077606,Low
CUST01822,GA,18,False,0,1,0.09279896167791803,Low
CUST00214,NM,117,False,0,0,0.10047210003403942,Low
CUST02354,DC,170,False,0,1,0.13584997061172732,Low
CUST01428,CT,125,True,1,0,0.9353568813066673,High
CUST00121,MI,140,False,0,1,0.06415095522348961,Low
CUST01692,MD,29,False,0,0,0.05334541364307703,Low
CUST02492,DE,115,False,0,1,0.10378117840785371,Low
CUST00646,WV,92,False,0,1,0.07794062108709482,Low
CUST03076,ME,66,False,0,0,0.12264164045493961,Low
CUST01345,PA,141,False,0,0,0.10250463498807257,Low
CUST01540,MO,42,False,0,1,0.11095767870405535,Low
CUST01325,NH,56,False,0,0,0.05439425797675664,Low
CUST01613,OK,154,True,1,0,0.9724207116645984,High
CUST01905,CT,54,False,0,0,0.0891481347269957,Low
CUST01242,WV,94,False,0,0,0.11676356201615262,Low
CUST01183,IA,129,False,0,1,0.0853502415597513,Low
CUST00238,AR,36,False,0,0,0.09933487148412348,Low
CUST01279,MT,184,True,1,0,0.951583678627626,High
CUST02958,CT,80,False,0,0,0.06683892382908464,Low
CUST01068,IA,118,False,0,0,0.10822883253067993,Low
CUST02621,OR,142,False,0,0,0.042881356438081795,Low
CUST00335,MS,126,False,0,1,0.25756456543542705,Low
CUST02936,NH,90,False,0,0,0.18435963098200575,Low
CUST02411,VA,133,False,0,1,0.16705184673960155,Low
CUST01475,OH,133,True,1,0,0.9758906947619411,High
CUST01868,WV,106,False,0,0,0.1171100773170895,Low
CUST02783,PA,82,False,0,0,0.12457828986520161,Low
CUST03156,DC,123,False,0,0,0.06486600285828752,Low
CUST00056,MN,113,False,0,0,0.15156111583456341,Low
CUST02640,LA,75,False,0,0,0.20248294478678625,Low
CUST01900,MD,71,False,0,0,0.07344821570178041,Low
CUST01908,AK,74,False,0,1,0.3737373817290476,Medium
CUST02306,NH,97,True,1,1,0.775095192405449,High
CUST01126,UT,47,False,0,1,0.13123057484220918,Low
CUST03110,MS,98,False,0,0,0.2280525281822601,Low
CUST00790,IL,179,False,0,0,0.11125220768098698,Low
CUST02261,LA,27,False,0,0,0.1550607243489141,Low
CUST00434,AL,47,False,0,0,0.025216009922570636,Low
CUST00258,WY,114,False,0,0,0.061455549358262404,Low
CUST00561,GA,57,False,0,1,0.10963918724273773,Low
CUST02672,MI,65,False,0,1,0.026398709191151216,Low
CUST02233,ME,62,True,1,0,0.9843087994202029,High
CUST02929,IL,48,False,0,0,0.0921877066909289,Low
CUST02933,MT,116,False,0,0,0.08934306526538928,Low
CUST00722,AR,118,True,1,1,0.9860374253209937,High
CUST00189,MD,93,True,1,0,0.9898388427506677,High
CUST02789,NV,105,True,1,0,0.9760173306648235,High
CUST00600,WY,161,False,0,0,0.12500805367371412,Low
CUST01449,WY,68,False,0,0,0.07865876226525442,Low
CUST00546,NH,37,False,0,0,0.12531468842953644,Low
CUST00009,RI,74,False,0,0,0.08725711251645552,Low
CUST00209,DC,108,False,0,0,0.09413502258849622,Low
CUST00615,WV,112,False,0,0,0.10004249236731745,Low
CUST02299,NH,101,False,0,0,0.17566561421785415,Low
CUST01581,IN,86,False,0,0,0.20360010024365185,Low
CUST00466,PA,171,False,0,1,0.06208032309978245,Low
CUST01883,KS,67,False,0,1,0.09990636622804233,Low
CUST02066,DC,147,False,0,1,0.11057578176487778,Low
CUST00814,KS,70,False,0,0,0.0973928686169753,Low
CUST02794,KS,121,False,0,0,0.21482648133247803,Low
CUST02467,CO,181,False,0,1,0.16366221161992947,Low
CUST02951,WY,71,False,0,0,0.15450494182365004,Low
CUST01156,CO,83,False,0,0,0.09726193086488477,Low
CUST02931,ID,56,False,0,1,0.059034434376690356,Low
CUST01827,AK,146,False,0,1,0.12786127126235403,Low
CUST00644,UT,243,False,0,1,0.1740604381176415,Low
CUST02972,TN,63,False,0,0,0.08280838292317691,Low
CUST00617,PA,69,False,0,1,0.23000219659181545,Low
CUST00293,CO,159,True,1,0,0.9787664067324607,High
CUST02025,NY,86,False,0,1,0.11387059643112252,Low
CUST01520,NM,113,False,0,1,0.08678189533940454,Low
CUST02952,IL,31,False,0,0,0.07740658076624606,Low
CUST02875,ND,105,False,0,0,0.27863694007636736,Low
CUST00997,MT,28,True,1,1,0.9888373873095844,High
CUST00170,OR,38,False,0,1,0.08043061276143831,Low
CUST02822,NJ,64,False,0,0,0.1356163700382048,Low
CUST03278,DE,139,False,0,0,0.08482174093297826,Low
CUST00579,KS,68,False,0,0,0.10676854457992159,Low
CUST01594,AR,91,False,0,1,0.06505568934206474,Low
CUST01554,NY,60,False,0,1,0.09169701226716287,Low
CUST01466,KY,172,False,0,0,0.09627418218256023,Low
CUST02955,ND,51,False,0,0,0.2450124286773613,Low
CUST00291,NE,37,False,0,0,0.10037364809374498,Low
CUST01432,KY,124,False,0,0,0.13973661289380934,Low
CUST02810,AK,110,False,0,1,0.11073200533837495,Low
CUST02212,CA,33,False,0,0,0.050181726415545504,Low
CUST01870,ND,110,False,0,0,0.1149241449763244,Low
CUST02531,AZ,94,False,0,1,0.0929800608457455,Low
CUST03154,LA,53,False,0,1,0.09475009960988084,Low
CUST00585,MT,78,False,0,0,0.09869600337229677,Low
CUST01089,CT,141,False,0,1,0.09491275973096851,Low
CUST00527,VT,152,False,0,1,0.054601640398583846,Low
CUST01859,IL,71,False,0,0,0.06886855430748721,Low
CUST01459,NC,80,True,1,1,0.9640347562831066,High
CUST01467,DE,80,False,0,0,0.06537733770426367,Low
CUST01128,MI,83,False,0,0,0.05258760143505195,Low
CUST00589,LA,106,False,0,0,0.11268526199467917,Low
CUST01907,MS,122,False,0,0,0.13803560611277302,Low
CUST00445,TX,58,False,0,0,0.027459462989660347,Low
CUST02107,ND,147,True,1,1,0.9636511775876874,High
CUST00097,NE,46,False,0,0,0.14506878503582044,Low
CUST03098,NY,78,False,0,1,0.08610598354928312,Low
CUST00921,TX,32,False,0,0,0.08964851517643246,Low
CUST02465,ND,84,False,0,1,0.06028369416473939,Low
CUST00939,TN,146,False,0,1,0.22121559359045168,Low
CUST02912,MD,37,False,0,1,0.12614268375911636,Low
CUST00707,ME,97,True,1,1,0.9688244749553813,High
CUST02764,ME,75,True,1,1,0.9636896982071761,High
CUST02006,AR,109,False,0,0,0.1341190005325959,Low
CUST00876,NY,117,False,0,1,0.10470637089474706,Low
CUST02211,WV,145,False,0,1,0.0557184929634703,Low
CUST01984,HI,105,False,0,1,0.15634245104649416,Low
CUST00079,AZ,90,False,0,1,0.07459669482386765,Low
CUST03215,OR,81,True,1,0,0.9778538255961672,High
CUST01203,CT,134,False,0,1,0.10045149632999953,Low
CUST01511,NE,88,False,0,1,0.05891557525581152,Low
CUST03184,MI,74,False,0,1,0.0741181085280833,Low
CUST01097,OK,101,True,1,1,0.9733547362017486,High
CUST03068,MI,126,False,0,0,0.1259372668548521,Low
CUST02313,LA,123,False,0,1,0.13525142285508296,Low
CUST02635,CT,74,False,0,0,0.06972801188794359,Low
CUST00531,WY,171,False,0,0,0.2258674379503886,Low
CUST01107,MO,86,False,0,0,0.10404066707805856,Low
CUST01825,AR,86,False,0,0,0.10463003948267031,Low
CUST02085,NE,129,False,0,1,0.06285385317111235,Low
CUST00537,NY,65,False,0,0,0.11602048662431659,Low
CUST01592,CA,77,False,0,1,0.23493686290512358,Low
CUST00127,LA,151,False,0,0,0.14482126953050833,Low
CUST01806,KS,148,False,0,0,0.23732747560206557,Low
CUST02137,DC,101,False,0,0,0.16582959357600463,Low
CUST03039,GA,133,False,0,0,0.0836332143105088,Low
CUST02418,ME,105,False,0,1,0.0684637384226838,Low
CUST01124,WV,11,False,0,0,0.1066955551940251,Low
CUST03049,DC,141,False,0,1,0.35853429252755875,Medium
CUST02189,IL,142,False,0,0,0.06943522798137994,Low
CUST02385,MT,147,True,1,1,0.7615969704538805,High
CUST01211,OH,143,True,1,0,0.7300087189188942,High
CUST02269,RI,120,False,0,1,0.040348511257679395,Low
CUST02466,WV,113,False,0,0,0.10575371187272746,Low
CUST01220,WV,113,True,1,1,0.9758698173678271,High
CUST02664,RI,28,False,0,1,0.10548535352639765,Low
CUST01029,WA,45,True,1,0,0.49458076305975196,Medium
CUST01000,FL,68,False,0,0,0.05501059276986874,Low
CUST02578,SD,221,False,0,0,0.10135431618017846,Low
CUST03162,MA,90,False,0,1,0.10003733470022011,Low
CUST00737,ME,205,False,0,1,0.11199890943758252,Low
CUST02452,AL,112,False,0,1,0.057669915076791894,Low
CUST00116,DE,110,False,0,0,0.16683321546722404,Low
CUST01202,FL,130,False,0,0,0.08474227733079437,Low
CUST00391,UT,36,False,0,0,0.03487277751256588,Low
CUST01176,UT,116,False,0,0,0.06915754136305755,Low
CUST00427,AL,77,False,0,1,0.11047626581411181,Low
CUST02160,DC,55,False,0,0,0.21838119480771134,Low
CUST03305,NC,110,False,0,1,0.09307942140558315,Low
CUST01046,MT,185,False,0,1,0.10776751418969437,Low
CUST03313,AZ,97,False,0,1,0.0672373351385472,Low
CUST02376,NY,125,False,0,0,0.16950637951659542,Low
CUST00160,MD,117,False,0,0,0.044007351648958755,Low
CUST01278,AL,95,False,0,1,0.08208818288868375,Low
CUST01352,ID,24,False,0,1,0.07516426784581992,Low
CUST02118,RI,63,False,0,0,0.1317110458982487,Low
CUST02944,OR,66,False,0,0,0.23414665929489661,Low
CUST00550,KS,99,False,0,0,0.05542839407045765,Low
CUST00892,TN,105,False,0,0,0.06437992280568104,Low
CUST02235,IN,130,False,0,0,0.1013844939789027,Low
CUST02723,CT,199,False,0,0,0.06372112039290466,Low
CUST01050,MS,124,False,0,1,0.3117879647954599,Medium
CUST00162,ME,131,True,1,1,0.9890388475021911,High
CUST01106,NV,87,False,0,1,0.06938730601616143,Low
CUST02535,NV,148,False,0,1,0.15809720881739106,Low
CUST01888,TN,120,True,1,0,0.973695863734265,High
CUST02898,DE,98,False,0,1,0.06686261522270291,Low
CUST01871,GA,109,False,0,1,0.16326279789546003,Low
CUST00911,CA,60,False,0,0,0.14280336289965992,Low
CUST03200,AK,55,False,0,1,0.0779521903376088,Low
CUST00200,WV,85,False,0,1,0.14882981672388743,Low
CUST00480,OH,75,False,0,0,0.12492631278425581,Low
CUST00844,KS,117,False,0,0,0.08259718432013326,Low
CUST01301,AR,68,False,0,1,0.06341353319492399,Low
CUST01677,NY,112,False,0,0,0.04590207060405661,Low
CUST01624,MT,51,False,0,0,0.06822711539411812,Low
CUST00072,IN,94,True,1,1,0.9666379299402993,High
CUST02217,MI,128,False,0,0,0.10683940288570153,Low
CUST01618,MT,60,False,0,0,0.10259322611445443,Low
CUST00756,PA,53,False,0,1,0.0666594932309644,Low
CUST03285,NM,62,False,0,1,0.23344911099482019,Low
CUST02888,PA,134,False,0,0,0.09695545441768147,Low
CUST01789,OH,68,False,0,1,0.05520864107268191,Low
CUST01323,NY,98,False,0,0,0.08887528684552716,Low
CUST01007,OR,135,True,1,1,0.9712653270709947,High
CUST01769,MS,43,False,0,1,0.0694500682923667,Low
CUST00062,NV,90,False,0,0,0.15136026042505638,Low
CUST01436,KY,72,False,0,0,0.07861313762849755,Low
CUST01065,ME,123,False,0,0,0.09704751622934776,Low
CUST02170,WI,72,False,0,1,0.06082122592396941,Low
CUST03122,AL,149,False,0,1,0.027785975424464544,Low
CUST00868,HI,157,False,0,1,0.25321967160837555,Low
CUST02891,NY,108,True,1,1,0.9636179641635243,High
CUST03169,MN,53,False,0,0,0.11247087080310429,Low
CUST01549,NC,124,False,0,0,0.08978095524691922,Low
CUST01967,KY,80,False,0,1,0.12198141924189786,Low
CUST01570,KY,43,False,0,1,0.23735748434538378,Low
CUST01986,WY,78,False,0,0,0.12262170101376833,Low
CUST02849,NE,127,False,0,1,0.1343094353216028,Low
CUST01751,AL,121,False,0,1,0.06151283868976172,Low
CUST01173,AR,107,True,1,1,0.9795222332414016,High
CUST02239,SC,109,False,0,1,0.11019237514588841,Low
CUST02254,NC,169,False,0,1,0.10690835083072532,Low
CUST01134,ME,102,True,1,0,0.37370653938188925,Medium
CUST02629,SC,78,False,0,0,0.0758450880632551,Low
CUST00759,GA,58,False,0,1,0.056345160249702514,Low
CUST02750,ID,79,False,0,1,0.13415077982947562,Low
CUST01864,VA,43,False,0,1,0.06603314608854266,Low
CUST02149,WY,116,False,0,1,0.050312358805381804,Low
CUST01788,ID,134,False,0,1,0.3078831452254528,Medium
CUST02514,PA,108,False,0,1,0.054357077332720924,Low
CUST02772,RI,150,False,0,0,0.10574028880776937,Low
CUST01441,OH,123,False,0,0,0.10787166292362199,Low
CUST03065,CT,124,False,0,0,0.14224934215331703,Low
CUST02889,NY,44,False,0,0,0.08838990914535588,Low
CUST00324,DC,66,True,1,0,0.5424536454623217,Medium
CUST01801,FL,22,False,0,1,0.09924169895051672,Low
CUST02719,MT,143,False,0,1,0.09974098888072076,Low
CUST02159,SC,121,True,1,0,0.6485700427155736,High
CUST02232,WI,161,True,1,1,0.9867601245862377,High
CUST02991,IL,90,False,0,1,0.05535586618667824,Low
CUST00858,FL,109,False,0,0,0.15789847844344712,Low
CUST02333,MS,78,True,1,0,0.4769684346013159,Medium
CUST00233,NE,132,False,0,0,0.06380815571692486,Low
CUST02421,LA,123,False,0,0,0.07510853069622896,Low
CUST03044,IN,101,False,0,0,0.10638815150363197,Low
CUST01085,IL,58,False,0,0,0.16099765483873874,Low
CUST00649,PA,77,False,0,0,0.07218402714346281,Low
CUST01755,ID,92,False,0,0,0.05488200083447484,Low
CUST02659,OH,78,False,0,1,0.048975577313173806,Low
CUST03271,IL,131,False,0,1,0.3374163707712451,Medium
CUST01166,AZ,70,False,0,1,0.0616833174412563,Low
CUST01625,GA,64,False,0,1,0.09095532688297168,Low
CUST02114,NH,141,True,1,0,0.9490213737741681,High
CUST02608,NC,127,False,0,0,0.07585745455660109,Low
CUST00659,IL,81,False,0,0,0.05449879598588001,Low
CUST00124,IA,113,False,0,0,0.14480981840417115,Low
CUST00525,CO,139,False,0,0,0.05590082149578291,Low
CUST03194,OK,84,False,0,0,0.09469404342249009,Low
CUST02893,SD,88,False,0,1,0.12448802945991949,Low
CUST01327,VT,95,False,0,1,0.07118291204716809,Low
CUST00699,DE,73,False,0,1,0.10438749396746305,Low
CUST02252,MI,76,False,0,0,0.13536644383849983,Low
CUST00306,ND,79,False,0,0,0.14155257661827592,Low
CUST02633,MO,116,False,0,0,0.1640081412848302,Low
CUST00146,WV,94,False,0,1,0.1862238132309068,Low
CUST01749,WY,80,False,0,0,0.07807959918288711,Low
CUST01891,LA,114,False,0,1,0.05674578877651091,Low
CUST03164,IA,143,False,0,0,0.2362345372207254,Low
CUST00348,KS,46,True,1,1,0.9681007914600602,High
CUST01487,OK,46,False,0,0,0.10988499984009506,Low
CUST02843,FL,144,False,0,0,0.09571680617476769,Low
CUST00998,AL,111,False,0,0,0.1034879313167723,Low
CUST01672,NV,141,False,0,0,0.06588484475346065,Low
CUST02581,NY,150,False,0,1,0.14308670991415895,Low
CUST02842,IN,100,False,0,0,0.09490267347041799,Low
CUST01898,FL,105,True,1,1,0.9794759108921365,High
CUST00590,AL,146,False,0,1,0.08393167372892554,Low
CUST01853,MN,100,False,0,0,0.08404938695572216,Low
CUST00446,MT,74,True,1,1,0.5446840664006922,Medium
CUST02368,UT,95,False,0,0,0.16245936955706808,Low
CUST00278,IN,98,False,0,1,0.040819192577524,Low
CUST00302,CA,151,True,1,0,0.9670303343728784,High
CUST00184,ME,35,False,0,1,0.09152314343638826,Low
CUST03046,OH,127,False,0,1,0.09326235338062143,Low
CUST00161,TN,78,False,0,0,0.13640287233114143,Low
CUST00329,WI,92,False,0,0,0.41431308921214954,Medium
CUST01780,MS,13,True,1,0,0.947027187428597,High
CUST02123,DC,68,False,0,0,0.06826089036986956,Low
CUST00269,DE,108,False,0,0,0.12327133500169797,Low
CUST00417,WI,41,False,0,1,0.02164593834276828,Low
CUST01360,MI,70,False,0,0,0.13403027601215745,Low
CUST02164,NV,92,False,0,1,0.14413899673729527,Low
CUST00420,KY,122,False,0,1,0.16675284881929514,Low
CUST01460,NH,120,False,0,0,0.07134780305334262,Low
CUST01619,IA,81,False,0,1,0.18120481080461318,Low
CUST02318,NY,91,False,0,0,0.03423252548589836,Low
CUST02529,SC,41,False,0,0,0.10634926093412293,Low
CUST00706,LA,109,True,1,0,0.5717490908509962,Medium
CUST00520,CT,105,False,0,0,0.10554447320514608,Low
CUST01733,VA,136,False,0,0,0.16036654960036273,Low
CUST02746,MA,129,False,0,0,0.14634472630581846,Low
CUST02981,WA,104,False,0,1,0.1056995315583039,Low
CUST02307,IN,115,False,0,1,0.06744468056527492,Low
CUST02295,WY,109,False,0,1,0.14083421574601468,Low
CUST01070,HI,35,False,0,1,0.04446634171659286,Low
CUST02812,MN,13,False,0,1,0.08190936023506082,Low
CUST01356,NV,96,False,0,1,0.12681877964798813,Low
CUST01611,NV,69,False,0,0,0.10747891566184334,Low
CUST02413,NY,91,False,0,0,0.12965222435868798,Low
CUST03158,WA,82,False,0,1,0.4712738331303047,Medium
CUST03050,OR,87,False,0,1,0.04928276086802783,Low
CUST02068,IA,64,False,0,0,0.052062995239557555,Low
CUST01551,MS,107,False,0,1,0.05649204637924441,Low
CUST03294,KY,95,False,0,1,0.07458727858327352,Low
CUST03207,VT,68,False,0,0,0.09589329385295048,Low
CUST00325,GA,98,False,0,0,0.043262540824945066,Low
CUST00515,MT,50,False,0,1,0.029521776769707086,Low
CUST01837,NC,107,False,0,0,0.0769032658841609,Low
CUST00497,TX,97,False,0,1,0.09578755709192995,Low
CUST00321,WI,16,True,1,0,0.732833635061588,High
CUST00508,NC,64,False,0,0,0.03232469940641846,Low
CUST03026,MN,99,False,0,1,0.12926241298499663,Low
CUST00267,MT,54,True,1,0,0.9708125177040572,High
CUST01478,MI,146,True,1,1,0.9657339853677307,High
CUST00713,CT,23,True,1,1,0.974962946973918,High
CUST00988,MA,40,True,1,0,0.907037278458246,High
CUST00545,MT,96,False,0,0,0.06735879934108979,Low
CUST01265,MD,75,False,0,0,0.037507120720469286,Low
CUST00213,IL,151,False,0,0,0.057596407141564984,Low
CUST02069,AK,103,False,0,1,0.09423864917369017,Low
CUST00442,NM,65,False,0,1,0.06656526217279694,Low
CUST03018,DE,96,False,0,1,0.06447605512940202,Low
CUST00509,MT,13,False,0,0,0.05794034511115265,Low
CUST00332,RI,133,False,0,0,0.23108860479317006,Low
CUST02597,NC,77,True,1,0,0.9764884847409321,High
CUST01546,LA,128,False,0,0,0.08958301007109902,Low
CUST01245,NE,112,False,0,1,0.07532239872523397,Low
CUST01366,MS,105,False,0,0,0.20054125220772626,Low
CUST03303,KY,79,False,0,1,0.1017160076687542,Low
CUST00018,CO,77,True,1,1,0.9691071498955793,High
CUST01349,VT,93,False,0,1,0.10270912971584512,Low
CUST01992,IN,129,True,1,0,0.42256241514484766,Medium
CUST02044,FL,90,False,0,0,0.10121587661079254,Low
CUST00666,AL,102,False,0,0,0.08082452299930955,Low
CUST01532,PA,119,True,1,0,0.976664456859067,High
CUST03064,WA,100,True,1,1,0.9706257016741414,High
CUST02245,MN,134,False,0,0,0.37794208841186827,Medium
CUST00052,SD,149,False,0,1,0.06797890273730013,Low
CUST02311,NC,125,False,0,1,0.11403775012591037,Low
CUST00953,WV,48,False,0,0,0.3942314246321893,Medium
CUST02270,WI,90,False,0,0,0.07767051617331698,Low
CUST00859,IN,105,False,0,0,0.11152351001367906,Low
CUST02636,ME,148,False,0,0,0.07396376777367289,Low
CUST02442,MI,110,False,0,0,0.03582818145901411,Low
CUST00217,NH,119,False,0,1,0.114406960315609,Low
CUST02030,PA,137,False,0,0,0.05991431246727294,Low
CUST02982,CA,93,False,0,1,0.04036136677759881,Low
CUST00392,IN,76,False,0,0,0.16489490149481212,Low
CUST02478,SD,78,False,0,0,0.1198797047241961,Low
CUST00942,OR,135,False,0,0,0.12687553648272704,Low
CUST02587,DE,75,False,0,0,0.06506228848036404,Low
CUST01189,WV,57,False,0,1,0.15232597917851914,Low
CUST02558,WA,76,True,1,0,0.9776724719918154,High
CUST00752,NJ,46,True,1,1,0.9670947100254408,High
CUST00395,ME,92,True,1,1,0.9626886660997772,High
CUST00436,RI,95,False,0,0,0.0732665959845678,Low
CUST01246,IL,179,False,0,0,0.1510244329578571,Low
CUST02817,WA,63,False,0,0,0.11853548743484782,Low
CUST00171,MD,106,False,0,1,0.057615849749375635,Low
CUST03126,WY,127,False,0,1,0.3201669705180721,Medium
CUST02569,MS,111,True,1,0,0.9839270298022303,High
CUST03321,WI,87,False,0,1,0.12476891652721861,Low
CUST01709,WV,43,False,0,0,0.07850946578917303,Low
CUST02547,OR,133,False,0,1,0.10199597291376045,Low
CUST02966,NM,232,False,0,0,0.1336046927880445,Low
CUST02818,ID,83,False,0,1,0.09852169296700695,Low
CUST02222,OK,35,False,0,1,0.14142859943660782,Low
CUST01462,FL,148,False,0,1,0.12085073330087669,Low
CUST03129,CA,37,True,1,1,0.9090634263819451,High
CUST00632,WA,134,False,0,0,0.17763995723959475,Low
CUST00914,AK,173,False,0,0,0.057924083002194864,Low
CUST02353,CO,125,False,0,0,0.055597865357520024,Low
CUST02927,ID,88,False,0,0,0.07953651713101541,Low
CUST01264,AK,76,False,0,0,0.07263380310956816,Low
CUST00282,VT,162,False,0,0,0.07702713103385762,Low
CUST00202,SC,22,False,0,0,0.0720748278065569,Low
CUST02165,MN,125,True,1,0,0.9931194691953127,High
CUST02895,AK,115,False,0,0,0.19431239663818517,Low
CUST02058,WA,118,False,0,1,0.0965803383300916,Low
CUST03083,NE,86,False,0,0,0.07445325819887699,Low
CUST02765,SD,126,False,0,1,0.05131906570657905,Low
CUST03291,NH,123,False,0,0,0.2547408881568417,Low
CUST03012,GA,107,False,0,1,0.09160504357494476,Low
CUST00872,KS,52,False,0,0,0.12835362136076048,Low
CUST00702,IA,128,False,0,0,0.07852268494869649,Low
CUST02819,VA,158,False,0,1,0.11238875246076978,Low
CUST03196,HI,171,False,0,0,0.10401422315841602,Low
CUST01011,MA,56,False,0,0,0.10584837807675634,Low
CUST00627,GA,135,False,0,1,0.08077182537849768,Low
CUST00460,SD,114,False,0,0,0.11972719448733857,Low
CUST01880,MN,124,True,1,1,0.9545827570278198,High
CUST02144,FL,85,False,0,1,0.21264489659709615,Low
CUST01877,IN,69,False,0,0,0.09335827729881503,Low
CUST01437,OR,53,False,0,1,0.09070416298918443,Low
CUST03186,CT,116,False,0,1,0.32444174081163135,Medium
CUST02223,IL,137,True,1,0,0.9822504452027949,High
CUST01335,TN,47,False,0,1,0.10837201540979347,Low
CUST01377,ND,153,False,0,0,0.10789271331113419,Low
CUST03267,KY,64,False,0,1,0.20045047227640223,Low
CUST00256,SD,128,True,1,1,0.9792100607132697,High
CUST01399,NM,111,True,1,1,0.9698746066150982,High
CUST00120,VT,117,True,1,1,0.9860472399135314,High
CUST01541,NV,125,False,0,0,0.10399763860273818,Low
CUST02554,WV,109,False,0,1,0.06422602155468576,Low
CUST01143,VA,77,False,0,1,0.09849541658680891,Low
CUST00587,MI,120,False,0,0,0.06815108895704813,Low
CUST01401,MN,115,True,1,1,0.9568220263753671,High
CUST00821,CA,112,True,1,1,0.9833033684884578,High
CUST00825,FL,91,False,0,0,0.11479265156382105,Low
CUST01004,MN,109,False,0,0,0.09332432661973486,Low
CUST01122,RI,176,False,0,1,0.17609445102904245,Low
CUST00880,OH,98,True,1,0,0.47152640656408173,Medium
CUST03109,ME,175,False,0,0,0.09316426802671769,Low
CUST03222,WV,87,False,0,0,0.08599493357006734,Low
CUST00504,ND,68,False,0,1,0.0867606123524516,Low
CUST01140,CO,192,False,0,1,0.15602714057234246,Low
CUST02498,NY,31,False,0,0,0.0570553429047792,Low
CUST00566,KY,113,False,0,0,0.05113091178231186,Low
CUST02905,NY,167,False,0,0,0.10257644609687172,Low
CUST02283,WV,139,False,0,1,0.2537566859541472,Low
CUST01042,VA,118,False,0,1,0.09317611431702306,Low
CUST02994,MA,102,False,0,1,0.09047698558222717,Low
CUST00298,MD,45,False,0,0,0.1426678841475271,Low
CUST00193,ID,92,False,0,0,0.11799112165157677,Low
CUST00319,MD,98,False,0,1,0.19644397017752932,Low
CUST00597,NV,136,False,0,1,0.07567465033055056,Low
CUST02836,VA,68,True,1,0,0.9746989957584945,High
CUST01193,NE,93,False,0,1,0.18524032450356784,Low
CUST02331,SD,55,False,0,0,0.1369807975349345,Low
CUST01198,NV,37,False,0,1,0.2248543775697524,Low
CUST02472,MI,82,False,0,0,0.06670820006599208,Low
CUST00357,AR,135,False,0,0,0.08117515851598235,Low
CUST01679,WI,111,False,0,1,0.3145757003537972,Medium
CUST01695,UT,81,False,0,0,0.14393989105542151,Low
CUST02943,ID,166,False,0,0,0.10063724917942968,Low
CUST00754,AL,87,False,0,0,0.3173584742663101,Medium
CUST02406,IL,117,False,0,0,0.11319044084246535,Low
CUST00773,GA,93,True,1,1,0.9814912986468931,High
CUST02638,NC,73,False,0,1,0.06324856338757444,Low
CUST00414,ID,148,False,0,0,0.06490408594032539,Low
CUST02293,MD,125,False,0,0,0.19518087822536823,Low
CUST03221,NY,160,False,0,0,0.0887467895072049,Low
CUST00337,DE,113,True,1,1,0.9593172883761172,High
CUST00591,MO,101,False,0,0,0.047845623824653565,Low
CUST01719,NE,126,True,1,1,0.9457572376420574,High
CUST03317,OK,138,False,0,1,0.11250003057131135,Low
CUST02760,MA,102,False,0,0,0.28546046593727825,Low
CUST03132,ID,92,False,0,1,0.11099796771248727,Low
CUST03063,ND,177,False,0,0,0.04297808728417766,Low
CUST01680,NH,74,True,1,1,0.9524419612564013,High
CUST00196,AL,73,False,0,0,0.06478708368766138,Low
CUST02624,AR,76,True,1,1,0.9737198637771298,High
CUST02976,RI,112,False,0,0,0.12015278100222776,Low
CUST01076,NY,89,False,0,1,0.14950945043594163,Low
CUST01617,NJ,162,True,1,1,0.8486204164137273,High
CUST01044,VA,130,False,0,1,0.09490496714227521,Low
CUST00748,VT,126,False,0,0,0.1132055591000093,Low
CUST03135,GA,131,False,0,0,0.10039489392579551,Low
CUST00835,AK,50,False,0,0,0.05700631860438217,Low
CUST00716,MD,61,True,1,0,0.9473328688687327,High
CUST01958,MT,97,False,0,0,0.10793747955852544,Low
CUST02468,TX,51,False,0,1,0.06315547532743526,Low
CUST02516,NC,161,True,1,1,0.9776218320153118,High
CUST02700,AZ,93,False,0,1,0.31639158270496703,Medium
CUST01423,MI,59,False,0,0,0.09371516515767789,Low
CUST00879,TN,108,False,0,0,0.09937692824993655,Low
CUST01204,KY,108,False,0,1,0.25167407915077455,Low
CUST00558,WY,129,False,0,1,0.28723992191446857,Low
CUST02950,NV,7,False,0,0,0.03789704638428799,Low
CUST00369,DC,11,False,0,1,0.06116761674566501,Low
CUST03320,NY,120,False,0,0,0.03867902497048685,Low
CUST02796,WV,153,False,0,0,0.07365290448318845,Low
CUST03293,LA,91,False,0,0,0.08804757729678067,Low
CUST01309,CT,64,True,1,0,0.9838412267080746,High
CUST01797,WA,89,False,0,0,0.11081309376860783,Low
CUST02641,IL,71,True,1,1,0.9805665558111696,High
CUST02716,MO,64,False,0,0,0.09063531212033325,Low
CUST01716,MA,79,False,0,1,0.045057585759578876,Low
CUST00984,MN,62,True,1,1,0.7712124246129273,High
CUST01772,MN,166,False,0,0,0.11936888959347922,Low
CUST00133,IA,141,False,0,1,0.13574463694444716,Low
CUST01684,MN,123,True,1,1,0.9670523192550746,High
CUST00050,ID,174,False,0,0,0.08508975196207945,Low
CUST00577,UT,68,True,1,1,0.9611666513691306,High
CUST02337,OH,136,False,0,1,0.13629444376647476,Low
CUST02545,NH,100,False,0,0,0.08920285341617198,Low
CUST00283,AZ,83,False,0,1,0.047331922198105364,Low
CUST02109,IL,86,False,0,1,0.450484298048255,Medium
CUST02038,ME,174,False,0,1,0.09347129835688385,Low
CUST01492,NE,76,True,1,0,0.980787895201365,High
CUST01811,OH,80,False,0,0,0.01788291844535434,Low
CUST00083,IA,98,False,0,1,0.2972003431340011,Low
CUST03259,VT,128,True,1,0,0.9568956065856515,High
CUST03092,RI,127,False,0,0,0.04288359613036339,Low
CUST03283,NJ,107,False,0,0,0.1527243765119102,Low
CUST02172,MI,134,False,0,0,0.11792770247632121,Low
CUST01059,NC,111,False,0,0,0.2441480239525092,Low
CUST00397,FL,161,False,0,1,0.12924845062744153,Low
CUST01280,CT,74,False,0,1,0.10849163154762488,Low
CUST01739,WV,173,False,0,0,0.05391774462476529,Low
CUST03189,UT,164,False,0,1,0.07243895271601106,Low
CUST00919,KS,130,False,0,0,0.11357805256789293,Low
CUST00211,UT,59,False,0,0,0.09342618041693612,Low
CUST01963,MA,101,False,0,1,0.04938521993859888,Low
CUST02939,AK,76,False,0,1,0.052947269270692716,Low
CUST01155,AL,69,False,0,1,0.09081086270559405,Low
CUST02878,WV,67,False,0,0,0.05825191817726189,Low
CUST01950,NJ,59,False,0,0,0.1170249157185147,Low
CUST00398,CA,93,False,0,1,0.1747179073088987,Low
CUST02108,MO,84,False,0,1,0.14717329589933728,Low
CUST01596,OK,86,False,0,1,0.03646871219597172,Low
CUST00856,MT,60,False,0,1,0.18526405076109598,Low
CUST02899,ID,118,False,0,0,0.1172497679728108,Low
CUST00461,FL,92,False,0,1,0.13398417988401953,Low
CUST00310,OK,97,False,0,0,0.03500048426398238,Low
CUST01421,TX,79,False,0,0,0.060820655498395555,Low
CUST03193,MD,189,False,0,0,0.08350890828563612,Low
CUST03081,IL,87,False,0,0,0.11634038379645056,Low
CUST02964,MT,125,True,1,1,0.9579713477207416,High
CUST01123,AL,96,False,0,1,0.12013456394430942,Low
CUST00676,WI,129,False,0,0,0.05662397658222617,Low
CUST01704,OH,52,False,0,0,0.032804425147141124,Low
CUST03327,CA,84,True,1,0,0.9506852622595185,High
CUST00661,VT,107,False,0,0,0.07445468663069162,Low
CUST00884,VA,11,False,0,1,0.05061867709926606,Low
CUST02208,AL,88,False,0,0,0.04426530886984569,Low
CUST01922,WV,64,False,0,0,0.04700919879165273,Low
CUST02190,NH,119,False,0,0,0.05240967489169545,Low
CUST01368,MS,111,False,0,1,0.11280531062356138,Low
CUST01673,KS,94,False,0,0,0.051017212339523305,Low
CUST02471,WV,88,True,1,1,0.9734502244792402,High
CUST03236,UT,44,False,0,0,0.07123663584066774,Low
CUST00130,FL,115,False,0,0,0.11823930438417352,Low
CUST02429,MI,37,False,0,1,0.0619304609953788,Low
CUST00139,AZ,94,False,0,0,0.04375710959344885,Low
CUST01610,IN,119,False,0,1,0.1351139119059336,Low
CUST00541,SC,108,False,0,0,0.11026249105194662,Low
CUST02011,MN,79,False,0,1,0.09989697200655547,Low
CUST01297,MO,72,False,0,1,0.14281393622818278,Low
CUST03216,NC,75,False,0,0,0.10228293126134673,Low
CUST01688,NC,126,False,0,0,0.15100116797563484,Low
CUST02510,ND,75,False,0,1,0.06565382464242758,Low
CUST00940,MD,88,True,1,1,0.984266848556066,High
CUST02314,NV,124,False,0,1,0.1795076273879813,Low
CUST02643,OK,172,False,0,1,0.16408205735612327,Low
CUST01338,CT,90,False,0,1,0.0685940823437062,Low
CUST02790,WA,166,False,0,1,0.133709614631355,Low
CUST01283,NH,149,True,1,1,0.9669999311036689,High
CUST01375,NV,115,True,1,0,0.9621084337801186,High
CUST01600,OR,92,False,0,1,0.0943809041568093,Low
CUST00471,TX,90,False,0,0,0.15784490613253435,Low
CUST01015,VT,120,False,0,0,0.08813550019155873,Low
CUST01163,MD,76,True,1,0,0.9877147461328677,High
CUST01227,MO,56,False,0,0,0.05774726406395539,Low
CUST02573,ID,103,False,0,1,0.10526975767998119,Low
CUST00303,NY,32,False,0,1,0.08512268608459798,Low
CUST00085,IN,122,False,0,0,0.10499424169990926,Low
CUST01595,MI,102,False,0,1,0.23226464104891548,Low
CUST01168,NJ,66,False,0,0,0.05409276500598614,Low
CUST01926,NM,132,False,0,0,0.24295518672017952,Low
CUST03172,VA,163,False,0,1,0.20978976093118804,Low
CUST01347,FL,133,False,0,0,0.09956588409498748,Low
CUST00972,OH,147,False,0,1,0.13300680140911367,Low
CUST01152,SC,145,False,0,0,0.13112899207978193,Low
CUST02486,CO,118,False,0,1,0.08319131325604076,Low
CUST00024,MO,20,False,0,0,0.06380226947999931,Low
CUST01807,MT,119,False,0,0,0.11916981007463193,Low
CUST02680,LA,155,True,1,0,0.3670511536042009,Medium
CUST03330,VT,60,False,0,1,0.05238278063500076,Low
CUST00107,NE,90,False,0,1,0.10041939966906467,Low
CUST01507,NJ,93,True,1,0,0.9884695728291316,High
CUST01573,TN,112,True,1,1,0.9656691358203962,High
CUST00036,AR,34,False,0,1,0.11851304732193617,Low
CUST02850,ID,122,False,0,1,0.15722057672298667,Low
CUST02320,MA,123,False,0,0,0.12297210371487484,Low
CUST01715,MT,100,True,1,0,0.6003427856679218,High
CUST03197,DE,90,False,0,1,0.13488656075621208,Low
CUST03042,ND,110,False,0,1,0.060603213882037724,Low
CUST01496,ID,224,False,0,1,0.11268057956335513,Low
CUST02859,IA,63,False,0,1,0.07435114719008493,Low
CUST00447,CO,125,False,0,1,0.07538289531138594,Low
CUST01114,AK,141,False,0,0,0.12948520373110847,Low
CUST01260,NJ,85,True,1,1,0.7912220791051464,High
CUST01041,NH,111,False,0,0,0.10832535815903967,Low
CUST01484,NY,15,False,0,1,0.18802526616436796,Low
CUST00091,AL,98,False,0,1,0.5220309176736166,Medium
CUST02524,SC,104,False,0,1,0.13465376699585144,Low
CUST02454,LA,94,False,0,1,0.13494689294642606,Low
CUST02737,NH,54,False,0,0,0.06482677579923841,Low
CUST00367,MA,88,True,1,0,0.9648908843195996,High
CUST00469,SD,104,True,1,0,0.947812989245303,High
CUST00476,WV,90,False,0,1,0.057809138259301535,Low
CUST00993,FL,55,True,1,1,0.9731005798979215,High
CUST01762,MS,68,False,0,0,0.06273301151511662,Low
CUST01418,SD,97,False,0,0,0.191994626261505,Low
CUST00271,KY,151,False,0,0,0.05725798409330127,Low
CUST02920,IA,92,False,0,0,0.08311654738394461,Low
CUST01129,WI,126,False,0,1,0.19328501223880276,Low
CUST00636,GA,56,False,0,0,0.06957550099041787,Low
CUST00248,TX,110,False,0,0,0.08402063766497431,Low
CUST01836,MS,38,False,0,1,0.07326747154319614,Low
CUST02150,SC,152,False,0,1,0.09068633623837562,Low
CUST01403,OH,106,False,0,0,0.12188235317184512,Low
CUST00165,DE,62,False,0,1,0.30552919221731223,Medium
CUST00353,MT,58,False,0,0,0.07893851322256493,Low
CUST02795,ND,88,False,0,1,0.09310649840871116,Low
CUST02064,ND,104,False,0,0,0.09316731911894402,Low
CUST02321,UT,170,True,1,0,0.9811508627345824,High
CUST00813,UT,161,True,1,0,0.9658473404863993,High
CUST01525,NJ,84,False,0,1,0.12023544454028713,Low
CUST00714,HI,149,False,0,1,0.449611573915166,Medium
CUST02882,VT,119,False,0,1,0.08138726586691164,Low
CUST01337,PA,69,False,0,1,0.07807302813162412,Low
CUST02860,MN,150,False,0,0,0.07625758488537894,Low
CUST02582,WI,184,False,0,0,0.0513939937972306,Low
CUST00543,MS,137,False,0,0,0.10752583110725478,Low
CUST02379,SD,105,False,0,0,0.10781836470479142,Low
CUST02276,SD,131,False,0,1,0.11016027737340989,Low
CUST02956,SD,86,False,0,0,0.0728397902583546,Low
CUST00327,KY,119,False,0,0,0.0625018857145288,Low
CUST03025,MS,84,False,0,0,0.12778211368667378,Low
CUST02339,CA,87,False,0,0,0.031656873354610135,Low
CUST02610,VT,131,False,0,0,0.06429365039205198,Low
CUST02450,ND,149,False,0,1,0.08205627051471291,Low
CUST02092,AL,85,False,0,0,0.04163575149009775,Low
CUST02364,HI,24,False,0,0,0.06841808188482655,Low
CUST01063,LA,13,False,0,0,0.09156497050008529,Low
CUST02612,DC,130,False,0,1,0.0704793760984942,Low
CUST01878,NM,16,False,0,1,0.11703605822067333,Low
CUST03104,RI,65,False,0,1,0.09890776337950133,Low
CUST01566,NV,177,False,0,0,0.06237972612739265,Low
CUST02012,NV,89,False,0,0,0.086214156341651,Low
CUST02921,WA,13,False,0,1,0.05853489890408436,Low
CUST01637,NY,9,False,0,1,0.10014668612427818,Low
CUST03087,ND,68,False,0,1,0.09287436110237245,Low
CUST02132,NY,111,False,0,0,0.062426235463196464,Low
CUST03159,RI,180,False,0,0,0.1281422060753849,Low
CUST01038,AR,103,False,0,1,0.09610249097365693,Low
CUST00968,CO,105,True,1,0,0.9626523874261814,High
CUST00819,MO,119,False,0,1,0.09368737951258688,Low
CUST00557,TN,69,False,0,1,0.13825254064836626,Low
CUST00949,LA,155,False,0,0,0.07946524338028914,Low
CUST01748,OH,109,False,0,1,0.0913663477846039,Low
CUST00040,DE,142,False,0,1,0.0746359383287479,Low
CUST02481,VA,117,False,0,0,0.1495862679938169,Low
CUST02312,CT,124,False,0,1,0.08470994548118002,Low
CUST02808,WV,107,False,0,0,0.07992021165880957,Low
CUST01456,WV,52,False,0,1,0.03841015896567668,Low
CUST01792,SC,41,False,0,1,0.2907162852179536,Low
CUST03028,NJ,80,True,1,1,0.978416788128057,High
CUST00204,IN,51,False,0,0,0.081190497044806,Low
CUST02168,RI,36,False,0,1,0.14321255820922174,Low
CUST00611,AL,61,False,0,0,0.04143553058530017,Low
CUST03157,TN,95,False,0,0,0.16056452516091269,Low
CUST02440,NM,105,False,0,0,0.14246614058001028,Low
CUST00231,KS,137,False,0,1,0.10541888400787659,Low
CUST03234,KS,65,False,0,1,0.2238340000758727,Low
CUST01927,CT,120,True,1,1,0.9541781508788267,High
CUST02480,WV,70,False,0,1,0.0508669920657325,Low
CUST01790,NH,93,False,0,0,0.09746514898360584,Low
CUST03292,NM,84,False,0,0,0.05539560669207667,Low
CUST00824,IN,161,False,0,0,0.09257016341144433,Low
CUST02156,ME,25,False,0,1,0.2744522409275313,Low
CUST02968,VA,182,False,0,0,0.1084873064734299,Low
CUST01690,NJ,60,True,1,1,0.9857292500242819,High
CUST02037,WI,127,False,0,1,0.07416716789460179,Low
CUST02732,CA,124,False,0,0,0.3521450804897377,Medium
CUST03212,ID,130,True,1,0,0.9344749486960715,High
CUST00368,KY,54,False,0,1,0.032041490187005923,Low
CUST01014,WV,67,False,0,0,0.06036334883890157,Low
CUST02999,IA,73,False,0,0,0.13318786542918898,Low
CUST02974,LA,111,False,0,1,0.04716783815092579,Low
CUST02546,WY,41,False,0,1,0.2349702398878052,Low
CUST00684,NV,86,False,0,0,0.06788250860122179,Low
CUST01398,CT,77,True,1,0,0.9254541725031001,High
CUST02356,SC,124,False,0,0,0.07782758308194666,Low
CUST01703,NM,93,False,0,0,0.43627673507885656,Medium
CUST00843,NY,68,False,0,0,0.0696878642932105,Low
CUST02430,WV,173,False,0,0,0.07791492250950743,Low
CUST00046,IN,81,False,0,0,0.14305643515171015,Low
CUST03093,NM,105,False,0,0,0.1623636278545289,Low
CUST01894,TX,152,False,0,1,0.08223148075285995,Low
CUST01079,PA,96,False,0,0,0.08592100207434625,Low
CUST01407,WI,142,False,0,0,0.04949033506396693,Low
CUST02378,KY,98,True,1,1,0.9853865191609872,High
CUST02791,FL,79,False,0,1,0.14019105687324615,Low
CUST02695,AL,32,False,0,0,0.14185056106276656,Low
CUST03173,ND,120,False,0,1,0.13108319632688986,Low
CUST01268,MI,115,False,0,0,0.06490571938684385,Low
CUST00823,CT,150,False,0,1,0.2519325926396838,Low
CUST01991,WA,48,False,0,1,0.06896184271155016,Low
CUST02338,MN,135,False,0,1,0.06709015486831532,Low
CUST03091,MS,69,False,0,0,0.1093185989548102,Low
CUST02374,WV,62,False,0,0,0.08663730367273603,Low
CUST00084,VT,135,False,0,0,0.08140261270948242,Low
CUST00639,FL,58,False,0,0,0.0728208636837842,Low
CUST02838,WA,75,False,0,0,0.08307807841221815,Low
CUST02216,AL,95,False,0,0,0.24529916201823976,Low
CUST01282,ID,104,False,0,0,0.134418377254997,Low
CUST02399,ID,47,False,0,0,0.05273461272334302,Low
CUST02602,OH,88,False,0,1,0.33375157391723514,Medium
CUST01666,NE,105,False,0,1,0.5082428800907275,Medium
CUST00640,AK,156,False,0,0,0.07248503787235705,Low
CUST02398,VA,105,False,0,1,0.34822219685201267,Medium
CUST00851,NH,110,False,0,0,0.07309077086704686,Low
CUST02166,OK,160,False,0,0,0.23042676868192616,Low
CUST01662,AK,52,False,0,1,0.06770465436355141,Low
CUST01118,MN,37,False,0,0,0.058821043571461944,Low
CUST00836,WV,86,False,0,0,0.057305956542249,Low
CUST02018,MS,70,False,0,1,0.1037624331496854,Low
CUST01723,NC,72,False,0,1,0.06134740528495402,Low
CUST00870,WV,30,False,0,1,0.09032291073875795,Low
CUST02329,CT,37,False,0,1,0.10954735915485073,Low
CUST00362,TX,88,False,0,1,0.10792764908345596,Low
CUST02267,ME,52,False,0,1,0.07778817993227935,Low
CUST00439,AK,111,True,1,1,0.948624410653327,High
CUST02845,MA,136,True,1,1,0.8795298230976398,High
CUST02362,OK,44,True,1,0,0.9452448005464236,High
CUST01831,NV,105,False,0,0,0.17524702543830756,Low
CUST02548,SC,36,False,0,1,0.11365656915635841,Low
CUST01250,MT,33,False,0,0,0.08899666180630854,Low
CUST00730,TX,125,False,0,0,0.06020208913338073,Low
CUST00628,AZ,100,False,0,0,0.08580262134190683,Low
CUST01939,SC,99,False,0,0,0.14734146493616337,Low
CUST00677,AL,93,True,1,1,0.9662040501804897,High
CUST00674,IA,66,False,0,1,0.18952305768616742,Low
CUST01527,OK,110,False,0,1,0.08790981429806001,Low
CUST00959,KS,36,False,0,0,0.1219295185742178,Low
CUST00653,HI,64,False,0,1,0.09707396293618502,Low
CUST02341,SC,99,False,0,1,0.07380459270312224,Low
CUST00783,NV,138,False,0,1,0.08022556567361433,Low
CUST01412,DE,51,True,1,0,0.9823941693370064,High
CUST00761,MA,97,False,0,0,0.14264072292140031,Low
CUST02301,IA,123,False,0,0,0.07217828752360982,Low
CUST01720,WY,96,False,0,0,0.12705525411296845,Low
CUST00535,MA,42,False,0,0,0.10380288034961048,Low
CUST02788,PA,91,False,0,1,0.09159084420899681,Low
CUST02544,CT,67,False,0,0,0.08649489211829169,Low
CUST03185,AL,76,False,0,0,0.12722315551224875,Low
CUST03233,OH,165,False,0,0,0.1822511726710316,Low
CUST01121,WA,78,False,0,0,0.11021679007048801,Low
CUST01439,DE,78,False,0,1,0.14396471308864833,Low
CUST02977,LA,81,False,0,1,0.041096517030370164,Low
CUST00874,NC,86,False,0,1,0.1318575773058037,Low
CUST00424,ID,46,False,0,1,0.127410639298179,Low
CUST02668,NY,161,True,1,1,0.982802934816326,High
CUST03105,CT,152,False,0,1,0.19163388440026868,Low
CUST02883,NY,94,False,0,1,0.277510663664981,Low
CUST01343,VT,99,True,1,1,0.9621336494728215,High
CUST00614,MS,107,False,0,1,0.4118811867147622,Medium
CUST01230,SC,106,False,0,1,0.08612291506756257,Low
CUST02631,MI,119,True,1,0,0.98445656184145,High
CUST01367,VA,113,False,0,1,0.4402431230602996,Medium
CUST02365,SC,112,False,0,1,0.13591954131842832,Low
CUST01700,VT,46,False,0,1,0.0964950820639606,Low
CUST02517,CT,147,False,0,1,0.1373454204459659,Low
CUST00354,NM,155,False,0,0,0.23984729763075843,Low
CUST01141,NV,93,False,0,0,0.0752239219775826,Low
CUST00630,ME,108,False,0,0,0.20899279828348136,Low
CUST00837,GA,92,False,0,0,0.06449984343646066,Low
CUST02697,NM,25,False,0,1,0.12675836173874164,Low
CUST00755,AK,108,False,0,0,0.1249922767404068,Low
CUST02926,MT,113,False,0,1,0.07179450745217733,Low
CUST03228,AR,185,False,0,0,0.0641473399633554,Low
CUST00197,NJ,138,False,0,0,0.10254838463588481,Low
CUST00881,MA,47,False,0,1,0.09842841138355528,Low
CUST02377,TX,1,True,1,1,0.946000693699009,High
CUST03175,NE,147,False,0,1,0.14260366176565906,Low
CUST01480,MD,123,False,0,1,0.16508382895047152,Low
CUST03269,MA,142,False,0,0,0.09826607437110164,Low
CUST00786,MI,45,False,0,0,0.052130861435591605,Low
CUST01130,ND,60,False,0,1,0.1015911602378888,Low
CUST02702,IN,122,False,0,1,0.10241279490402397,Low
CUST00855,KY,111,False,0,1,0.32040757681597315,Medium
CUST01026,SD,139,False,0,1,0.11762575745359129,Low
CUST02100,ID,135,False,0,0,0.12192824566551222,Low
CUST01550,WA,137,False,0,0,0.11879937547358355,Low
CUST02584,IN,115,True,1,1,0.9547663049704785,High
CUST00514,CO,111,False,0,0,0.10605052892244161,Low
CUST02922,CT,144,False,0,0,0.12612325695669413,Low
CUST02886,KS,67,False,0,0,0.06022111625248449,Low
CUST02264,SD,114,False,0,0,0.12601291276510385,Low
CUST00893,ID,144,False,0,1,0.08582147550571807,Low
CUST01009,IL,107,False,0,0,0.08427451457865873,Low
CUST01394,WA,66,False,0,1,0.13045465110315,Low
CUST02908,MI,105,False,0,0,0.06612215208647852,Low
CUST02463,NV,110,False,0,0,0.10259149887237623,Low
CUST02249,NC,129,False,0,0,0.18790616513743338,Low
CUST01539,VA,145,False,0,0,0.08252933954614283,Low
CUST00606,MT,106,False,0,0,0.09638711246528348,Low
CUST02115,NM,148,False,0,1,0.15716373995156205,Low
CUST01516,IL,65,False,0,1,0.03406563163563775,Low
CUST03036,AL,68,False,0,0,0.1453314158670938,Low
CUST02873,OK,52,False,0,0,0.060322062205714656,Low
CUST01382,MT,71,False,0,0,0.1965891982235516,Low
CUST00394,IA,130,False,0,0,0.12176781901384469,Low
CUST02206,OK,127,False,0,1,0.10750911846105204,Low
CUST00429,OK,125,False,0,0,0.1738315603041839,Low
CUST01505,VT,113,False,0,0,0.19714762538211988,Low
CUST00288,AK,117,False,0,1,0.09418813023500211,Low
CUST01081,MI,97,False,0,0,0.1504671580961285,Low
CUST03073,KS,74,False,0,0,0.07702143785525152,Low
CUST00912,TX,47,False,0,0,0.09369495650378502,Low
CUST03003,AZ,66,True,1,1,0.9585722713767335,High
CUST03107,IA,100,False,0,1,0.19686413289156923,Low
CUST00521,WY,87,False,0,1,0.05497041867059299,Low
CUST01542,HI,131,False,0,0,0.07915199681759817,Low
CUST03261,RI,76,False,0,0,0.05469268315823662,Low
CUST02292,ID,119,False,0,0,0.09930048272747849,Low
CUST00351,SC,78,False,0,1,0.07338069943224616,Low
CUST02771,OR,165,False,0,0,0.14869340866882444,Low
CUST00809,LA,154,False,0,0,0.06517625609558537,Low
CUST01080,SC,108,True,1,1,0.9733522804396451,High
CUST02071,WV,124,True,1,0,0.9548852090353912,High
CUST00854,NC,64,False,0,0,0.11739209401709402,Low
CUST03206,NJ,134,True,1,1,0.9089986606615973,High
CUST00626,AZ,113,False,0,0,0.07730624898244481,Low
CUST00409,VT,193,False,0,0,0.09027653853103691,Low
CUST02583,UT,61,False,0,1,0.11132653043400698,Low
CUST02709,AZ,94,False,0,1,0.2759701604336394,Low
CUST00915,OR,157,False,0,0,0.06674651121286788,Low
CUST02566,CT,100,False,0,0,0.16258121957830304,Low
CUST00495,DC,126,False,0,0,0.10695866538061434,Low
CUST00961,MT,25,False,0,1,0.09922320882987677,Low
CUST00572,WY,90,False,0,1,0.18722134497564458,Low
CUST02599,NJ,93,False,0,0,0.115387205273814,Low
CUST00955,UT,139,False,0,0,0.18739654764323677,Low
CUST00757,NV,144,False,0,0,0.1636510094125849,Low
CUST01372,WA,130,False,0,0,0.06471590971669788,Low
CUST03009,WV,191,False,0,0,0.11946734006563935,Low
CUST01405,ND,87,False,0,0,0.15554490049241318,Low
CUST02703,LA,99,False,0,0,0.0869518923343433,Low
CUST02685,MI,36,False,0,1,0.0543088116374404,Low
CUST02736,SD,87,False,0,0,0.04978893508966402,Low
CUST01201,UT,68,True,1,0,0.6245401765403031,High
CUST00780,NY,64,True,1,0,0.9983441220713789,High
CUST00833,OR,98,False,0,0,0.1929747134111122,Low
CUST02297,MN,90,False,0,0,0.06924049215695377,Low
CUST01647,DC,121,False,0,0,0.04776865012526636,Low
CUST00323,IL,84,False,0,0,0.07761703051342392,Low
CUST01052,TX,28,False,0,1,0.12191919950102284,Low
CUST01340,WY,90,False,0,0,0.06237656117958578,Low
CUST01562,SD,52,False,0,0,0.1343294863375558,Low
CUST02953,MA,111,True,1,0,0.950417954055564,High
CUST02651,ME,149,False,0,0,0.06463681718638269,Low
CUST01977,VA,138,False,0,1,0.102461754797139,Low
CUST01257,WA,86,False,0,0,0.07891197974518688,Low
CUST00719,CO,23,False,0,1,0.16577374304934328,Low
CUST01334,CO,110,False,0,0,0.07526257898404813,Low
CUST01222,HI,117,False,0,1,0.05403609120657544,Low
CUST02728,IN,122,True,1,1,0.9810534450627536,High
CUST02476,MS,190,False,0,1,0.1970010804798339,Low
CUST00767,SC,93,False,0,0,0.07176142389097778,Low
CUST02555,NC,72,False,0,0,0.06318273200053713,Low
CUST00270,MT,66,False,0,0,0.044383663246606926,Low
CUST00769,LA,87,False,0,0,0.09664446117731132,Low
CUST00262,ME,100,False,0,0,0.09366074978515329,Low
CUST00109,TX,82,False,0,1,0.1950749056340126,Low
CUST02152,ND,180,True,1,1,0.8727423577017258,High
CUST00849,MO,164,False,0,0,0.05546017801975733,Low
CUST02388,MT,132,False,0,0,0.06301091629761785,Low
CUST02349,MN,132,False,0,0,0.15373531218017278,Low
CUST02251,MT,137,True,1,0,0.9611040243482971,High
CUST03117,FL,31,False,0,0,0.12869862052454834,Low
CUST00186,MO,123,False,0,1,0.14801860251102106,Low
CUST00313,OH,84,False,0,1,0.08616475156235552,Low
CUST01805,WI,70,False,0,1,0.09073445428160545,Low
CUST01535,IN,100,False,0,0,0.07612228360457529,Low
CUST00623,WI,45,False,0,1,0.1398223909614632,Low
CUST00225,AL,131,False,0,1,0.07857165661608563,Low
CUST01960,WV,75,False,0,0,0.15258991329595023,Low
CUST00068,OR,116,False,0,1,0.16562209269547878,Low
CUST00665,OR,67,False,0,1,0.15045754789957472,Low
CUST02256,WV,70,False,0,1,0.07468831135516818,Low
CUST00945,FL,75,False,0,1,0.07569620642654512,Low
CUST01229,MD,102,False,0,0,0.4218168565731595,Medium
CUST00220,OK,117,False,0,0,0.08726702026193892,Low
CUST00366,OH,97,True,1,0,0.9773157898098168,High
CUST02799,MN,55,False,0,0,0.1169474963357853,Low
CUST01354,WV,50,True,1,1,0.9748055273110893,High
CUST02180,WV,125,False,0,0,0.08791506778095498,Low
CUST01199,MA,51,False,0,0,0.08757648874817597,Low
CUST01545,IL,76,False,0,0,0.1062020042920422,Low
CUST02112,AR,88,False,0,1,0.08089280277308795,Low
CUST01904,VT,116,False,0,0,0.11409048668258613,Low
CUST01144,UT,105,False,0,1,0.07426648760471478,Low
CUST03191,SC,209,True,1,1,0.947075131214406,High
CUST00246,SD,209,False,0,1,0.4958690986940533,Medium
CUST01074,CT,115,True,1,0,0.9606068432888294,High
CUST00054,WA,40,False,0,1,0.10566799289985239,Low
CUST02774,MD,79,False,0,1,0.06973441163867766,Low
CUST00259,VA,104,False,0,0,0.1377311040246572,Low
CUST01451,MO,138,False,0,0,0.11150828004821216,Low
CUST01793,OR,80,False,0,1,0.07932621658425809,Low
CUST02804,CT,3,False,0,1,0.055309281038646,Low
CUST00349,NE,148,False,0,0,0.1313250298219288,Low
CUST00512,IL,83,False,0,0,0.08882765746619099,Low
CUST03332,CT,184,False,0,1,0.1207796972494619,Low
CUST01303,DE,54,False,0,0,0.18860034371694748,Low
CUST00642,KY,75,True,1,1,0.9674327950585667,High
CUST02203,NM,158,False,0,1,0.11068487537789735,Low
CUST00382,AR,74,False,0,1,0.0590301802165575,Low
CUST02019,VT,138,False,0,0,0.2259275262838384,Low
CUST00188,VA,104,False,0,1,0.1918569749216301,Low
CUST01276,RI,83,False,0,0,0.0602957323162185,Low
CUST03243,OR,82,False,0,0,0.06770189847649846,Low
CUST01796,KY,66,False,0,1,0.08194467139753916,Low
CUST00175,AZ,86,False,0,0,0.08400189275928603,Low
CUST00740,OK,74,False,0,0,0.12239175970859019,Low
CUST02745,DC,112,False,0,0,0.03786358164626883,Low
CUST00208,TX,97,False,0,0,0.22985717629915256,Low
CUST01025,TX,82,True,1,1,0.4154853078339648,Medium
CUST01685,MI,122,False,0,0,0.11799706119788259,Low
CUST03035,LA,112,False,0,0,0.186268292342261,Low
CUST00690,WA,103,False,0,1,0.35146843561221985,Medium
CUST00405,AK,41,False,0,0,0.1409903310748054,Low
CUST02911,NY,122,False,0,1,0.05744497368340583,Low
CUST01378,HI,79,False,0,0,0.11925168706207083,Low
CUST01565,WA,71,False,0,1,0.0550944283688351,Low
CUST00167,MI,105,False,0,1,0.06716206780727435,Low
CUST01239,MN,161,False,0,0,0.1244603926955941,Low
CUST00530,OR,120,False,0,1,0.15090619481837483,Low
CUST01404,CO,59,False,0,0,0.06425586935249412,Low
CUST03078,IL,134,False,0,0,0.05372641632839084,Low
CUST01344,ID,114,False,0,1,0.0836572600081936,Low
CUST01071,WY,64,False,0,0,0.1289692416525533,Low
CUST02655,WY,89,False,0,1,0.11450709287713808,Low
CUST01012,OR,129,False,0,0,0.15627208847152949,Low
CUST01270,VT,121,False,0,1,0.20046168477254217,Low
CUST02344,WY,151,False,0,0,0.05626678724320813,Low
CUST03319,MD,133,True,1,1,0.9741406182109985,High
CUST01641,ME,140,False,0,0,0.15890771574250995,Low
CUST03179,TX,90,False,0,1,0.08903908805216852,Low
CUST03160,RI,125,True,1,1,0.5417882803174254,Medium
CUST00838,NM,174,False,0,0,0.08901256530515479,Low
CUST00496,DC,126,False,0,0,0.08260859842756933,Low
CUST02317,KS,107,False,0,0,0.04202974174345239,Low
CUST00095,NV,74,True,1,0,0.9685436310385027,High
CUST00990,WY,95,False,0,0,0.10271352762703617,Low
CUST02506,AR,96,False,0,1,0.08987690700310873,Low
CUST03136,ME,19,False,0,0,0.05963327693575974,Low
CUST01497,OK,105,True,1,0,0.9802879437571425,High
CUST00076,DC,82,False,0,0,0.054224644001769295,Low
CUST02475,AR,129,False,0,1,0.2362834435062853,Low
CUST02906,KS,159,False,0,0,0.07898400330723077,Low
CUST02527,MS,143,False,0,0,0.10673644634356655,Low
CUST01082,VT,84,False,0,0,0.1074851648422449,Low
CUST03245,GA,136,False,0,1,0.3496030320327462,Medium
CUST00681,CT,155,False,0,1,0.05975742823548025,Low
CUST00309,SD,137,False,0,1,0.23926844704878864,Low
CUST03038,AR,116,False,0,0,0.11152772418243968,Low
CUST01013,CA,92,False,0,0,0.36832568658163267,Medium
CUST02382,CT,160,True,1,0,0.9661748020735367,High
CUST02057,CO,107,False,0,1,0.06074364931935125,Low
CUST02422,MT,103,True,1,1,0.9851824639924257,High
CUST03047,KS,138,False,0,0,0.09564287764489593,Low
CUST01522,DE,136,False,0,1,0.09631434871707382,Low
CUST03211,AZ,82,False,0,1,0.08990081818355733,Low
CUST02787,WY,111,False,0,1,0.15182003434897204,Low
CUST00408,MS,118,True,1,1,0.9567302403949891,High
CUST00315,CT,99,False,0,1,0.13485071264099593,Low
CUST01376,VA,127,False,0,0,0.03403276244446158,Low
CUST00320,PA,112,False,0,1,0.12279880608516856,Low
CUST03287,NM,183,False,0,0,0.11695391278281285,Low
CUST00781,FL,159,False,0,0,0.08878482697996454,Low
CUST01214,CA,103,True,1,0,0.6392101221663026,High
CUST02091,NY,148,False,0,0,0.07195816272949694,Low
CUST02104,WV,100,False,0,0,0.08394039022289863,Low
CUST02142,VA,172,False,0,1,0.09818450881812195,Low
CUST01192,MN,116,False,0,0,0.07030066977709198,Low
CUST01933,NE,139,False,0,0,0.06821472089258875,Low
CUST01603,RI,80,False,0,1,0.1506075849116195,Low
CUST01863,NM,56,False,0,0,0.12450432014484361,Low
CUST02576,OK,149,False,0,1,0.1375082375589215,Low
CUST00822,RI,75,False,0,1,0.12677731672491063,Low
CUST02825,NM,87,False,0,0,0.12137089019151621,Low
CUST00452,ME,97,False,0,1,0.048397356958534116,Low
CUST01771,VA,67,False,0,0,0.11467179609978949,Low
CUST00081,AZ,99,False,0,1,0.2366070835584689,Low
CUST00576,DC,169,False,0,1,0.13554893050325584,Low
CUST02131,FL,108,False,0,1,0.15399395160664567,Low
CUST01605,ID,153,False,0,0,0.0667552811636819,Low
CUST02757,AZ,86,False,0,1,0.07922366930064294,Low
CUST01300,MD,116,True,1,1,0.9698335613778972,High
CUST02017,IN,168,False,0,1,0.08216807488689794,Low
CUST00987,NC,30,False,0,1,0.07442772262601903,Low
CUST00647,MN,80,False,0,0,0.05084487038710479,Low
CUST00118,MI,157,False,0,1,0.048023215750894306,Low
CUST02175,WI,66,False,0,1,0.2304583491251642,Low
CUST00598,NC,128,False,0,0,0.12442429686523374,Low
CUST02563,OR,124,False,0,0,0.0978097243893019,Low
CUST01468,WI,67,False,0,1,0.05511308934368927,Low
CUST01135,SD,113,False,0,0,0.19236729510504577,Low
CUST02196,NC,117,False,0,1,0.06589378134586613,Low
CUST01383,WV,124,False,0,1,0.07912055215124258,Low
CUST01606,SD,108,False,0,1,0.30495138154921436,Medium
CUST01117,MI,81,True,1,1,0.9811468158974095,High
CUST00551,MT,163,False,0,0,0.06397021235695323,Low
CUST01411,IL,85,False,0,0,0.05160659043362327,Low
CUST02002,ID,67,False,0,1,0.04074362696856855,Low
CUST02984,AR,57,False,0,0,0.05892623486301827,Low
CUST02628,KS,170,True,1,1,0.974081281545476,High
CUST03010,KY,88,False,0,1,0.10628219341796726,Low
CUST03027,RI,134,False,0,0,0.12079827303260612,Low
CUST01697,OH,125,False,0,0,0.1309764773381035,Low
CUST03086,KS,94,True,1,1,0.9564514779463933,High
CUST00789,NV,94,False,0,0,0.04083436580342133,Low
CUST00491,UT,48,False,0,0,0.05978723674436154,Low
CUST00982,TX,87,False,0,1,0.058539413781423334,Low
CUST02596,OR,89,False,0,1,0.09202702275458802,Low
CUST03033,ND,118,False,0,1,0.12617280075875176,Low
CUST00534,CO,60,False,0,1,0.09288398359668293,Low
CUST01738,CA,120,False,0,0,0.06723129598061141,Low
CUST00553,HI,99,False,0,0,0.18229179198168577,Low
CUST00069,CO,55,False,0,1,0.05734199522187669,Low
CUST01858,DE,99,False,0,0,0.17635354322238134,Low
CUST02001,MT,157,False,0,1,0.15530323415624273,Low
CUST00150,VA,170,False,0,1,0.33166700106780006,Medium
CUST02396,OR,89,False,0,1,0.03805381323489138,Low
CUST01590,NY,156,False,0,1,0.12888286832506154,Low
CUST00126,OK,96,False,0,1,0.2184763326263349,Low
CUST03013,AK,96,False,0,0,0.07080881345327684,Low
CUST02340,NV,148,True,1,1,0.9739119310500398,High
CUST02691,LA,121,False,0,0,0.09562853418714322,Low
CUST02541,NH,152,False,0,0,0.12602716756788482,Low
CUST01512,MA,88,False,0,1,0.1686119322715098,Low
CUST03097,RI,113,False,0,0,0.08407823465007791,Low
CUST03328,WI,114,False,0,1,0.06565671449218924,Low
CUST02816,AR,156,False,0,0,0.08317390498936106,Low
CUST00013,ID,85,False,0,0,0.06611705204904046,Low
CUST02244,MS,78,False,0,0,0.14576088369848975,Low
CUST01597,TX,82,False,0,0,0.11722378252465088,Low
CUST01365,WV,50,False,0,0,0.1292161801611511,Low
CUST02240,IN,108,False,0,1,0.08761762982711639,Low
CUST00513,OK,49,False,0,0,0.1886722640302304,Low
CUST00845,LA,118,False,0,0,0.06729318529224812,Low
CUST02021,UT,117,False,0,1,0.03755494947733262,Low
CUST01139,FL,110,False,0,1,0.2199427318684961,Low
CUST02575,WI,93,False,0,0,0.1397617112985535,Low
CUST02754,AZ,60,False,0,1,0.1473976122642692,Low
CUST01036,WA,121,False,0,1,0.03328435125412947,Low
CUST00782,KS,110,True,1,0,0.9873833667904143,High
CUST03069,ND,71,True,1,0,0.9289781698534284,High
CUST03067,HI,105,True,1,0,0.9836680574957977,High
CUST01681,TN,105,False,0,1,0.13309785113417721,Low
CUST00049,OK,125,False,0,0,0.18472648149316473,Low
CUST02960,NJ,45,False,0,0,0.12383507696470712,Low
CUST01182,MT,126,True,1,1,0.97346642662988,High
CUST01974,ID,82,False,0,1,0.09894517357168615,Low
CUST01111,MT,131,False,0,0,0.07649817975056035,Low
CUST00092,DE,125,False,0,0,0.13184670202080173,Low
CUST01072,WV,63,False,0,1,0.07448780111675463,Low
CUST02143,NM,188,True,1,0,0.9919862217881361,High
CUST00300,MA,128,False,0,0,0.10398337999142272,Low
CUST01298,MN,65,False,0,0,0.05823901735217384,Low
CUST00229,DE,71,False,0,1,0.12647501229594696,Low
CUST02881,DE,131,False,0,1,0.14012293626039843,Low
CUST02938,NH,55,False,0,1,0.03445433011170246,Low
CUST02647,LA,128,False,0,1,0.11848604462722413,Low
CUST02521,AL,13,False,0,1,0.12319277148262024,Low
CUST01429,CO,63,False,0,1,0.08987825664211074,Low
CUST01253,HI,106,False,0,1,0.10461831193677414,Low
CUST01536,OR,155,False,0,0,0.04068122572403853,Low
CUST01054,HI,190,False,0,0,0.0989452606295354,Low
CUST00562,AZ,67,False,0,0,0.09218806142660264,Low
CUST02482,MS,68,False,0,0,0.10120688363059589,Low
CUST01003,NC,58,True,1,0,0.6972725195920948,High
CUST00029,OK,57,False,0,0,0.05697807762415738,Low
CUST01146,MO,131,False,0,0,0.14422347791683013,Low
CUST01419,NY,54,True,1,0,0.965639383287602,High
CUST01020,IA,46,False,0,1,0.09281364719580817,Low
CUST00057,UT,126,False,0,0,0.09870726127293367,Low
CUST01608,DE,115,False,0,0,0.10646998952162955,Low
CUST03005,WV,124,False,0,0,0.07448596448191265,Low
CUST00341,NM,141,False,0,1,0.13647904852166154,Low
CUST02948,ID,193,True,1,1,0.5960011269902384,Medium
CUST00928,CO,101,False,0,0,0.05144450779045649,Low
CUST00490,DC,41,False,0,1,0.07749267880455063,Low
CUST01513,NM,182,False,0,0,0.10847745867536546,Low
CUST02892,ME,80,True,1,0,0.970155880448111,High
CUST00224,HI,148,False,0,0,0.1917575670593655,Low
CUST01288,RI,73,False,0,1,0.12732377271962908,Low
CUST01873,UT,110,True,1,1,0.9646986142688967,High
CUST01718,AR,89,False,0,0,0.1290789098253683,Low
CUST01210,IA,36,False,0,0,0.11616010794761246,Low
CUST01010,OH,149,False,0,1,0.05726480108322489,Low
CUST03331,WV,159,False,0,0,0.10652368528805888,Low
CUST02717,WA,83,False,0,1,0.0784815222771054,Low
CUST01808,CO,80,False,0,0,0.10180298894138279,Low
CUST01622,IA,105,False,0,1,0.07434754151914685,Low
CUST02352,NY,168,True,1,1,0.732661401750461,High
CUST00687,MA,98,True,1,1,0.9834440515288503,High
CUST00668,NE,96,True,1,0,0.48142645657246325,Medium
CUST02428,MA,67,False,0,0,0.08646344125744149,Low
CUST01717,VA,164,False,0,0,0.12097930446392315,Low
CUST00815,VA,99,True,1,1,0.7943119408217345,High
CUST03304,SC,88,False,0,0,0.10678578272422273,Low
CUST00571,WY,94,True,1,1,0.9533964854562157,High
CUST03099,WA,110,False,0,1,0.21041256106347517,Low
CUST01447,CT,50,False,0,0,0.25695029430652705,Low
CUST00830,OK,79,False,0,0,0.07003761098464378,Low
CUST01561,WI,140,False,0,1,0.12529837409921726,Low
CUST01391,NJ,42,False,0,1,0.11894045865244056,Low
CUST00390,GA,85,False,0,1,0.19400036241044052,Low
CUST01477,MA,69,False,0,0,0.12055384299886773,Low
CUST03235,OK,104,False,0,1,0.07470981564760945,Low
CUST02315,WV,133,False,0,1,0.07842269213092279,Low
CUST00711,WY,125,False,0,0,0.12466488753533018,Low
CUST01615,IA,130,False,0,1,0.4031802236804468,Medium
CUST01175,CT,103,False,0,0,0.10956687406002942,Low
CUST02464,TX,75,True,1,0,0.9657883097176019,High
CUST03004,TN,99,False,0,0,0.15686842120626276,Low
CUST00741,KY,74,True,1,0,0.9822301767975613,High
CUST03192,NH,116,False,0,1,0.10450238175374826,Low
CUST01585,KS,93,False,0,1,0.15980122654879475,Low
CUST02513,NY,115,False,0,1,0.07473141212766653,Low
CUST01567,SC,49,True,1,1,0.9708601137634095,High
CUST01504,AZ,134,False,0,0,0.07010626552173119,Low
CUST01645,TN,121,False,0,0,0.11719722228403706,Low
CUST02496,HI,98,False,0,1,0.09578786229414828,Low
CUST01856,IN,205,False,0,1,0.14817062096328004,Low
CUST03258,AL,182,False,0,0,0.05729199697477845,Low
CUST00762,MO,142,False,0,0,0.04588224755732256,Low
CUST02600,OH,160,False,0,0,0.11442645159636326,Low
CUST00099,MD,121,False,0,1,0.12825673219413364,Low
CUST02390,HI,99,True,1,1,0.9659602490318803,High
CUST01731,NV,94,True,1,0,0.9794348758251501,High
CUST03121,IL,68,True,1,0,0.9835941898756534,High
CUST00682,MD,52,False,0,1,0.2438654383078439,Low
CUST00903,GA,132,True,1,1,0.932323532104325,High
CUST02489,AZ,102,False,0,0,0.1288187319777982,Low
CUST01400,AL,115,False,0,1,0.04957203239383464,Low
CUST02081,GA,64,False,0,1,0.10449375636938965,Low
CUST01675,MO,85,False,0,0,0.10461140703226032,Low
CUST01855,WV,129,False,0,1,0.09111916873236327,Low
CUST01086,WI,54,False,0,0,0.05704458797800287,Low
CUST01817,TN,80,True,1,0,0.9799463971917933,High
CUST01030,TN,103,False,0,0,0.1354935639746645,Low
CUST02713,KS,92,True,1,0,0.9454863454317103,High
CUST01971,CA,105,True,1,1,0.9767321883040456,High
CUST02632,RI,95,False,0,0,0.11839804065069616,Low
CUST01453,NH,117,True,1,0,0.9770219375112859,High
CUST01640,SD,125,False,0,0,0.07039424449320288,Low
CUST00909,NJ,129,False,0,0,0.08824329453558356,Low
CUST00904,HI,119,False,0,0,0.022350785879572333,Low
CUST00779,NV,77,False,0,0,0.1436545693068382,Low
CUST02552,AL,91,False,0,0,0.13165452347232665,Low
CUST00694,WI,62,False,0,0,0.19258545011176587,Low
CUST01167,HI,118,False,0,1,0.33888871729651726,Medium
CUST00289,ME,31,False,0,0,0.07051773131858545,Low
CUST01174,MT,138,False,0,0,0.06644821908760934,Low
CUST02814,NJ,92,False,0,1,0.08027841054900162,Low
CUST00860,DE,85,False,0,1,0.09467972581991807,Low
CUST01087,GA,125,False,0,1,0.1645585696647553,Low
CUST02913,KS,128,False,0,0,0.12150846806078502,Low
CUST01112,LA,99,False,0,0,0.10667924192640107,Low
CUST01234,AZ,122,False,0,1,0.06421970576819593,Low
CUST02424,NH,123,False,0,1,0.05299793478946389,Low
CUST02359,IL,98,False,0,0,0.12524174314320938,Low
CUST02045,KY,73,False,0,1,0.12658806781496343,Low
CUST00243,MO,196,False,0,1,0.35821001846148826,Medium
CUST01538,WI,123,False,0,0,0.07293785587835246,Low
CUST02501,HI,108,True,1,1,0.979178831473163,High
CUST01304,WI,107,False,0,1,0.07238718322534962,Low
CUST01588,PA,28,False,0,1,0.07539071952065143,Low
CUST02016,DC,115,False,0,1,0.12053494824741445,Low
CUST02978,AZ,72,False,0,0,0.2052050654808416,Low
CUST01742,NV,41,False,0,0,0.07407215860432992,Low
CUST01917,NV,42,True,1,0,0.9771902382512916,High
CUST00678,HI,169,False,0,1,0.08854804712940628,Low
CUST03134,TX,121,False,0,1,0.1695375816993464,Low
CUST01903,ND,101,False,0,1,0.12031213896065919,Low
CUST00008,WV,141,False,0,0,0.2494351492799115,Low
CUST00565,CT,100,False,0,0,0.057872594817296286,Low
CUST01178,NV,161,False,0,1,0.15768296079849703,Low
CUST02992,CT,30,False,0,1,0.05982965913939755,Low
CUST00403,MI,109,False,0,0,0.11914826295139065,Low
CUST02897,AL,72,False,0,1,0.19019993685000527,Low
CUST02553,DE,121,False,0,1,0.27143561639361985,Low
CUST01225,MS,140,False,0,0,0.07868659345275472,Low
CUST03101,ID,104,False,0,0,0.07533479884107509,Low
CUST03137,OH,135,False,0,0,0.11160602384531818,Low
CUST00151,NM,73,False,0,0,0.26335973786815464,Low
CUST00488,KY,90,False,0,0,0.11886476653882892,Low
CUST01912,IL,100,False,0,0,0.10306800146967295,Low
CUST03195,NJ,182,True,1,1,0.9679812490807288,High
CUST01784,WV,94,False,0,1,0.046231711897207976,Low
CUST01533,MD,108,True,1,1,0.9654952365593283,High
CUST00191,OK,100,False,0,1,0.11569203557536033,Low
CUST01577,AZ,59,False,0,0,0.10414036155675166,Low
CUST01705,GA,202,False,0,1,0.11182567164710669,Low
CUST02667,IN,65,True,1,1,0.9543082258693538,High
CUST02075,MN,157,False,0,1,0.10458973978121254,Low
CUST01754,AR,138,False,0,1,0.11265285032678785,Low
CUST00477,HI,87,False,0,0,0.023591814277122803,Low
CUST00548,WV,121,False,0,0,0.08595444655611555,Low
CUST02915,IN,108,False,0,0,0.05205527888687673,Low
CUST01444,OR,95,False,0,1,0.09145784985637613,Low
CUST01108,NJ,1,False,0,0,0.04628558756118961,Low
CUST01699,IN,94,False,0,0,0.2594204982718799,Low
CUST00895,TX,19,False,0,0,0.05442971259172046,Low
CUST00745,TX,130,False,0,0,0.06232537595042955,Low
CUST02342,WV,123,False,0,1,0.07281077825167119,Low
CUST02884,TX,217,False,0,1,0.26865929989330106,Low
CUST00977,MN,122,False,0,1,0.14962868105449373,Low
CUST01896,MO,101,False,0,0,0.16470336525881343,Low
CUST02519,AK,58,False,0,1,0.06919161510832231,Low
CUST02613,RI,89,False,0,0,0.07358001255019747,Low
CUST01787,AK,97,False,0,0,0.04075966510386518,Low
CUST01247,MA,57,False,0,0,0.08139160668914086,Low
CUST03281,MT,100,True,1,1,0.9586055234460331,High
CUST02865,AR,77,False,0,1,0.03949248005183528,Low
CUST01648,OR,53,True,1,0,0.9617316159787528,High
CUST01043,TN,17,True,1,1,0.9695387233464753,High
CUST00344,IN,96,False,0,1,0.10133398457926791,Low
CUST03310,CT,129,False,0,0,0.052142897445540716,Low
CUST02662,AZ,192,False,0,1,0.1408122149371241,Low
CUST01970,NM,63,False,0,0,0.09297581629093471,Low
CUST00043,IN,60,False,0,0,0.11538375936371575,Low
CUST00517,WI,131,False,0,0,0.061849944309874214,Low
CUST00006,MA,121,False,0,1,0.1282261968482631,Low
CUST02557,ND,148,False,0,0,0.105091785544648,Low
CUST01571,SD,125,False,0,0,0.07957642848471598,Low
CUST00983,ME,116,False,0,1,0.17425791562269222,Low
CUST01990,TN,3,False,0,0,0.12612788368028988,Low
CUST00356,WY,113,False,0,0,0.22845674208556246,Low
CUST02051,MN,117,False,0,0,0.0454935032497238,Low
CUST02726,FL,127,True,1,0,0.969866003175449,High
CUST00026,NH,75,False,0,0,0.28021389187150875,Low
CUST01359,ME,36,False,0,0,0.036973356850092516,Low
CUST02803,WV,32,False,0,0,0.09357829131652659,Low
CUST00141,LA,179,False,0,0,0.09525119121552404,Low
CUST02253,HI,24,False,0,0,0.12918061411623022,Low
CUST02443,AL,95,False,0,0,0.07427968462813836,Low
CUST02010,NE,103,False,0,0,0.07677586826856972,Low
CUST03203,DC,80,False,0,1,0.08090514104674844,Low
CUST00896,MA,46,False,0,0,0.10700991222613747,Low
CUST01364,SC,100,False,0,0,0.061726164068358784,Low
CUST00633,MT,72,False,0,0,0.42985778250317386,Medium
CUST02134,ME,66,False,0,0,0.11884614805483841,Low
CUST01472,IL,116,False,0,0,0.14256703207988,Low
CUST00518,MO,79,True,1,1,0.9566194771499873,High
CUST01823,AK,126,False,0,0,0.09678695123718825,Low
CUST01694,TX,37,True,1,0,0.945894986324344,High
CUST02941,NJ,131,False,0,0,0.1266724761047573,Low
CUST01410,PA,88,False,0,0,0.06889259175493541,Low
CUST00318,WV,43,False,0,0,0.10978121245934938,Low
CUST02487,ME,112,False,0,1,0.08458917336920697,Low
CUST01669,NC,106,False,0,1,0.09294851724050203,Low
CUST02844,ND,70,False,0,0,0.03411468723591554,Low
CUST01768,PA,97,True,1,1,0.9839891106191777,High
CUST02792,ME,105,False,0,1,0.09999019073777476,Low
CUST01649,RI,75,False,0,0,0.07063830988646858,Low
CUST02658,IN,117,True,1,1,0.9695549618984545,High
CUST00839,OH,124,False,0,0,0.05213102862190118,Low
CUST00061,NM,147,False,0,1,0.07872164629539666,Low
CUST00923,CA,72,False,0,0,0.0831498574692389,Low
CUST00635,WV,137,False,0,0,0.04908481939825852,Low
CUST02627,OH,106,False,0,0,0.07132342002331012,Low
CUST02124,CO,63,False,0,0,0.07235017431310901,Low
CUST00311,OR,149,False,0,0,0.10965896643920146,Low
CUST02445,SC,101,True,1,1,0.9624225709929991,High
CUST00818,CT,70,False,0,1,0.11292100135178275,Low
CUST02013,CA,120,False,0,0,0.4113397628185817,Medium
CUST00827,RI,158,False,0,0,0.17162678718910548,Low
CUST03052,NC,162,True,1,0,0.8044603125288203,High
CUST00592,CO,22,False,0,1,0.03095240312066048,Low
CUST01601,SD,87,False,0,1,0.0910998563620513,Low
CUST01911,NC,85,False,0,1,0.3046527223116543,Medium
CUST01547,WI,73,False,0,0,0.08977850301529072,Low
CUST00178,FL,93,False,0,0,0.12698950454036592,Low
CUST01077,VA,94,False,0,0,0.2611018065327723,Low
CUST02400,OR,161,False,0,0,0.10209584887225082,Low
CUST00235,WI,96,False,0,0,0.08582984060708072,Low
CUST02414,WV,131,False,0,1,0.09137736298832837,Low
CUST01735,NC,115,True,1,1,0.9916357488407453,High
CUST00464,CT,72,False,0,0,0.10687721744771278,Low
CUST00584,LA,158,False,0,0,0.09993571229442347,Low
CUST00411,VA,62,False,0,1,0.10063878871805883,Low
CUST00094,NJ,64,False,0,0,0.04464720660255955,Low
CUST00142,NE,94,False,0,1,0.14057616285566418,Low
CUST02451,SD,119,False,0,0,0.1233329158194159,Low
CUST00660,NC,64,False,0,0,0.1175841647696176,Low
CUST02574,WV,144,False,0,0,0.11185450943365283,Low
CUST02493,WI,63,False,0,0,0.0871674807234416,Low
CUST00691,HI,132,False,0,0,0.08279808459143842,Low
CUST02300,MN,95,False,0,0,0.22030130311338655,Low
CUST03141,NE,92,False,0,1,0.061915608299581246,Low
CUST00700,ME,66,False,0,1,0.1568181186693822,Low
CUST02870,TX,50,False,0,1,0.06856589892188976,Low
CUST00401,FL,124,False,0,0,0.06183003406647407,Low
CUST00257,MA,86,False,0,0,0.11730235358478536,Low
CUST01493,HI,132,False,0,1,0.2291366736335198,Low
CUST03030,WI,120,False,0,0,0.04073451826257783,Low
CUST00218,MA,118,False,0,1,0.21134516620465096,Low
CUST00662,DC,88,False,0,0,0.06917893279384786,Low
CUST02395,IN,7,False,0,1,0.07609707734736443,Low
CUST02470,AL,107,False,0,0,0.10392124151113787,Low
CUST01884,WV,84,False,0,0,0.05065210113833879,Low
CUST01307,VA,102,False,0,0,0.11418501462856563,Low
CUST03323,AZ,48,False,0,0,0.08977572727057578,Low
CUST01979,NY,137,False,0,0,0.10950845511680111,Low
CUST02585,AR,33,False,0,1,0.2758361244028366,Low
CUST01228,TX,159,False,0,0,0.15298858720640482,Low
CUST02869,DE,129,True,1,0,0.9709286674200033,High
CUST02609,OR,61,False,0,0,0.18278158287310958,Low
CUST00143,MN,62,False,0,0,0.10717275867614803,Low
CUST02439,MD,176,False,0,0,0.09388952775147058,Low
CUST00422,OK,176,False,0,1,0.10348471343053932,Low
CUST02857,WV,77,False,0,0,0.11740429627615448,Low
CUST01021,CT,137,False,0,1,0.10605188660504396,Low
CUST00529,GA,112,False,0,1,0.07526835712424079,Low
CUST02266,WV,62,False,0,1,0.047104499516762516,Low
CUST01069,VT,73,True,1,0,0.5573246412996556,Medium
CUST02192,ND,50,False,0,0,0.27444963601805983,Low
CUST02752,SD,91,False,0,0,0.13141022118704943,Low
CUST00028,AZ,12,True,1,0,0.9570005364452763,High
CUST00862,ME,59,False,0,1,0.07294321368609644,Low
CUST02446,MS,115,False,0,0,0.10172062278966262,Low
CUST02909,NH,155,False,0,1,0.1519635027696651,Low
CUST02147,NE,155,False,0,0,0.05313159457988204,Low
CUST00715,WI,73,False,0,0,0.06710180246363903,Low
CUST00131,SC,87,False,0,0,0.06581025025883724,Low
CUST01583,NV,118,False,0,0,0.08436149467025147,Low
CUST02536,UT,81,False,0,0,0.1323381251938086,Low
CUST00339,SD,128,False,0,0,0.061157043327827065,Low
CUST03070,NE,139,False,0,0,0.14778753271318942,Low
CUST03020,ID,138,False,0,0,0.17150036316935593,Low
CUST00643,OH,83,False,0,0,0.23856372667688608,Low
CUST03118,KY,122,False,0,0,0.06135731816015456,Low
CUST02594,MA,58,False,0,0,0.04715804710751354,Low
CUST02928,UT,74,False,0,0,0.053891768485670954,Low
CUST02119,AL,102,False,0,1,0.09557294195361388,Low
CUST01631,OH,116,False,0,1,0.0728508542076371,Low
CUST01133,NC,172,False,0,0,0.10723356100598748,Low
CUST00498,NJ,95,True,1,0,0.9822367637683296,High
CUST01381,DC,60,True,1,0,0.7109917624104388,High
CUST02202,NC,130,True,1,1,0.9899191445809093,High
CUST00045,WY,87,True,1,1,0.9494703368164491,High
CUST00910,FL,116,False,0,0,0.11044557610665615,Low
CUST00112,NY,75,False,0,1,0.19859838789812456,Low
CUST02660,OH,96,False,0,0,0.10003421721386273,Low
CUST03008,MD,93,True,1,0,0.9526127201217727,High
CUST00252,MA,39,False,0,0,0.10797116277170556,Low
CUST00820,RI,87,False,0,0,0.15415077243494485,Low
CUST00067,WV,144,False,0,0,0.23221025575834844,Low
CUST01031,CT,100,False,0,1,0.04273184010889815,Low
CUST02670,HI,49,False,0,0,0.1124768121537171,Low
CUST00415,MS,96,False,0,1,0.22893840657108563,Low
CUST01893,PA,176,False,0,0,0.05887333065978192,Low
CUST03053,TX,119,True,1,1,0.6645316454183788,High
CUST03202,IN,130,False,0,0,0.0980438451110931,Low
CUST02494,DC,119,False,0,0,0.07649584610150993,Low
CUST02617,NH,60,False,0,1,0.12990339918562346,Low
CUST02265,CO,156,False,0,0,0.06696967028601611,Low
CUST02324,CT,93,True,1,0,0.9630167838794287,High
CUST01329,WV,93,False,0,0,0.11400317478218801,Low
CUST01727,AL,172,True,1,1,0.97885439198437,High
CUST02219,IN,96,False,0,0,0.0563353104025942,Low
CUST01586,AR,85,False,0,1,0.11003257537011385,Low
CUST00652,IL,138,False,0,0,0.1735859267000791,Low
CUST00698,WY,42,False,0,0,0.04697069747813236,Low
CUST01292,WY,131,False,0,0,0.06462513210279786,Low
CUST03238,WA,96,True,1,0,0.9766116756186229,High
CUST02215,MD,147,True,1,0,0.9869650732403471,High
CUST00430,NE,194,False,0,0,0.13884502074496882,Low
CUST01240,CT,123,False,0,0,0.0847014838589764,Low
CUST02525,NH,35,True,1,1,0.9689937754703027,High
CUST03014,CT,163,False,0,1,0.07682434593782216,Low
CUST00602,CA,113,False,0,1,0.09958028405663502,Low
CUST00023,MT,54,False,0,1,0.03227808256495881,Low
CUST02894,UT,82,False,0,1,0.19713407012151762,Low
CUST01149,MD,125,False,0,0,0.11943024645202557,Low
CUST00025,IL,142,False,0,1,0.07117030003033395,Low
CUST00406,OH,136,False,0,1,0.06603527131504583,Low
CUST02556,AZ,108,False,0,1,0.05686711814842396,Low
CUST01628,VT,120,False,0,0,0.10753026853838948,Low
CUST03084,IL,55,False,0,0,0.4339586057175552,Medium
CUST02122,KY,105,False,0,1,0.06614792658987534,Low
CUST01844,NE,34,False,0,0,0.07656112550096637,Low
CUST03280,NJ,108,False,0,0,0.3798504605884303,Medium
CUST01479,NH,142,False,0,0,0.12010317253972287,Low
CUST01816,FL,85,False,0,0,0.08926926466449164,Low
CUST00621,ME,137,False,0,1,0.16403580553874825,Low
CUST01088,VT,72,False,0,1,0.05161635074994388,Low
CUST01783,MI,116,True,1,1,0.9587409263673632,High
CUST03066,DE,81,False,0,0,0.24198520147252991,Low
CUST01671,WA,106,False,0,0,0.121314098925322,Low
CUST02704,MS,65,False,0,0,0.10587049219098939,Low
CUST02187,NH,97,False,0,0,0.10731051984156136,Low
CUST02718,SD,144,True,1,1,0.8861421500133393,High
CUST00580,MI,101,False,0,0,0.1130242903573323,Low
CUST03048,TX,120,False,0,1,0.060445698018259504,Low
CUST01636,LA,82,False,0,0,0.03877231422821811,Low
CUST00441,UT,61,False,0,1,0.102025998089471,Low
CUST02738,MA,35,False,0,0,0.14023312525257717,Low
CUST00103,MS,162,True,1,1,0.9746873858526145,High
CUST00503,MT,169,False,0,0,0.1518372426064179,Low
CUST01501,IN,68,True,1,1,0.9672400744857349,High
CUST02089,DC,73,False,0,0,0.08697756723842703,Low
CUST01639,MI,127,False,0,0,0.037743844185796606,Low
CUST01889,CA,95,False,0,0,0.02266787768729152,Low
CUST00005,AL,118,False,0,0,0.20221727270013315,Low
CUST00249,VA,16,False,0,0,0.13892621844498565,Low
CUST00180,MD,136,True,1,0,0.9670070671919209,High
CUST02611,SD,88,False,0,0,0.05508404480266221,Low
CUST00980,GA,58,False,0,1,0.28133651478802696,Low
CUST02696,NH,64,False,0,1,0.04584638713236389,Low
CUST02755,RI,115,False,0,1,0.09641869751669917,Low
CUST00021,NE,174,False,0,1,0.12031682362217193,Low
CUST01195,NY,92,False,0,0,0.5067551651345521,Medium
CUST02730,OR,77,False,0,1,0.496768138644165,Medium
CUST00017,FL,147,False,0,0,0.14539412126232498,Low
CUST01454,IA,1,False,0,0,0.06835204297525582,Low
CUST00388,MD,74,False,0,0,0.06319094729746859,Low
CUST02157,WY,145,False,0,0,0.09078053168417326,Low
CUST00073,WV,111,False,0,0,0.1466936302200371,Low
CUST01897,ND,118,False,0,1,0.2754524619017328,Low
CUST01443,WI,102,False,0,1,0.07626316204367567,Low
CUST03142,WY,146,False,0,1,0.05788738207745487,Low
CUST01170,MD,129,False,0,1,0.08321846294183459,Low
CUST00428,OR,98,False,0,1,0.13284367203555253,Low
CUST00797,OR,48,False,0,1,0.057575600638612376,Low
CUST02593,AK,177,True,1,0,0.9733630518697991,High
CUST00465,IN,113,True,1,0,0.9096023855720057,High
CUST02059,TN,120,False,0,0,0.1327570250738717,Low
CUST02236,WI,20,False,0,1,0.14998299879811358,Low
CUST00970,IA,86,False,0,1,0.10568190545225736,Low
CUST01258,SD,78,False,0,0,0.06593323254301928,Low
CUST00943,IN,100,False,0,0,0.08147831452885262,Low
CUST01171,OR,6,False,0,1,0.10602894201705088,Low
CUST01293,NJ,153,False,0,1,0.14650557889975016,Low
CUST00554,CO,108,False,0,0,0.11181336682063321,Low
CUST01744,KS,47,True,1,0,0.9736628225054856,High
CUST01635,NH,90,False,0,0,0.04793021622835787,Low
CUST00307,MO,95,True,1,0,0.9596759917333837,High
CUST00371,UT,90,False,0,0,0.405907402059479,Medium
CUST01552,KY,147,False,0,0,0.07753271084658847,Low
CUST01848,WV,59,False,0,0,0.08088122568706543,Low
CUST02330,AR,33,False,0,0,0.09457485229075276,Low
CUST00115,NV,113,False,0,1,0.029914212943174857,Low
CUST00964,LA,162,False,0,0,0.07549514770289824,Low
CUST00234,WI,94,False,0,0,0.10187157688792162,Low
CUST03300,PA,142,False,0,0,0.0961374079043135,Low
CUST02722,OK,89,True,1,0,0.979052847613944,High
CUST00295,OK,194,False,0,0,0.1336097019926396,Low
CUST00463,CO,90,False,0,0,0.04377048303605737,Low
CUST02273,IL,74,False,0,1,0.3350064443254363,Medium
CUST00976,NC,45,False,0,0,0.05421233251146501,Low
CUST01925,CT,40,False,0,0,0.21930662189646802,Low
CUST00800,FL,155,False,0,1,0.08149303505772645,Low
CUST02194,HI,101,False,0,1,0.04789937279043365,Low
CUST00829,UT,85,False,0,0,0.10515299554975989,Low
CUST03106,RI,63,False,0,0,0.12734876321321673,Low
CUST00764,AZ,73,False,0,0,0.06973108490922658,Low
CUST00792,NC,165,False,0,0,0.057998173186155,Low
CUST01589,TX,73,True,1,0,0.9640082730587127,High
CUST01519,NJ,72,False,0,0,0.0668695429850152,Low
CUST01725,UT,89,False,0,1,0.10854487948394949,Low
CUST02571,OH,68,True,1,1,0.9887273370265893,High
CUST02241,IA,79,False,0,0,0.057483880084889624,Low
CUST01729,FL,166,True,1,0,0.9734655207618559,High
CUST02328,MA,150,False,0,0,0.040170612060293355,Low
CUST00575,NJ,93,False,0,0,0.17622389076602762,Low
CUST01312,SD,138,False,0,1,0.09718443048240058,Low
CUST01838,CO,140,False,0,1,0.08990031783155769,Low
CUST03170,MT,101,False,0,0,0.1487352625053438,Low
CUST01553,RI,116,False,0,1,0.06654177310204164,Low
CUST00268,AL,86,True,1,1,0.9642882850107791,High
CUST03090,CA,111,True,1,0,0.9233347327109113,High
CUST01682,NY,40,False,0,0,0.28293656454475025,Low
CUST02139,NJ,88,True,1,1,0.9898390051130687,High
CUST02733,DE,148,False,0,0,0.09403272925915672,Low
CUST01406,NY,21,False,0,0,0.17309186609814084,Low
CUST02653,SD,163,False,0,0,0.12832351592047508,Low
CUST01537,AZ,113,True,1,1,0.5491197048511555,Medium
CUST00540,CO,63,False,0,0,0.10672168452251124,Low
CUST02985,CT,107,False,0,0,0.12888586238982405,Low
CUST00775,OR,161,False,0,0,0.1794878375197302,Low
CUST00237,DC,74,False,0,1,0.1210139743874884,Low
CUST01763,OH,132,False,0,0,0.09500453880408596,Low
CUST00991,IA,42,False,0,0,0.0733479819684604,Low
CUST03131,KY,38,False,0,1,0.057896689498300846,Low
CUST03314,KS,101,False,0,0,0.27963226415566356,Low
CUST02444,MI,147,False,0,1,0.11470052365331387,Low
CUST03264,CO,103,False,0,0,0.10117142202671106,Low
CUST02551,UT,110,False,0,0,0.12441795867042037,Low
CUST00308,KS,127,False,0,1,0.0628526730514763,Low
CUST02784,NY,39,False,0,1,0.09090142647440763,Low
CUST01339,MN,98,False,0,1,0.15076517979717052,Low
CUST00192,NV,53,False,0,0,0.10502730047813051,Low
CUST02420,ND,127,False,0,0,0.040793190747728865,Low
CUST00768,VT,85,False,0,0,0.113230668402783,Low
CUST00656,NH,88,False,0,1,0.09553345359630652,Low
CUST02225,NC,116,False,0,1,0.07048825651631631,Low
CUST02419,TX,169,True,1,1,0.954947362308225,High
CUST00927,WI,111,False,0,1,0.07642846421786746,Low
CUST01745,ND,160,False,0,0,0.07392478222935288,Low
CUST00169,MO,66,False,0,0,0.13917962845496282,Low
CUST00158,MT,94,False,0,0,0.10161086303659207,Low
CUST00936,FL,142,False,0,1,0.09082180246315552,Low
CUST01943,ID,92,True,1,0,0.8118326414750908,High
CUST01417,TN,130,False,0,0,0.0906581750914917,Low
CUST01148,HI,118,False,0,0,0.05317999352209601,Low
CUST01795,NC,109,False,0,1,0.1313407428976283,Low
CUST01263,NC,115,False,0,0,0.1501054969916626,Low
CUST00886,VT,99,False,0,1,0.07160289645625477,Low
CUST03213,TX,130,False,0,0,0.25284205452819386,Low
CUST00670,IL,129,False,0,1,0.045377991359162026,Low
CUST01656,MN,145,False,0,0,0.16581126477193223,Low
CUST00279,SC,64,False,0,0,0.08959137833454879,Low
CUST00891,NV,64,True,1,1,0.9602933101701422,High
CUST00129,VA,139,False,0,0,0.08695212935749402,Low
CUST02564,SD,30,False,0,0,0.3338418747885036,Medium
CUST02250,VA,107,False,0,1,0.1447748839630689,Low
CUST01674,CO,65,False,0,1,0.10949331060394256,Low
CUST02907,PA,122,False,0,0,0.12332111834685923,Low
CUST00404,NM,80,False,0,0,0.07362762782838446,Low
CUST02580,NC,104,False,0,1,0.12049830290978161,Low
CUST00342,MN,51,False,0,0,0.17665294727953124,Low
CUST02874,ND,12,False,0,1,0.10680355974960881,Low
CUST00831,MN,139,False,0,1,0.05589415532416451,Low
CUST00802,ND,182,False,0,1,0.12692678227960377,Low
CUST01055,AK,52,False,0,1,0.05976056420618372,Low
CUST00629,MN,96,False,0,0,0.08770909383562125,Low
CUST02432,NJ,75,False,0,0,0.025866320680321905,Low
CUST02798,CA,79,True,1,1,0.9488913771361783,High
CUST02387,AR,122,False,0,0,0.13802215695255374,Low
CUST01869,MO,83,False,0,1,0.08279533194632205,Low
CUST02957,ND,190,False,0,0,0.14014060026546915,Low
CUST02003,MD,79,False,0,0,0.05258082861410907,Low
CUST02126,NC,101,False,0,1,0.25331959384109654,Low
CUST02179,HI,101,False,0,1,0.3026829292787593,Medium
CUST02243,AR,109,True,1,1,0.9612789469650186,High
CUST00345,ME,163,False,0,0,0.09159586144607623,Low
CUST00030,GA,72,False,0,1,0.07270693401976588,Low
CUST00731,VA,143,False,0,0,0.10354430572394031,Low
CUST00604,WV,148,False,0,1,0.1192837625656711,Low
CUST01689,LA,150,True,1,1,0.9742394317593611,High
CUST02861,VT,101,False,0,1,0.5246180867692856,Medium
CUST03108,MS,29,True,1,1,0.9661123042118285,High
CUST02210,VA,21,False,0,0,0.1312123283068364,Low
CUST01722,SC,212,True,1,1,0.935367940064531,High
CUST01169,WI,78,False,0,0,0.1242772283479848,Low
CUST00373,ND,105,False,0,0,0.06382872937119495,Low
CUST02177,CT,162,False,0,0,0.09343734597604517,Low
CUST01842,NM,118,False,0,0,0.0899659980146326,Low
CUST00034,GA,98,False,0,1,0.11598585802288174,Low
CUST02023,VA,118,False,0,1,0.10919336044283683,Low
CUST02380,OR,99,True,1,1,0.9285865524317631,High
CUST02537,NC,122,False,0,1,0.08947419458278062,Low
CUST02133,OK,155,False,0,0,0.10531690071632743,Low
CUST00878,IA,152,False,0,0,0.08787483960730055,Low
CUST00596,UT,112,False,0,0,0.1361321353224479,Low
CUST00316,WI,85,False,0,0,0.10748720994808911,Low
CUST02350,NE,80,False,0,1,0.07518144004605626,Low
CUST02309,NH,105,False,0,0,0.06335371362273189,Low
CUST00926,GA,90,False,0,1,0.10932026994527512,Low
CUST02595,AR,113,True,1,1,0.9753556764911175,High
CUST02437,MD,90,False,0,0,0.17722368480579706,Low
CUST02207,ID,109,False,0,0,0.1305139779907151,Low
CUST02004,MS,76,False,0,0,0.05411363992104108,Low
CUST01847,NJ,59,False,0,0,0.19803338125278272,Low
CUST01008,SC,109,False,0,1,0.20835331768956408,Low
CUST00285,AK,59,False,0,1,0.25133011622957313,Low
CUST02039,CO,92,True,1,1,0.6803516826105822,High
CUST02274,MI,87,False,0,1,0.04369240781897704,Low
CUST03286,MT,34,False,0,1,0.09383858767508695,Low
CUST02260,NY,104,False,0,1,0.1390417697832693,Low
CUST02049,PA,141,False,0,0,0.11914552784397708,Low
CUST00457,MN,186,False,0,1,0.061217539315188925,Low
CUST01802,WY,78,False,0,0,0.09133199806432449,Low
CUST02433,ME,88,True,1,1,0.9685389240591746,High
CUST02327,DE,103,False,0,0,0.08691779739027433,Low
CUST02833,MO,107,False,0,0,0.05521573164601143,Low
CUST00552,MO,161,False,0,1,0.08665513587300401,Low
CUST01779,CT,90,False,0,0,0.0999691467667987,Low
CUST02626,DC,99,False,0,1,0.0769852929013017,Low
CUST03254,UT,201,False,0,0,0.10395928311042008,Low
CUST00506,MO,36,False,0,1,0.1255004392952155,Low
CUST02866,NJ,107,False,0,1,0.07600154904482649,Low
CUST00724,GA,50,False,0,0,0.09418844988282558,Low
CUST03276,IN,100,False,0,1,0.11560700841753745,Low
CUST02117,IA,89,False,0,0,0.03329347279099313,Low
CUST01471,DE,133,False,0,0,0.2600116744381769,Low
CUST01972,WY,177,False,0,0,0.05102181783015476,Low
CUST00841,HI,101,False,0,0,0.10142698188930493,Low
CUST01075,UT,162,False,0,0,0.11103900295547833,Low
CUST00153,WY,164,False,0,0,0.09111914309736527,Low
CUST00899,CO,157,False,0,0,0.10096430110355785,Low
CUST00624,HI,73,False,0,0,0.08448793301906092,Low
CUST02831,ND,167,False,0,1,0.16287644595501946,Low
CUST02840,FL,143,False,0,0,0.11600986332870593,Low
CUST00190,OH,63,False,0,0,0.13637433509820027,Low
CUST00059,NJ,138,False,0,1,0.1765012977743881,Low
CUST00219,PA,101,False,0,0,0.10259514619059809,Low
CUST02455,VA,90,False,0,1,0.16901042873500277,Low
CUST01351,FL,144,True,1,0,0.9706296377990534,High
CUST00264,IA,76,False,0,0,0.0985388026274581,Low
CUST02195,WV,51,False,0,0,0.06949579700194188,Low
CUST01127,IL,89,True,1,0,0.980547003202153,High
CUST02809,ND,123,False,0,0,0.09918645732838977,Low
CUST00492,VA,153,False,0,0,0.0378776936363976,Low
CUST02995,NJ,83,False,0,1,0.07554277081070815,Low
CUST03315,KS,127,False,0,0,0.08225284872960843,Low
CUST01177,GA,189,False,0,1,0.12234534902897108,Low
CUST01027,VA,87,False,0,0,0.12636856558290493,Low
CUST02689,CA,75,False,0,0,0.06030810759123981,Low
CUST01056,MD,73,False,0,0,0.11848479967896486,Low
CUST01932,WY,90,False,0,0,0.11501904748250025,Low
CUST03041,NE,21,False,0,0,0.34718549137509086,Medium
CUST00539,NE,189,False,0,1,0.05946209890454892,Low
CUST00607,MN,179,False,0,0,0.12043216333895743,Low
CUST01101,TX,98,False,0,0,0.060846269727845896,Low
CUST01284,ND,154,False,0,0,0.09843661203325445,Low
CUST02032,NJ,88,False,0,1,0.05728175972096795,Low
CUST01328,NV,76,True,1,0,0.978857968450815,High
CUST01498,WA,117,False,0,1,0.07388293679615347,Low
CUST02259,MS,38,False,0,1,0.10878854230769198,Low
CUST02518,MO,107,False,0,1,0.03481311012738398,Low
CUST00608,ID,77,False,0,0,0.1017780501162609,Low
CUST02815,WI,165,False,0,1,0.2958417103768347,Low
CUST02623,NJ,139,False,0,1,0.12146546478956846,Low
CUST00135,OK,146,False,0,0,0.09290621336042262,Low
CUST02447,MS,103,False,0,1,0.12812805515386716,Low
CUST00060,MN,162,False,0,0,0.06754680711396648,Low
CUST02490,MA,93,False,0,0,0.13548985528464846,Low
CUST02401,AZ,69,False,0,1,0.03355043883207821,Low
CUST01623,WI,105,False,0,1,0.09162236536192228,Low
CUST02347,MA,58,False,0,1,0.21016977395774833,Low
CUST02473,NY,204,False,0,1,0.21717770877541265,Low
CUST01879,AL,119,False,0,1,0.076690293510024,Low
CUST02604,IL,57,False,0,0,0.041165899924826575,Low
CUST02998,ME,105,False,0,1,0.06636172628331624,Low
CUST00350,MI,112,False,0,0,0.23711870427362666,Low
CUST00148,NY,67,False,0,1,0.04558226289883837,Low
CUST00421,MO,61,False,0,1,0.05875216892256011,Low
CUST01028,NY,137,False,0,1,0.12516785274786452,Low
CUST03318,WA,84,True,1,1,0.974624048607371,High
CUST00631,FL,84,False,0,0,0.10569072670522285,Low
CUST01084,VT,131,False,0,0,0.12440365837144325,Low
CUST01291,OH,29,False,0,1,0.035364261088771276,Low
CUST01832,VT,157,False,0,1,0.08344375506679964,Low
CUST00852,MN,158,False,0,0,0.1369675000700104,Low
CUST01721,IA,120,False,0,0,0.06642269637243352,Low
CUST02615,MN,115,False,0,0,0.11566498683957066,Low
CUST03149,RI,143,True,1,1,0.9381241956376941,High
CUST03019,OH,146,False,0,1,0.13809989779604293,Low
CUST01450,IL,70,False,0,1,0.22318466942710594,Low
CUST00330,IL,21,False,0,0,0.08463983607963714,Low
CUST03058,HI,86,False,0,0,0.03527068986488586,Low
CUST02277,AL,89,True,1,1,0.9530533321015616,High
CUST00898,LA,9,False,0,0,0.08708749042371779,Low
CUST01651,WI,162,False,0,1,0.08077585510010805,Low
CUST01324,MS,17,False,0,0,0.06054802210408078,Low
CUST02538,MI,52,False,0,0,0.14557991242339707,Low
CUST01999,DE,105,False,0,1,0.15404341477601954,Low
CUST00524,VA,34,False,0,0,0.0697659739405789,Low
CUST03325,CA,127,False,0,0,0.06530850307359665,Low
CUST00917,VT,50,False,0,0,0.3038426728789,Medium
CUST00416,NM,87,False,0,0,0.10949124645746557,Low
CUST00385,AZ,140,False,0,0,0.07802277839370825,Low
CUST01446,AR,89,False,0,0,0.06285138332549946,Low
CUST00559,MO,106,False,0,1,0.06950071973661942,Low
CUST02060,AR,94,False,0,0,0.09996163253264641,Low
CUST03167,TN,123,False,0,1,0.10988515245202787,Low
CUST01267,IN,87,False,0,0,0.12164670257559605,Low
CUST01969,NY,112,False,0,0,0.1062858290370321,Low
CUST00101,NV,130,False,0,1,0.06773729906881232,Low
CUST02171,MI,74,True,1,1,0.9753681548838018,High
CUST00383,UT,50,False,0,0,0.24389218267457694,Low
CUST01190,OH,65,False,0,1,0.1483793133698714,Low
CUST01408,OR,149,True,1,1,0.8876700477824894,High
CUST01875,NY,82,True,1,1,0.9693582500560247,High
CUST02706,KY,45,False,0,0,0.04659602649905281,Low
CUST01607,NY,104,False,0,0,0.06842796093356691,Low
CUST02024,AZ,62,False,0,0,0.08003160644074402,Low
CUST02648,SC,181,False,0,1,0.13295652331245633,Low
CUST00956,MS,126,False,0,0,0.1352697160698384,Low
CUST00723,IA,45,False,0,1,0.082428304612739,Low
CUST00708,MD,106,False,0,1,0.11980721664927506,Low
CUST02642,IN,58,False,0,1,0.056840177335591685,Low
CUST01095,NY,40,False,0,0,0.040915636865648794,Low
CUST01528,TN,102,False,0,0,0.0931209312713186,Low
CUST01474,MA,119,True,1,0,0.9736989101377808,High
CUST01980,NC,182,True,1,1,0.9637087715209529,High
CUST01574,MT,101,False,0,1,0.08825314579881127,Low
CUST01821,UT,32,False,0,0,0.09004069112078468,Low
CUST02345,CA,185,False,0,0,0.09488154822552268,Low
CUST02391,KS,84,True,1,1,0.9215588774114194,High
CUST01458,SC,77,True,1,1,0.9765964442461407,High
CUST00952,NE,154,False,0,1,0.1098079148032844,Low
CUST01249,SD,122,False,0,0,0.20863794461410567,Low
CUST00729,PA,52,False,0,0,0.10843909824637979,Low
CUST03209,KS,166,False,0,0,0.13788662048594802,Low
CUST00203,RI,107,False,0,0,0.0817154750596643,Low
CUST00826,KS,124,False,0,1,0.08442829663928672,Low
CUST03145,OH,95,False,0,0,0.06300066916868227,Low
CUST00123,RI,145,False,0,1,0.0792574095295017,Low
CUST00500,VT,97,False,0,0,0.13644002555071613,Low
CUST03116,AR,153,False,0,0,0.10617870638496983,Low
CUST00484,MI,53,False,0,1,0.19085290226905102,Low
CUST00788,NY,147,False,0,1,0.0922231579964571,Low
CUST00934,DC,123,False,0,1,0.10727256174131333,Low
CUST03322,AK,99,False,0,1,0.377657044051721,Medium
CUST01997,TN,123,False,0,0,0.12900042115110608,Low
CUST01243,NE,105,False,0,0,0.036201484906501144,Low
CUST02129,MN,84,False,0,0,0.115672339090694,Low
CUST00438,OK,121,False,0,1,0.11392803124234233,Low
CUST02533,AR,127,True,1,1,0.9770365126463548,High
CUST00042,IA,52,False,0,1,0.12769676769970456,Low
CUST01638,CT,97,False,0,0,0.18970082213175032,Low
CUST03144,MS,189,False,0,1,0.19017339276655665,Low
CUST00505,NJ,122,False,0,1,0.06189676477047908,Low
CUST02230,WI,137,False,0,0,0.1246304343473963,Low
CUST02902,FL,136,False,0,0,0.13002538572333497,Low
CUST00846,PA,124,False,0,0,0.08147458292990002,Low
CUST02355,AK,71,False,0,1,0.07628628383924116,Low
CUST01226,OH,107,False,0,1,0.04997329363858647,Low
CUST02229,NV,121,False,0,0,0.08652449193647904,Low
CUST03177,OR,165,False,0,0,0.09056724251157798,Low
CUST02973,MI,79,False,0,0,0.10045821656663552,Low
CUST00472,NH,114,False,0,0,0.07919784130578149,Low
CUST01828,WV,74,False,0,1,0.1494276406300001,Low
CUST01572,SC,114,False,0,1,0.08227879880993895,Low
CUST00605,NJ,74,False,0,1,0.21596983111665488,Low
CUST03140,MD,130,False,0,0,0.10715772204650215,Low
CUST00425,DC,100,False,0,0,0.2224169543978086,Low
CUST03241,AL,72,False,0,0,0.15819705976036497,Low
CUST01361,AZ,109,True,1,1,0.9839393685532343,High
CUST01380,MN,68,False,0,0,0.1589936125231638,Low
CUST00751,NC,122,False,0,1,0.0751248821903073,Low
CUST00483,WV,143,False,0,0,0.09309899521764929,Low
CUST00932,IN,154,False,0,1,0.12931798639500525,Low
CUST00194,SD,110,False,0,1,0.1030783488715804,Low
CUST00796,DE,64,False,0,0,0.03372191289933247,Low
CUST02735,NC,135,False,0,0,0.14161017155639685,Low
CUST01591,OR,33,False,0,0,0.18767464460573993,Low
CUST02607,NY,171,False,0,1,0.09443049035687988,Low
CUST02811,ME,176,False,0,1,0.13350423710333278,Low
CUST01503,VT,159,True,1,1,0.9667064839848345,High
CUST02646,NY,94,False,0,1,0.0948540767772595,Low
CUST00265,AZ,158,False,0,0,0.07337849805344185,Low
CUST01548,TX,52,True,1,1,0.9805072203427875,High
CUST03120,FL,103,False,0,0,0.13973681871820853,Low
CUST02743,NE,85,False,0,0,0.4212847697475282,Medium
CUST01373,WI,92,False,0,0,0.1419848194172454,Low
CUST01261,CT,89,False,0,0,0.10464338025545075,Low
CUST00086,AZ,95,False,0,1,0.17370893274095103,Low
CUST02477,NY,54,False,0,1,0.22488890700529296,Low
CUST03124,WI,153,True,1,0,0.6452392544806774,High
CUST02903,KY,107,False,0,0,0.07387572082153959,Low
CUST02040,CO,81,False,0,0,0.09089615878839899,Low
CUST00181,AL,106,False,0,0,0.05427880927051334,Low
CUST02826,TX,90,False,0,1,0.0892563392358644,Low
CUST00410,NE,73,False,0,1,0.04204655025118142,Low
CUST01488,NC,55,False,0,0,0.1265376196482776,Low
CUST01630,OH,164,False,0,1,0.06933879547609471,Low
CUST00475,ME,82,False,0,1,0.0652553258011278,Low
CUST01632,MT,121,False,0,0,0.06184427915212904,Low
CUST00507,CO,120,False,0,1,0.4345335085512325,Medium
CUST00985,TN,98,False,0,1,0.08250253518357799,Low
CUST00276,MN,101,False,0,0,0.17255458252739733,Low
CUST01524,HI,134,False,0,0,0.14409320505721174,Low
CUST01668,CT,45,False,0,0,0.08497134755434399,Low
CUST01362,AZ,100,False,0,1,0.07015023011899295,Low
CUST02128,CO,131,False,0,0,0.09468719564948427,Low
CUST02534,RI,33,False,0,1,0.09962164882515108,Low
CUST03171,ND,122,True,1,0,0.9160592151593486,High
CUST01438,SD,116,False,0,1,0.0755814110891275,Low
CUST00616,KS,103,False,0,1,0.14669173487328127,Low
CUST00400,WV,95,False,0,0,0.03685336288140892,Low
CUST00925,NH,13,False,0,1,0.23936379612588657,Low
CUST01966,PA,75,True,1,1,0.9618906718633944,High
CUST00032,AK,136,False,0,1,0.18577354947203806,Low
CUST00474,OK,92,False,0,1,0.055967577817831925,Low
CUST00102,AZ,85,False,0,0,0.12225699025760356,Low
CUST01774,OR,103,False,0,1,0.18802762355859617,Low
CUST00971,NE,91,False,0,0,0.03722980947866129,Low
CUST02946,LA,89,False,0,1,0.06943003578729383,Low
CUST00236,IN,166,False,0,0,0.11375316076690528,Low
CUST01371,HI,97,False,0,1,0.20116177811318273,Low
CUST02714,SC,78,False,0,0,0.17191129851254272,Low
CUST01764,LA,133,False,0,1,0.10340003398411989,Low
CUST01142,IN,101,False,0,1,0.1253929737709604,Low
CUST01145,UT,133,True,1,1,0.8817741532243051,High
CUST01923,VA,123,False,0,0,0.0738103034773104,Low
CUST00803,OH,102,False,0,0,0.09747018106208534,Low
CUST02226,RI,123,False,0,1,0.09464331546237353,Low
CUST01509,NY,61,False,0,1,0.04130291284281276,Low
CUST02028,MA,127,False,0,1,0.04114104402494509,Low
CUST00053,NC,38,False,0,1,0.05164000173146443,Low
CUST02918,NM,119,True,1,1,0.9675515554358182,High
CUST02343,NM,127,False,0,0,0.39472926222673793,Medium
CUST01431,MN,117,False,0,0,0.10957758907194444,Low
CUST01217,ME,99,False,0,1,0.16605529045415765,Low
CUST01485,WV,67,False,0,1,0.07683985840431147,Low
CUST00686,OH,123,False,0,0,0.11338732501607533,Low
CUST00413,AL,60,True,1,0,0.9796074074074074,High
CUST01147,CT,106,False,0,0,0.06991846344405911,Low
CUST01022,WA,171,True,1,0,0.9725263650378454,High
CUST02778,VT,80,False,0,0,0.12427333202863317,Low
CUST02856,KY,60,False,0,0,0.10387559900408375,Low
CUST02361,DC,136,False,0,0,0.10417509476467092,Low
CUST02063,KS,110,False,0,0,0.06706921014127482,Low
CUST03237,OH,162,False,0,1,0.1099682703897545,Low
CUST01440,NE,56,False,0,0,0.0982063409328478,Low
CUST01652,IN,140,False,0,0,0.11615307831566675,Low
CUST00499,DE,87,False,0,1,0.23957861979293063,Low
CUST01285,SC,138,False,0,0,0.09913040660450077,Low
CUST02076,GA,194,False,0,0,0.12134732085285488,Low
CUST00280,VA,141,False,0,1,0.1371318216829107,Low
CUST01800,NV,88,True,1,1,0.9506485412273595,High
CUST02087,OH,115,True,1,0,0.9763484100302159,High
CUST02759,NV,124,False,0,0,0.07300897039081343,Low
CUST02867,NJ,48,True,1,1,0.8744097028304896,High
CUST00725,MO,179,True,1,0,0.9897317592421447,High
CUST01998,ID,116,True,1,1,0.985122936504854,High
CUST03272,CO,130,True,1,1,0.9865277447803283,High
CUST03223,NM,81,False,0,1,0.12224718568419311,Low
CUST00887,VA,114,False,0,1,0.11771639521671634,Low
CUST00347,OR,49,False,0,1,0.1459732643128646,Low
CUST03275,SC,111,False,0,0,0.09450170057179566,Low
CUST01743,AL,132,False,0,0,0.11029438366841186,Low
CUST02403,CO,71,False,0,0,0.19509750420822342,Low
CUST02485,AL,181,False,0,0,0.11146034648503925,Low
CUST01039,WI,51,False,0,0,0.14282343489707425,Low
CUST00254,RI,119,False,0,1,0.08218463438668236,Low
CUST00154,WA,51,False,0,0,0.18079911738066623,Low
CUST02220,SC,107,False,0,0,0.08297354318588214,Low
CUST00812,AL,67,False,0,1,0.06920554620338533,Low
CUST03147,IN,141,False,0,0,0.12260772932767573,Low
CUST00493,KS,110,True,1,0,0.9909856888008484,High
CUST00563,AK,127,False,0,0,0.0991028890147186,Low
CUST00070,GA,70,False,0,0,0.07734688901315388,Low
CUST02054,MD,102,False,0,0,0.16628432460603473,Low
CUST01463,PA,119,True,1,1,0.9531436611956172,High
CUST00857,NJ,113,False,0,1,0.1202917266942033,Low
CUST00431,TX,128,False,0,0,0.15301460777737938,Low
CUST02528,WA,60,True,1,0,0.9669701757989791,High
CUST00260,OR,148,False,0,0,0.09954369148418594,Low
CUST01387,VT,63,False,0,1,0.10003249540228644,Low
CUST02505,MO,83,False,0,0,0.07555268857294668,Low
CUST01252,UT,100,False,0,0,0.1562356188057824,Low
CUST01931,MT,130,False,0,1,0.11083456697555139,Low
CUST02020,VT,43,False,0,0,0.09770380996692078,Low
CUST03268,DC,70,False,0,0,0.09230438260352342,Low
CUST00066,MD,70,False,0,0,0.05459410787130823,Low
CUST02074,ME,57,False,0,1,0.042238791938269155,Low
CUST01308,OK,91,False,0,0,0.07732824408536408,Low
CUST01737,ND,166,False,0,1,0.07572475354414782,Low
CUST01851,MO,136,False,0,1,0.1406755981397113,Low
CUST02263,AK,52,False,0,1,0.021879999958792872,Low
CUST02410,MO,110,False,0,0,0.07279685650082074,Low
CUST02677,HI,85,False,0,0,0.12110192018783893,Low
CUST02279,MS,130,False,0,0,0.06629912260457745,Low
CUST01160,RI,123,False,0,0,0.051778894830854384,Low
CUST01693,WY,111,False,0,1,0.2157684835605465,Low
CUST01194,MN,142,False,0,1,0.10708337020734278,Low
CUST01809,FL,113,False,0,1,0.09230369358356247,Low
CUST02885,OR,161,False,0,0,0.06459742450515464,Low
CUST03230,TN,148,False,0,0,0.09165632079219244,Low
CUST01357,SC,102,False,0,1,0.3619763865876246,Medium
CUST02862,AK,132,False,0,1,0.11615460987385279,Low
CUST00412,DE,30,False,0,0,0.04777247447226445,Low
CUST00655,CO,121,True,1,1,0.9846393693407659,High
CUST03146,AK,1,False,0,0,0.10002580907650412,Low
CUST00014,VT,93,False,0,1,0.06504816041384254,Low
CUST00489,OR,151,False,0,1,0.41817564235381377,Medium
CUST01985,FL,119,False,0,1,0.05657161226838418,Low
CUST01205,NM,103,False,0,1,0.14835806896036766,Low
CUST01433,NH,115,False,0,1,0.12580863048860727,Low
CUST01746,OK,180,False,0,1,0.14514085329261378,Low
CUST02645,VT,100,False,0,1,0.2535977192236035,Low
CUST02305,FL,153,False,0,0,0.16638428810901545,Low
CUST02095,MD,106,False,0,1,0.04526016334971173,Low
CUST00144,AR,116,False,0,1,0.08198114347807321,Low
CUST01860,UT,4,False,0,0,0.15312614408156816,Low
CUST02562,ID,77,False,0,1,0.05257527323961176,Low
CUST00743,MD,86,False,0,1,0.24443074124647748,Low
CUST02692,NE,117,False,0,0,0.09607935368551393,Low
CUST02449,MD,141,False,0,0,0.10492275654557863,Low
CUST01629,SD,103,False,0,1,0.11331357602269321,Low
CUST00693,FL,129,False,0,0,0.2611610176340088,Low
CUST00889,AL,100,False,0,0,0.01981971422301471,Low
CUST01523,GA,71,False,0,1,0.20075507589200206,Low
CUST02523,DE,95,False,0,1,0.05253524931238568,Low
CUST01642,MD,90,False,0,1,0.06611756793452561,Low
CUST03017,MA,34,True,1,1,0.9766807326507903,High
CUST02079,OK,116,False,0,1,0.0653804940023513,Low
CUST00199,IN,36,False,0,0,0.24936623269842378,Low
CUST03002,KY,112,False,0,0,0.10996387751214719,Low
CUST02434,TX,112,False,0,1,0.10908743208043187,Low
CUST00470,AR,110,False,0,0,0.11075281807119777,Low
CUST02690,WA,127,False,0,0,0.11536306701624804,Low
CUST00704,MN,103,False,0,0,0.050267281765470975,Low
CUST02176,VT,152,False,0,0,0.049029343417502,Low
CUST00574,NM,85,False,0,1,0.08493949047963482,Low
CUST03095,TX,126,False,0,0,0.08065771092542644,Low
CUST01001,NY,163,True,1,0,0.9464763634004911,High
CUST02459,WA,62,False,0,0,0.10114971775344489,Low
CUST02769,NJ,95,False,0,0,0.06178603444265116,Low
CUST00399,AL,144,False,0,1,0.1836129120955483,Low
CUST01034,MT,10,False,0,1,0.11162733887579951,Low
CUST02591,SD,87,False,0,1,0.05110232049960304,Low
CUST02854,VT,73,False,0,0,0.07664858710028631,Low
CUST03056,SD,91,True,1,0,0.7187527540703542,High
CUST00380,IL,149,False,0,0,0.08579707234867043,Low
CUST01435,KY,89,False,0,0,0.04953183412955383,Low
CUST00654,ME,120,False,0,1,0.09044354029360477,Low
CUST01599,ID,86,False,0,1,0.09430846481807428,Low
CUST01215,WY,127,True,1,1,0.9826391014479796,High
CUST01579,VA,150,False,0,0,0.10004466340857046,Low
CUST01483,IN,69,False,0,0,0.08552853342466006,Low
CUST01104,NE,70,False,0,0,0.09696633839620576,Low
CUST02823,MS,86,False,0,1,0.03976041707086368,Low
CUST02512,AL,16,False,0,1,0.0838857359237788,Low
CUST01078,VT,129,False,0,1,0.20254998175328465,Low
CUST00547,IA,98,False,0,0,0.1533069247619009,Low
CUST02781,OK,101,True,1,1,0.963562056555371,High
CUST01186,NH,50,False,0,0,0.13769462152436154,Low
CUST01819,IN,88,False,0,0,0.2782829791485932,Low
CUST00931,MD,172,True,1,1,0.9683350786696252,High
CUST01099,MD,140,False,0,1,0.2193751018310036,Low
CUST02029,IL,151,False,0,0,0.16563268446157176,Low
CUST01945,TX,139,True,1,0,0.9869261304516759,High
CUST00077,AR,80,False,0,0,0.13155965680014328,Low
CUST02919,MO,86,False,0,0,0.1489528933432478,Low
CUST01161,FL,41,False,0,0,0.06851250171517682,Low
CUST00376,MD,112,False,0,0,0.10606809819912805,Low
CUST01256,UT,91,False,0,0,0.040040266773890915,Low
CUST02370,KY,56,False,0,0,0.12110629840844146,Low
CUST03227,WY,134,True,1,0,0.9749704277266881,High
CUST02762,AL,55,True,1,0,0.9587415396501318,High
CUST01023,VA,10,False,0,0,0.09192495890715349,Low
CUST02082,NJ,96,False,0,1,0.12153110965309452,Low
CUST00015,VA,76,False,0,0,0.07565715668098201,Low
CUST01865,MT,42,False,0,1,0.0497978575167994,Low
CUST02828,TN,33,False,0,0,0.09286674216667454,Low
CUST01654,ID,73,False,0,1,0.03753843230107303,Low
CUST00808,HI,115,False,0,1,0.1355599415521161,Low
CUST03059,KY,131,False,0,0,0.14269718893876718,Low
CUST01035,NE,89,False,0,1,0.14902394730235943,Low
CUST00328,OH,73,False,0,1,0.2324823378904898,Low
CUST03029,MN,85,False,0,1,0.27989316378734763,Low
CUST01448,OH,93,False,0,1,0.29924727024852826,Low
CUST02262,MA,13,False,0,1,0.1630669290612393,Low
CUST01416,OH,72,False,0,0,0.0929221838647103,Low
CUST00358,FL,99,False,0,0,0.06946608079253508,Low
CUST00538,TX,75,True,1,0,0.9284524132468323,High
CUST00467,NM,104,False,0,0,0.08019444003043756,Low
CUST02047,WA,120,False,0,0,0.12203385604403644,Low
CUST02763,RI,129,False,0,1,0.13733281797340877,Low
CUST00305,DC,138,False,0,1,0.06897838960341046,Low
CUST02934,PA,101,False,0,0,0.16278660058165723,Low
CUST00198,NV,137,True,1,1,0.9534427173902644,High
CUST03249,ID,113,False,0,0,0.06443245608907733,Low
CUST02268,NH,146,False,0,0,0.09610058578915101,Low
CUST01921,NJ,53,True,1,1,0.9455747313625392,High
CUST01521,NM,67,False,0,0,0.13280795355835195,Low
CUST00861,AL,131,False,0,0,0.1462389125385769,Low
CUST03032,NJ,125,False,0,1,0.08971300779834536,Low
CUST00468,ME,165,False,0,0,0.10228870622691216,Low
CUST01826,AK,138,False,0,0,0.09565132861405404,Low
CUST00528,ND,147,False,0,0,0.13228517941002313,Low
CUST01346,NM,132,False,0,0,0.12191662141370814,Low
CUST00031,MA,78,False,0,0,0.11099622193937293,Low
CUST00157,KY,80,False,0,1,0.11837078147352145,Low
CUST01223,MT,48,False,0,1,0.09247603757068794,Low
CUST02740,OR,94,True,1,0,0.9429646540694651,High
CUST02488,GA,93,False,0,0,0.1408917406545132,Low
CUST03231,CT,134,False,0,0,0.08636948255845345,Low
CUST00929,SC,72,False,0,0,0.11193881594984872,Low
CUST00906,CT,99,False,0,0,0.11965020333403296,Low
CUST00187,IA,126,False,0,1,0.02690004368735418,Low
CUST02148,WV,145,False,0,1,0.0690754982611377,Low
CUST01584,CO,89,False,0,0,0.14712172032394155,Low
CUST01776,CT,112,False,0,1,0.16159038320932098,Low
CUST02711,MI,86,False,0,0,0.08496710833652107,Low
CUST02000,VA,80,False,0,0,0.10812086039243753,Low
CUST00658,GA,27,False,0,0,0.0977733894486005,Low
CUST03288,IL,123,False,0,1,0.08922411244293689,Low
CUST01208,ID,42,False,0,0,0.09744232245917457,Low
CUST02502,WV,102,False,0,1,0.1812767620469933,Low
CUST02676,MN,74,False,0,1,0.051619072544316275,Low
CUST01255,WI,120,False,0,0,0.06846548939344851,Low
CUST02367,KS,137,False,0,0,0.05587102005087244,Low
CUST00958,KS,131,False,0,1,0.11487697041123221,Low
CUST03229,PA,85,False,0,0,0.10481923847153907,Low
CUST03111,VA,121,False,0,1,0.14464451181406518,Low
CUST03045,OR,117,False,0,0,0.070233307981318,Low
CUST02669,SC,111,False,0,1,0.07034860957796842,Low
CUST02543,ID,78,True,1,1,0.9767754664128552,High
CUST01575,WI,70,False,0,0,0.07980996105812156,Low
CUST02015,IL,101,False,0,0,0.14370979301933454,Low
CUST02625,UT,100,False,0,0,0.06212933991408733,Low
CUST01213,DE,138,True,1,1,0.9711305439148368,High
CUST03123,MT,102,True,1,1,0.9583156180965997,High
CUST02773,NC,26,False,0,1,0.15322503255367143,Low
CUST02940,AZ,157,False,0,1,0.24357596010730287,Low
CUST00448,RI,53,False,0,0,0.06139112882531368,Low
CUST00164,MN,53,False,0,1,0.11824184612151335,Low
CUST01702,CT,146,False,0,1,0.06620207877515029,Low
CUST03031,KS,120,False,0,0,0.11260936729855608,Low
CUST01125,WV,48,False,0,0,0.056840195778555674,Low
CUST02130,WY,104,False,0,1,0.0790500926987193,Low
CUST00618,SD,85,False,0,0,0.12668286032496398,Low
CUST01062,WA,55,True,1,0,0.9778460936495417,High
CUST02042,NC,122,False,0,1,0.0657200380735693,Low
CUST02294,IN,156,False,0,0,0.1555752963130505,Low
CUST01162,OH,75,False,0,0,0.0494788127377557,Low
CUST00437,CT,31,False,0,0,0.09007661574883744,Low
CUST00088,UT,157,False,0,1,0.10902758280170072,Low
CUST00294,OH,39,False,0,0,0.09199738460728417,Low
CUST02839,NM,153,False,0,0,0.08885269820217225,Low
CUST00482,MA,62,True,1,0,0.9839094209290358,High
CUST02224,TN,88,False,0,0,0.1309568479953973,Low
CUST00582,NE,66,False,0,0,0.09450974913912204,Low
CUST02366,GA,117,True,1,0,0.9870779425145471,High
CUST02917,WA,29,False,0,0,0.07629906222527857,Low
CUST00152,NY,106,False,0,0,0.08038025836008357,Low
CUST03024,NJ,106,False,0,0,0.14357436922336173,Low
CUST00901,ID,31,False,0,0,0.060748357640442514,Low
CUST02654,OK,52,False,0,1,0.08729047459709761,Low
CUST01158,DE,67,True,1,0,0.9905908293276042,High
CUST01271,WV,54,False,0,1,0.062476663365903636,Low
CUST01053,WA,90,True,1,1,0.9937080385790615,High
CUST00222,WY,139,False,0,1,0.11663910957239489,Low
CUST01350,OR,140,True,1,1,0.9603223969927752,High
CUST02237,CA,112,False,0,0,0.19296970530200458,Low
CUST00801,NY,11,False,0,1,0.08530047448898173,Low
CUST03100,NE,112,False,0,0,0.14352444029261113,Low
CUST00785,SC,38,False,0,0,0.06901590534216444,Low
CUST00680,MO,45,False,0,0,0.0488900113954364,Low
CUST01957,SC,1,False,0,0,0.05892219899128372,Low
CUST02407,WA,177,True,1,1,0.9801262986715349,High
CUST02644,IA,45,False,0,0,0.08004819369918828,Low
CUST01235,MN,52,False,0,1,0.09246086504639334,Low
CUST00147,AK,126,True,1,1,0.9730829460937594,High
CUST00954,ND,94,False,0,0,0.09826932265022535,Low
CUST00317,MS,150,False,0,1,0.10177157456626353,Low
CUST00241,IA,158,False,0,0,0.13976214991397765,Low
CUST00336,OR,76,False,0,0,0.10738066978362447,Low
CUST02675,WI,68,False,0,1,0.07187118874252021,Low
CUST01778,TX,98,True,1,0,0.8796996602464945,High
CUST00916,MS,66,False,0,1,0.048134456382831294,Low
CUST00000,KS,128,False,0,0,0.041857964588390285,Low
CUST01272,CT,95,False,0,0,0.10677274502406466,Low
CUST00292,SC,90,False,0,0,0.06324420107727005,Low
CUST02970,VA,86,False,0,1,0.08561714753746004,Low
CUST00210,TX,114,False,0,0,0.13025678419288814,Low
CUST02088,AL,25,True,1,0,0.9818826496912254,High
CUST02983,NJ,197,False,0,1,0.11492877419791869,Low
CUST03326,IN,114,False,0,0,0.050316563556465965,Low
CUST02699,MI,127,False,0,1,0.1189745807964684,Low
CUST01620,TX,136,True,1,0,0.9791314080573321,High
CUST00622,NV,69,True,1,0,0.9876453117975494,High
CUST00609,MA,127,True,1,0,0.9644977208531553,High
CUST02671,AK,36,False,0,0,0.06390114788817461,Low
CUST01200,NH,174,False,0,1,0.066526255686626,Low
CUST00791,ND,59,False,0,0,0.0904998005125959,Low
CUST02393,OH,87,False,0,1,0.18016875122803566,Low
CUST01934,IN,57,False,0,1,0.09670587045940568,Low
CUST02389,UT,83,False,0,0,0.12253587141271259,Low
CUST01857,OK,93,False,0,0,0.06238563322297901,Low
CUST01024,CO,88,False,0,1,0.23915420744115112,Low
CUST02678,MN,46,False,0,1,0.06770572599055462,Low
CUST02056,VT,67,False,0,1,0.40242431506321935,Medium
CUST00568,OR,129,False,0,0,0.06377445942147314,Low
CUST03220,WV,104,False,0,0,0.1696386033680643,Low
CUST02151,MS,65,True,1,0,0.9793010811301973,High
CUST00334,OR,25,False,0,1,0.06845527057759586,Low
CUST00221,AL,49,False,0,1,0.06564552523673965,Low
CUST03174,TN,196,False,0,0,0.1313536769091744,Low
CUST00766,NM,122,True,1,0,0.7616338390040568,High
CUST02284,IN,189,False,0,0,0.07826800512634981,Low
CUST01678,AK,110,False,0,0,0.07966421025264213,Low
CUST03079,ME,41,False,0,0,0.023589447841675205,Low
CUST01899,KY,71,False,0,0,0.05777994606423454,Low
CUST03074,ND,124,False,0,1,0.09230136241749393,Low
CUST02357,KS,68,False,0,1,0.11514525757512561,Low
CUST00360,MO,135,False,0,0,0.22969959916899996,Low
CUST00113,FL,91,False,0,1,0.11008395719749259,Low
CUST00312,IN,117,False,0,0,0.14961487209502067,Low
CUST00003,OH,84,False,0,1,0.2598680424408699,Low
CUST00749,OR,132,False,0,0,0.106453817353996,Low
CUST02096,AR,145,True,1,0,0.9333634547031717,High
CUST01138,GA,160,False,0,0,0.12497116168304309,Low
CUST00239,ME,113,False,0,1,0.23924119939910832,Low
CUST02837,NE,123,False,0,0,0.1206447059930758,Low
CUST01508,WA,174,True,1,1,0.9715555770851951,High
CUST00100,MS,193,False,0,0,0.05998231470224967,Low
CUST02205,TX,90,True,1,0,0.977359248105709,High
CUST02744,AZ,117,False,0,0,0.28869026253889923,Low
CUST02031,TN,106,False,0,1,0.1503790445996646,Low
CUST00396,MD,18,False,0,0,0.16934732748914727,Low
CUST01993,CO,66,False,0,0,0.04910707149558092,Low
CUST01116,NM,65,False,0,1,0.05569021640361407,Low
CUST02827,LA,108,False,0,1,0.06991456003642457,Low
CUST01667,ND,48,False,0,1,0.06726842506873805,Low
CUST00502,TX,140,False,0,0,0.10828729573253108,Low
CUST00510,DE,106,False,0,0,0.10717052068344848,Low
CUST00245,RI,112,False,0,0,0.13231959366052426,Low
CUST00364,GA,75,False,0,0,0.041774298512410046,Low
CUST02448,CA,82,False,0,0,0.10577009810491107,Low
CUST02710,NM,119,False,0,1,0.09493859738095177,Low
CUST01426,NJ,147,False,0,1,0.15868253968253968,Low
CUST00544,NE,82,False,0,1,0.18241404885410273,Low
CUST01358,NE,99,False,0,1,0.13647477145334985,Low
CUST02890,WY,53,False,0,0,0.04471028904514096,Low
CUST00689,MA,160,False,0,0,0.10445638449415844,Low
CUST00168,WA,157,False,0,0,0.11815223499069898,Low
CUST01846,OR,69,False,0,0,0.13213109946339072,Low
CUST03040,KY,125,False,0,1,0.11300204293068211,Low
CUST01032,WA,110,False,0,1,0.026997984270957717,Low
CUST00138,DC,148,False,0,0,0.12231796585689887,Low
CUST02186,DC,144,False,0,0,0.11421231394742398,Low
CUST02715,NC,155,False,0,1,0.31771288579711554,Medium
CUST02185,NE,124,False,0,0,0.17779378766993298,Low
CUST01425,SD,93,False,0,1,0.13840990082615653,Low
CUST01073,OK,117,False,0,1,0.12108063900612485,Low
CUST00920,NV,143,False,0,0,0.09658668587334956,Low
CUST02287,NJ,108,False,0,0,0.06898283422784658,Low
CUST01741,NY,70,False,0,0,0.127880260780586,Low
CUST01849,OR,190,False,0,0,0.06011872772892974,Low
CUST00314,KS,137,False,0,1,0.22785611326953942,Low
CUST00096,MO,112,False,0,1,0.10832455518596644,Low
CUST02932,TX,64,False,0,1,0.09361040146487433,Low
CUST01187,WV,86,False,0,1,0.10946368195992683,Low
CUST00848,MN,75,False,0,0,0.13661263351030978,Low
CUST02097,IL,91,False,0,1,0.0440532905195127,Low
CUST00326,ID,74,False,0,0,0.08552239528082069,Low
CUST00381,WV,72,True,1,1,0.968521165876163,High
CUST01981,HI,134,False,0,0,0.058579303650577313,Low
CUST02005,OH,94,False,0,0,0.09540774729717033,Low
CUST02200,NJ,156,False,0,0,0.10960151742493801,Low
CUST01829,CT,48,False,0,1,0.05353641989039461,Low
CUST03263,OH,32,False,0,0,0.06762971972562432,Low
CUST01935,CO,128,False,0,1,0.17437341983322177,Low
CUST00865,ID,106,False,0,0,0.4358404026468649,Medium
CUST00601,FL,120,False,0,0,0.05856290907027109,Low
CUST02360,DC,24,True,1,1,0.6483735807886655,High
CUST00273,WA,55,False,0,1,0.09333705807076109,Low
CUST02458,MA,122,False,0,1,0.06786034823168277,Low
CUST02830,MT,106,False,0,0,0.11924319530106278,Low
CUST00080,AK,104,False,0,0,0.17888994015281437,Low
CUST03210,NH,90,False,0,0,0.08176886716011744,Low
CUST02663,WV,68,False,0,1,0.09338672524879332,Low
CUST02282,WV,87,False,0,1,0.09268329821865674,Low
CUST01500,WI,147,True,1,0,0.9796101104817889,High
CUST03190,MN,125,True,1,0,0.9372735778676028,High
CUST01188,ID,96,False,0,0,0.11369927396482617,Low
CUST01482,AZ,43,False,0,0,0.11162960205196698,Low
CUST02257,SD,52,True,1,0,0.9822057062437969,High
CUST00973,TN,108,True,1,1,0.964083341806632,High
CUST01587,WY,160,False,0,0,0.1381664954725105,Low
CUST02457,CT,63,False,0,0,0.04429097658255096,Low
CUST01330,WA,83,False,0,1,0.06214796450071278,Low
CUST03301,ID,105,False,0,0,0.29040939933433524,Low
CUST03217,NM,178,False,0,1,0.06754628354263088,Low
CUST02749,TX,70,False,0,0,0.11234790426235032,Low
CUST00951,NJ,153,False,0,0,0.09759964728741669,Low
CUST01852,TX,86,False,0,0,0.09260926751658748,Low
CUST01333,OK,82,True,1,0,0.9705692050549933,High
CUST00444,NJ,123,False,0,0,0.17117373733413963,Low
CUST01913,OH,114,False,0,1,0.06065925566733555,Low
CUST02022,KY,108,False,0,1,0.09948854270834447,Low
CUST00035,MD,135,True,1,0,0.9949074074074075,High
CUST02289,SD,116,False,0,0,0.10993710908804152,Low
CUST01370,TX,70,True,1,0,0.9316975268020287,High
CUST01002,KS,87,False,0,1,0.14849035578382805,Low
CUST00179,FL,120,False,0,1,0.07277858318509094,Low
CUST03178,TN,115,False,0,0,0.09575149321506263,Low
CUST01543,WA,107,False,0,0,0.16207191587123976,Low
CUST00379,NV,78,False,0,1,0.10398523208633038,Low
CUST01045,AZ,137,False,0,1,0.0722217787040634,Low
CUST02785,NM,30,False,0,0,0.16471080274685235,Low
CUST02153,IL,67,False,0,0,0.14738120272116698,Low
CUST02046,SC,19,True,1,0,0.9762062609395167,High
CUST00290,NM,122,False,0,1,0.0582269173858709,Low
CUST02560,CT,87,True,1,0,0.7524508502495604,High
CUST01067,TX,50,False,0,1,0.09178420190920193,Low
CUST00301,NM,56,False,0,1,0.10546104266990763,Low
CUST01445,VA,102,False,0,1,0.0908215943819369,Low
CUST01687,CT,102,False,0,1,0.05717644943332923,Low
CUST01064,WA,136,False,0,0,0.07990597824738889,Low
CUST02820,WV,115,True,1,0,0.9863318924170232,High
CUST01556,DE,63,False,0,1,0.0693916162633177,Low
CUST03077,MT,124,False,0,1,0.09131632535780808,Low
CUST00960,NV,180,False,0,1,0.11723102823247061,Low
CUST02213,PA,61,True,1,1,0.7762183203080367,High
CUST03302,DC,93,False,0,0,0.055705774653845304,Low
CUST02630,TN,39,False,0,0,0.02413972683285743,Low
CUST00255,ID,173,False,0,1,0.11509795878298743,Low
CUST00363,NM,55,False,0,1,0.233433773601635,Low
CUST00784,NV,178,False,0,0,0.3340483063841196,Medium
CUST00136,DE,92,False,0,1,0.06370392198019881,Low
CUST02174,AL,136,False,0,0,0.12770783190195287,Low
CUST01102,AZ,104,False,0,1,0.4450468547176055,Medium
CUST02084,MI,53,False,0,1,0.048778851444729446,Low
CUST01775,UT,71,True,1,0,0.9658579895638235,High
CUST02348,UT,108,False,0,0,0.09578178527264675,Low
CUST01153,CO,37,False,0,1,0.07220049396902392,Low
CUST01563,VA,103,False,0,1,0.41473039966193675,Medium
CUST03103,NE,61,True,1,0,0.9756130364891454,High
CUST00806,GA,132,False,0,1,0.17489124132781517,Low
CUST01983,LA,163,False,0,0,0.0841930753004949,Low
CUST02479,AK,100,False,0,0,0.14833659154442827,Low
CUST01644,NJ,113,False,0,0,0.08830730824738137,Low
CUST01686,ID,114,False,0,1,0.07604342204459597,Low
CUST02720,MN,81,False,0,1,0.12279921944991117,Low
CUST02679,VT,128,False,0,0,0.03303684051112834,Low
CUST02258,HI,3,False,0,1,0.36953665128716645,Medium
CUST01241,WV,80,False,0,1,0.07127250604845349,Low
CUST01514,CO,118,False,0,1,0.18217189863886676,Low
CUST00842,WY,185,False,0,1,0.19495028706064274,Low
CUST03080,SC,159,False,0,1,0.0674358388189066,Low
CUST00549,RI,94,False,0,0,0.04360018532577426,Low
CUST02182,MI,132,True,1,0,0.9687969626325235,High
CUST01892,CT,22,False,0,0,0.10958880331001049,Low
CUST02255,MN,30,False,0,0,0.0865799108577077,Low
CUST02930,AZ,163,False,0,1,0.33097762713289824,Medium
CUST01906,VA,112,False,0,0,0.0540652736062317,Low
CUST02460,SC,78,False,0,1,0.05677130064103286,Low
CUST00240,MD,67,False,0,1,0.06781672213954365,Low
CUST01469,CO,86,False,0,0,0.06778531587450838,Low
CUST01236,DE,79,False,0,1,0.07603390184365195,Low
CUST02474,MO,174,False,0,0,0.11717096644430028,Low
CUST02316,SC,1,False,0,0,0.12737471130238368,Low
CUST03181,NC,76,False,0,0,0.11836148938747228,Low
CUST01386,NY,181,True,1,0,0.9846542311091442,High
CUST03187,UT,138,False,0,0,0.11519197719480821,Low
CUST01777,AL,8,False,0,0,0.14023896456936594,Low
CUST01061,KY,71,False,0,1,0.021979315283538428,Low
CUST03057,OH,135,False,0,1,0.19611662481788725,Low
CUST00758,AL,91,False,0,1,0.03956698426746438,Low
CUST02198,MI,86,False,0,1,0.1148173848968077,Low
CUST01389,MO,80,False,0,0,0.1679064808991874,Low
CUST00089,MI,120,False,0,0,0.05108976302199182,Low
CUST01798,RI,117,False,0,0,0.04747594517705575,Low
CUST01854,FL,106,False,0,0,0.16524734819521605,Low
CUST01866,CT,135,False,0,0,0.18354615203065877,Low
CUST00738,HI,24,False,0,0,0.06415097616119177,Low
CUST00251,ID,128,False,0,0,0.09907214046127155,Low
CUST01643,VA,67,False,0,1,0.12007123340637019,Low
CUST00763,NY,9,False,0,0,0.07819423594480397,Low
CUST01558,RI,131,False,0,0,0.16351646985921992,Low
CUST01266,ND,82,False,0,1,0.05415354055072995,Low
CUST01867,AL,106,False,0,1,0.06892082333748387,Low
CUST01621,MS,121,False,0,0,0.095636140654513,Low
CUST02441,MN,57,True,1,1,0.9632472146931126,High
CUST00770,OH,137,False,0,0,0.06042608720093129,Low
CUST03240,NE,31,False,0,0,0.03579643093996735,Low
CUST00697,FL,130,False,0,0,0.08669838474387774,Low
CUST01759,NC,88,False,0,0,0.07291136843754545,Low
CUST01196,HI,70,False,0,0,0.07090625795639849,Low
CUST02686,CO,141,False,0,0,0.07430780438293866,Low
CUST00734,NC,43,False,0,0,0.11620961170795359,Low
CUST02093,OK,86,True,1,1,0.9710061251616477,High
CUST02078,NY,123,True,1,1,0.9745504753327374,High
CUST00641,WI,166,False,0,0,0.11948626332012269,Low
CUST00098,TX,41,False,0,0,0.0218099937024416,Low
CUST00250,MA,73,False,0,0,0.10165461432568096,Low
CUST01105,KY,126,False,0,0,0.09480805177157788,Low
CUST02145,RI,103,True,1,0,0.9852425962716121,High
CUST00922,MA,166,False,0,1,0.07808978626539027,Low
CUST02169,IL,138,False,0,0,0.4589987692129057,Medium
CUST00967,WI,91,False,0,0,0.14466163211892882,Low
CUST01937,OK,177,False,0,0,0.06224258035324718,Low
CUST02469,FL,102,False,0,0,0.1048639954984445,Low
CUST00372,NV,91,False,0,0,0.11770885739969686,Low
CUST02586,ME,100,True,1,1,0.9404757111839043,High
CUST02684,KY,95,False,0,0,0.097371694575259,Low
CUST00019,AZ,130,False,0,0,0.15552024883943885,Low
CUST00058,TX,150,True,1,1,0.9429366292444448,High
CUST02286,DE,112,False,0,1,0.170496223058775,Low
CUST03299,WA,152,False,0,0,0.07847911848898195,Low
CUST02183,ME,193,False,0,0,0.12282840310362118,Low
CUST02050,VT,72,False,0,1,0.11427825435705037,Low
CUST00048,CO,121,True,1,1,0.852234003759614,High
CUST02539,WI,91,False,0,0,0.07645623699398478,Low
CUST01989,MD,83,False,0,0,0.05465493943257389,Low
CUST02102,MI,48,False,0,0,0.05327908343089888,Low
CUST00486,RI,129,False,0,0,0.0756245837507873,Low
CUST01732,NY,99,False,0,0,0.0920274418280529,Low
CUST01810,VT,75,False,0,0,0.13303252110938427,Low
CUST01593,NY,119,False,0,0,0.10004209839753653,Low
CUST01861,IL,148,False,0,1,0.0879845918753319,Low
CUST01185,MT,114,False,0,0,0.07134217343562946,Low
CUST02589,MI,142,False,0,0,0.11095824683213447,Low
CUST02761,IN,78,False,0,0,0.14927233098353773,Low
CUST03161,OR,138,True,1,1,0.9871299772085622,High
CUST00261,VA,129,False,0,1,0.06410628590599926,Low
CUST01559,MS,158,False,0,0,0.07983218180241958,Low
CUST03062,VT,195,False,0,0,0.08221141060193606,Low
CUST01470,NM,107,True,1,0,0.8248524105160437,High
CUST02879,DC,148,False,0,0,0.12497023571855696,Low
CUST01374,CO,119,False,0,0,0.09856753203947553,Low
CUST03208,MD,119,True,1,1,0.850704603517639,High
CUST00044,UT,96,False,0,1,0.130767412004676,Low
CUST03251,SC,149,False,0,0,0.0699006261868782,Low
CUST02426,WV,101,False,0,1,0.16955441585746045,Low
CUST00511,VA,74,False,0,0,0.10053480439726022,Low
CUST00346,NH,67,False,0,0,0.1324348052022207,Low
CUST01609,OK,87,False,0,0,0.08021459014110516,Low
CUST01676,MA,71,True,1,1,0.9852518310890371,High
CUST00247,MN,62,True,1,0,0.9115193002545697,High
CUST02748,MI,81,False,0,1,0.07182522973048518,Low
CUST02484,MN,91,False,0,0,0.11410635790787892,Low
CUST02979,SC,64,False,0,1,0.17849246335344005,Low
CUST01231,MI,225,True,1,0,0.7098492273735946,High
CUST01909,WY,90,False,0,0,0.10078905277247341,Low
CUST02427,NV,129,False,0,0,0.13276570916720432,Low
CUST03143,WV,152,True,1,0,0.9861269957983194,High
CUST00481,MI,102,False,0,1,0.21059641887238414,Low
CUST00075,NJ,128,True,1,0,0.9228752936271644,High
CUST02227,VA,146,False,0,0,0.15349980959770013,Low
CUST02336,DE,97,False,0,1,0.16385249644900435,Low
CUST02105,SD,64,False,0,1,0.08477560362981391,Low
CUST02386,WV,80,False,0,0,0.06738978041339244,Low
CUST02101,KY,73,False,0,1,0.298961792977692,Low
CUST02900,MO,55,False,0,0,0.06613565109644134,Low
CUST02971,NJ,127,False,0,0,0.09330110632824497,Low
CUST02404,KY,76,False,0,0,0.12321860929961505,Low
CUST01818,NC,210,False,0,1,0.1037839097652144,Low
CUST02161,CT,77,False,0,0,0.07238308740477974,Low
CUST00007,MO,147,False,0,0,0.1080300002858867,Low
CUST02683,MA,108,False,0,0,0.06537590591123124,Low
CUST01530,NY,142,False,0,0,0.09714199405812972,Low
CUST02121,MT,63,False,0,0,0.04805182065704677,Low
CUST01664,IA,75,False,0,0,0.04819918693170097,Low
CUST03016,OK,123,False,0,0,0.135308706907244,Low
CUST02507,GA,98,False,0,0,0.07235199460086704,Low
CUST02614,ID,82,True,1,1,0.975634287395783,High
CUST02961,NC,170,False,0,0,0.3266087621519773,Medium
CUST00918,UT,72,False,0,1,0.08356291387846246,Low
CUST02072,OR,97,False,0,0,0.12666468960511737,Low
CUST00804,AL,122,False,0,0,0.28666646953092134,Low
CUST01037,WI,101,False,0,1,0.17041711896998513,Low
CUST03128,CO,90,False,0,0,0.09243034121723866,Low
CUST01314,VA,136,False,0,1,0.08375172618733785,Low
CUST01712,VA,92,True,1,1,0.9416590838856099,High
CUST00732,RI,65,False,0,0,0.11772138447811833,Low
CUST01464,MO,85,True,1,1,0.9598772660514063,High
CUST02246,WA,47,False,0,1,0.04345973756623198,Low
CUST01033,NH,124,False,0,1,0.10793128502998986,Low
CUST02416,MA,132,False,0,1,0.03974801364261412,Low
CUST02034,NJ,57,True,1,0,0.9727884757971873,High
CUST01295,WI,133,False,0,1,0.08466258346646141,Low
CUST00064,DC,82,True,1,0,0.9631167282969376,High
CUST01799,KS,128,False,0,1,0.19305255329562804,Low
CUST00352,PA,61,False,0,0,0.07085842481083302,Low
CUST02793,LA,172,False,0,1,0.08865469726302598,Low
CUST00593,NY,41,False,0,0,0.05453308637134852,Low
CUST02372,TX,53,False,0,1,0.08801651790659408,Low
CUST02181,RI,46,False,0,1,0.09776279713801413,Low
CUST01019,AZ,141,False,0,0,0.0588704242702779,Low
CUST01781,AR,58,False,0,1,0.24099459998205042,Low
CUST01402,NC,114,False,0,1,0.08254912570161389,Low
CUST02483,SD,27,True,1,1,0.9312003622253867,High
CUST00937,HI,87,False,0,0,0.07290504290648556,Low
CUST01747,UT,93,False,0,1,0.10420379951262478,Low
CUST02681,MT,73,False,0,0,0.10994519515583928,Low
CUST01670,CT,33,False,0,1,0.05632404380247447,Low
CUST01481,MS,101,True,1,0,0.9676093283521997,High
CUST03232,MA,80,False,0,0,0.06807969057378853,Low
CUST01515,NH,103,True,1,1,0.9506193063220337,High
CUST02742,NV,64,False,0,1,0.1006567786128147,Low
CUST01835,OR,80,False,0,0,0.1290275371919413,Low
CUST02436,VA,121,False,0,1,0.04871945232574738,Low
CUST01058,PA,106,True,1,0,0.9631576126654754,High
CUST02228,KY,106,False,0,1,0.07082343176009803,Low
CUST02308,MA,17,True,1,0,0.976112479312317,High
CUST00930,MI,67,False,0,0,0.06410683051340432,Low
CUST03298,NE,67,False,0,0,0.07676724750606707,Low
CUST00950,IL,78,True,1,0,0.98555189585635,High
CUST03225,WI,95,False,0,0,0.1039665931334356,Low
CUST00110,AR,163,False,0,0,0.12274504175209296,Low
CUST01803,WA,56,False,0,0,0.04651646583402736,Low
CUST01568,RI,106,True,1,1,0.9789259869694178,High
CUST02193,LA,98,False,0,1,0.09712658627837852,Low
CUST00296,CO,154,True,1,0,0.9716788198206371,High
CUST01430,MD,107,False,0,0,0.10731709670070994,Low
CUST00664,NV,77,False,0,1,0.22626902399768842,Low
CUST01244,NC,73,False,0,0,0.035725309977034346,Low
CUST00494,KS,163,False,0,0,0.09767664051291948,Low
CUST03284,IN,104,False,0,1,0.3804015386191676,Medium
CUST00569,TN,57,False,0,1,0.08646550990701517,Low
CUST02334,MT,85,True,1,1,0.970726458506644,High
CUST00712,VA,72,False,0,0,0.1055039989479946,Low
CUST01614,KS,57,False,0,0,0.07828246752029415,Low
CUST03282,WV,120,False,0,0,0.10897951724741699,Low
CUST01103,VA,115,False,0,1,0.07797133396786435,Low
CUST02278,MS,123,True,1,1,0.9739004943590477,High
CUST01006,UT,144,False,0,1,0.03543704279388475,Low
CUST01415,WI,63,False,0,0,0.06206257480277785,Low
CUST01794,OH,83,False,0,1,0.12055883895063073,Low
CUST00736,UT,81,False,0,0,0.053795170221756866,Low
CUST02708,WY,215,False,0,0,0.13328938646192692,Low
CUST01696,WA,46,False,0,0,0.13611104377423655,Low
CUST00992,IN,86,False,0,0,0.07287646010479645,Low
CUST03255,HI,150,False,0,0,0.12421067272293959,Low
CUST02858,DC,76,False,0,1,0.0951494398570926,Low
CUST00393,VT,165,False,0,0,0.20316310379609834,Low
CUST01506,MO,132,False,0,0,0.15618528283378502,Low
CUST02456,DE,114,False,0,0,0.07604085106770253,Low
CUST01750,NM,54,False,0,1,0.05019067752509929,Low
CUST02601,NM,55,False,0,0,0.10547958749272285,Low
CUST00981,NV,81,False,0,0,0.04999201785389331,Low
CUST01254,DC,148,False,0,1,0.053177827705579,Low
CUST01414,OH,146,False,0,0,0.0717609015976894,Low
CUST01420,GA,160,False,0,0,0.12172358166535996,Low
CUST01946,AZ,68,False,0,0,0.12271279950095478,Low
CUST02272,WY,159,True,1,0,0.6864664965506405,High
CUST02511,IA,40,True,1,1,0.9668516588211822,High
CUST02383,ND,90,False,0,0,0.039519153600814046,Low
CUST02959,MO,36,False,0,1,0.10490205244185635,Low
CUST00864,VA,210,False,0,1,0.09805030198992845,Low
CUST00675,NV,160,False,0,0,0.13279936547123605,Low
CUST01461,WY,54,False,0,1,0.06764125421828379,Low
CUST02901,IL,130,False,0,1,0.1320204167852896,Low
CUST02565,DE,53,False,0,1,0.11826493085253618,Low
CUST01761,DE,136,False,0,1,0.12354318737152897,Low
CUST00588,KY,155,False,0,0,0.10199936093449093,Low
CUST02055,MT,49,False,0,0,0.13991957830318208,Low
CUST02373,WY,123,True,1,1,0.9155176753017955,High
CUST01518,WV,172,False,0,0,0.09169171341362455,Low
CUST02766,MO,92,True,1,1,0.8705404605629341,High
CUST02967,SD,95,False,0,0,0.06412556222361275,Low
CUST01476,TN,94,False,0,0,0.13214161578629502,Low
CUST00274,AK,78,False,0,0,0.17853543327582433,Low
CUST03307,OR,27,False,0,1,0.12586370149911796,Low
CUST01701,MT,73,False,0,1,0.03205589435535836,Low
CUST03256,MI,108,True,1,1,0.9717974997390066,High
CUST02201,NJ,127,True,1,0,0.8814671898763901,High
CUST02103,NH,125,True,1,0,0.989004672610276,High
CUST01708,AL,100,False,0,0,0.15639131766760783,Low
CUST02526,LA,62,False,0,1,0.0765505503048483,Low
CUST01996,MA,96,False,0,0,0.1142715480842024,Low
CUST00389,GA,117,False,0,1,0.16796259385735599,Low
CUST00375,FL,132,True,1,1,0.816661698370336,High
CUST01336,KY,115,False,0,1,0.05352665687937623,Low
CUST02135,NE,64,False,0,0,0.07235033567916152,Low
CUST01434,CO,156,False,0,0,0.3403861951248483,Medium
CUST02509,MA,77,False,0,0,0.07368051553718419,Low
CUST00742,AL,200,False,0,0,0.14178460547304625,Low
CUST01916,OR,51,False,0,1,0.20392280266039775,Low
CUST00365,KS,86,False,0,0,0.07327968987992543,Low
CUST00047,CO,141,False,0,0,0.08468118088058157,Low
CUST02163,OR,64,False,0,1,0.0667214661833001,Low
CUST02996,AR,63,False,0,0,0.11927595247816314,Low
CUST02522,MA,93,False,0,0,0.06558155201766971,Low
CUST00890,WV,83,False,0,0,0.0778286843888337,Low
CUST01259,MT,94,False,0,0,0.08774390505791883,Low
CUST01120,WY,127,False,0,0,0.1369481201462469,Low
CUST02980,MD,163,False,0,0,0.19706347134441252,Low
CUST00027,LA,172,False,0,1,0.09619170317722188,Low
CUST01862,WA,141,False,0,0,0.09281993911090992,Low
CUST00128,OH,83,True,1,0,0.9711226130721902,High
CUST00002,NJ,137,False,0,0,0.08928414754195341,Low
CUST00701,DC,103,False,0,0,0.1027432763573082,Low
CUST02847,WY,104,False,0,0,0.06833158090388143,Low
CUST01914,RI,83,False,0,0,0.3350287004829665,Medium
CUST01930,SC,130,True,1,0,0.47675471017438203,Medium
CUST02326,OR,159,False,0,0,0.09735778097850979,Low
CUST02323,OR,134,False,0,1,0.21024424620142845,Low
CUST00156,TX,130,False,0,0,0.09362604521749196,Low
CUST00695,WY,32,False,0,0,0.09563814844383944,Low
CUST02851,VT,124,False,0,0,0.10751542788785878,Low
CUST02727,RI,121,True,1,0,0.8474307336799362,High
CUST00672,KS,149,False,0,1,0.3686224064533217,Medium
CUST01294,ND,84,False,0,1,0.12960562952442303,Low
CUST01650,AK,132,False,0,1,0.13187144506254286,Low
CUST02384,MI,148,True,1,0,0.9763617014021494,High
CUST00612,ND,135,False,0,1,0.17252109731400228,Low
CUST02351,KY,110,False,0,1,0.11690246959465524,Low
CUST01804,CO,192,False,0,1,0.12353556712621148,Low
CUST00033,NJ,149,False,0,0,0.08214770682392566,Low
CUST03316,WY,148,False,0,1,0.11399672728626502,Low
CUST03182,MT,109,False,0,1,0.07239674607048786,Low
CUST01840,PA,114,False,0,1,0.08951056677471542,Low
CUST02673,ID,119,True,1,1,0.9608569345992722,High
CUST02503,OK,149,False,0,0,0.12377915347555918,Low
CUST01212,IA,81,True,1,0,0.9424518941389127,High
CUST00648,AL,134,False,0,0,0.04825310103997255,Low
CUST00516,ME,88,False,0,0,0.061949738102801175,Low
CUST01179,TN,1,False,0,0,0.12804750559656639,Low
CUST02508,TN,3,False,0,1,0.12287336829205284,Low
CUST01321,FL,106,False,0,1,0.07144689162060419,Low
CUST02945,UT,49,True,1,1,0.9579736653710438,High
CUST00159,OK,118,False,0,0,0.05898411495553721,Low
CUST01457,NV,105,False,0,1,0.08277420091994385,Low
CUST00402,MI,93,True,1,0,0.9833006552791386,High
CUST02924,LA,95,False,0,1,0.04429931895154993,Low
CUST00811,AK,146,False,0,0,0.24025138404600058,Low
CUST00443,NE,74,False,0,1,0.06734424402971535,Low
CUST02271,NM,147,False,0,0,0.11075307191249158,Low
CUST01306,MO,110,False,0,0,0.08203583668666715,Low
CUST02688,ID,97,False,0,1,0.19561883367773672,Low
CUST02173,MA,145,False,0,0,0.14459686439712058,Low
CUST02986,SD,75,False,0,1,0.04405061990143558,Low
CUST00177,LA,93,False,0,1,0.08783204866378194,Low
CUST02779,AZ,75,False,0,1,0.07912850644903985,Low
CUST00717,WV,161,True,1,1,0.5386202492647063,Medium
CUST02053,AR,87,False,0,0,0.07944247975687058,Low
CUST03205,NH,84,False,0,1,0.1182162822954471,Low
CUST01954,GA,120,False,0,1,0.10868541149831869,Low
CUST01119,WY,107,False,0,0,0.1453003909337458,Low
CUST02214,CO,107,False,0,1,0.09099239070717419,Low
CUST01886,LA,40,False,0,0,0.14742540554553,Low
CUST00726,MO,152,False,0,1,0.09775565890943294,Low
CUST03089,TX,123,False,0,1,0.39412026431532604,Medium
CUST00533,IL,151,False,0,0,0.06185421552472772,Low
CUST00570,WV,82,False,0,0,0.08587951490604398,Low
CUST01576,AK,59,False,0,0,0.07208489189375554,Low
CUST01317,SD,128,False,0,1,0.31992100482531555,Medium
CUST01385,WY,225,False,0,0,0.25941610936709897,Low
CUST00728,HI,72,False,0,0,0.1194439729395313,Low
CUST03001,TX,71,False,0,0,0.09480837167974196,Low
CUST00828,NV,102,False,0,0,0.10967788133704737,Low
CUST01850,KY,109,False,0,0,0.10557774872912735,Low
CUST03306,NY,209,False,0,0,0.16338372700626813,Low
CUST00747,DE,117,False,0,0,0.15770509576418998,Low
CUST02077,DC,66,False,0,0,0.07735639174889086,Low
CUST01987,OR,125,False,0,0,0.09580770754554,Low
CUST01995,WV,84,False,0,0,0.15449761545859822,Low
CUST02693,OH,65,False,0,0,0.07284021964761235,Low
CUST02989,MA,80,False,0,1,0.10722813727569715,Low
CUST00232,AL,167,False,0,0,0.10672619223437485,Low
CUST00799,MO,168,False,0,1,0.26604326125524475,Low
CUST00485,MO,112,True,1,1,0.910143313806327,High
CUST01016,GA,76,False,0,0,0.12017920301587587,Low
CUST02412,FL,185,False,0,1,0.12164152669016597,Low
CUST03176,IN,81,False,0,1,0.38291173328652994,Medium
CUST01740,IL,156,False,0,0,0.11696431533599747,Low
CUST02807,KS,116,False,0,0,0.10968271946797702,Low
CUST01409,CO,54,False,0,1,0.07846801221702124,Low
CUST03037,TX,201,False,0,0,0.07981952744424788,Low
CUST02725,MN,94,False,0,0,0.12517261972774693,Low
CUST01465,KS,101,False,0,0,0.113408682650544,Low
CUST00001,OH,107,False,0,0,0.11017404944417249,Low
CUST01872,LA,124,True,1,1,0.7856952478451652,High
CUST01890,FL,98,False,0,0,0.5121995885381806,Medium
CUST01557,NM,94,False,0,1,0.15834813062069167,Low
CUST01490,TX,92,False,0,1,0.11012208594577531,Low
CUST00055,WY,43,False,0,0,0.5127103793072817,Medium
CUST00555,CT,84,False,0,1,0.09605253232110154,Low
CUST01096,NE,86,False,0,1,0.1485627419920832,Low
CUST00583,FL,116,False,0,1,0.29172837459946505,Low
CUST02116,MN,163,False,0,1,0.061104416645067765,Low
CUST01355,ID,92,False,0,1,0.48321845361321714,Medium
CUST01313,ND,101,False,0,0,0.239273847710792,Low
CUST00625,DE,92,False,0,0,0.09458667634785421,Low
CUST02238,IN,77,False,0,1,0.1426625832720739,Low
CUST01392,OH,134,False,0,0,0.10148393813365617,Low
CUST01238,CA,37,False,0,0,0.1140401057770079,Low
CUST03034,WY,62,False,0,0,0.10658834561582475,Low
CUST00140,CO,68,False,0,0,0.20359450734065163,Low
CUST00634,AL,83,False,0,0,0.05800140055078489,Low
CUST00567,MI,78,False,0,1,0.205294425814887,Low
CUST00564,AK,78,False,0,1,0.12463421940972065,Low
CUST00650,DE,147,False,0,1,0.08865596390735747,Low
CUST00132,VA,141,False,0,0,0.20526404745379506,Low
CUST03226,NJ,35,False,0,1,0.13384476833190542,Low
CUST01560,NY,139,True,1,0,0.17256117648518005,Low
CUST00888,AL,71,False,0,1,0.08962712197752377,Low
CUST02394,KS,73,False,0,0,0.03896682764157956,Low
CUST02559,ID,103,True,1,1,0.4097776393910672,Medium
CUST02371,OH,133,True,1,0,0.1278725856762567,Low
CUST02275,VA,99,False,0,1,0.12425270038409358,Low
CUST00459,FL,64,False,0,1,0.11222191336113861,Low
CUST02618,WI,62,False,0,1,0.20973276940365426,Low
CUST00913,MN,40,False,0,1,0.2745853352150314,Low
CUST01947,DE,183,False,0,1,0.25232204033016037,Low
CUST02649,ID,127,False,0,0,0.07380905365053932,Low
CUST01489,KY,39,True,1,0,0.8935900978147903,High
CUST03152,NM,90,False,0,0,0.08779069842448611,Low
CUST03219,AZ,100,False,0,0,0.15217659682629323,Low
CUST02204,MS,145,False,0,0,0.14509928573752212,Low
CUST03075,KY,113,True,1,1,0.6290035422097702,High
CUST03011,WY,16,False,0,1,0.22505573279245944,Low
CUST00946,DC,180,False,0,0,0.09671123058315974,Low
CUST01060,VT,59,False,0,0,0.12631916215768985,Low
CUST02375,MI,55,False,0,0,0.03850932013876444,Low
CUST02310,TX,121,False,0,1,0.14287324256340375,Low
CUST01310,TN,176,False,0,0,0.13253187696931884,Low
CUST02073,MS,131,True,1,0,0.0743664266163731,Low
CUST03309,MA,87,False,0,0,0.09348600694073628,Low
CUST03150,AL,148,False,0,0,0.06927373482713892,Low
CUST01369,NM,161,False,0,1,0.21047957670951145,Low
CUST03242,PA,136,False,0,0,0.1081170018173532,Low
CUST01092,CT,212,False,0,0,0.15201581650735901,Low
CUST02453,NV,116,False,0,1,0.12310518477752222,Low
CUST03125,NY,122,False,0,0,0.13364578766320317,Low
CUST00965,KS,124,False,0,0,0.06763866971949652,Low
CUST01882,MD,139,False,0,1,0.3202256274142711,Medium
CUST00106,NE,131,False,0,1,0.20606939193141965,Low
CUST01191,MD,136,False,0,1,0.27159302915622335,Low
CUST02065,MT,16,False,0,0,0.12190950134235637,Low
CUST02592,SD,34,False,0,0,0.15222379362904687,Low
CUST00536,IN,84,False,0,0,0.17352684233551968,Low
CUST00450,ID,99,False,0,0,0.08790478266786242,Low
CUST00119,VT,103,False,0,0,0.3590392483339139,Medium
CUST00679,MO,58,False,0,0,0.12708914374059802,Low
CUST02942,MI,51,True,1,0,0.7828961026323327,High
CUST01207,NV,162,False,0,1,0.10245115482455779,Low
CUST00212,MN,24,False,0,0,0.050011651068455336,Low
CUST00753,ID,99,False,0,0,0.11441803442994232,Low
CUST02721,SD,145,False,0,1,0.07771144459713651,Low
CUST02753,LA,149,False,0,0,0.10287882000260135,Low
CUST00853,OH,114,False,0,0,0.07778115456615631,Low
CUST00645,MN,150,False,0,0,0.1235336703244209,Low
CUST01320,SC,99,False,0,1,0.12460391365589939,Low
CUST00733,WI,80,False,0,0,0.163110075350158,Low
CUST01815,WY,94,False,0,0,0.08619939724541897,Low
CUST00963,AR,109,False,0,1,0.08267662631127147,Low
CUST01555,TX,38,False,0,0,0.10747124527161343,Low
CUST01137,ID,55,False,0,0,0.07644104627219116,Low
CUST00522,CA,96,False,0,0,0.14441519720958496,Low
CUST02652,MS,103,False,0,0,0.10633552563307574,Low
CUST01326,VA,84,False,0,1,0.15768635435229808,Low
CUST00343,NJ,100,False,0,0,0.2746351760468983,Low
CUST00361,WI,85,False,0,1,0.19972611401466234,Low
CUST00944,MO,98,False,0,1,0.25203455246661916,Low
CUST02605,RI,138,True,1,1,0.5678044310087667,Medium
CUST00526,NE,63,False,0,0,0.190855670410985,Low
CUST00433,NY,59,False,0,1,0.14361603714728235,Low
CUST02806,LA,43,False,0,0,0.13804528797745952,Low
CUST02515,VT,107,False,0,1,0.3187917640850097,Medium
CUST00195,IL,110,False,0,1,0.11211774299988987,Low
CUST02868,TN,59,False,0,1,0.11516438776152763,Low
CUST01388,NC,54,True,1,1,0.7597886387176855,High
CUST02802,MT,27,False,0,0,0.07455605190402294,Low
CUST02325,AZ,138,False,0,0,0.1552267654278832,Low
CUST01814,MD,166,False,0,0,0.08326414644427128,Low
CUST00456,DE,51,False,0,0,0.1019563650489296,Low
CUST02577,WV,23,False,0,0,0.10935189516080612,Low
CUST00727,WY,105,False,0,1,0.18733212509832065,Low
CUST00581,UT,67,False,0,0,0.13838376938593802,Low
CUST01910,NY,112,True,1,1,0.5639232647714915,Medium
CUST00560,SD,168,False,0,1,0.06265288123941662,Low
CUST03180,TN,37,False,0,1,0.28199476865919215,Low
CUST03133,HI,111,False,0,0,0.03533906805055793,Low
CUST02561,OK,35,False,0,1,0.10046643644526677,Low
CUST02988,MS,70,False,0,0,0.06954327563036865,Low
CUST03148,WA,111,False,0,0,0.06805133990139284,Low
CUST01164,IL,86,False,0,0,0.7235577296584246,High
CUST02780,WV,44,True,1,1,0.7643196786452264,High
CUST01316,MA,132,False,0,0,0.1048233427458678,Low
CUST01895,VA,118,False,0,0,0.14561858123063165,Low
CUST03246,TX,57,False,0,1,0.12933396860737573,Low
CUST02987,FL,106,False,0,0,0.1954537774304756,Low
CUST02319,MI,178,True,1,1,0.7153586324044592,High
CUST01172,NV,107,False,0,0,0.35690908949459965,Medium
CUST00041,WY,97,False,0,0,0.07859926681122131,Low
CUST02532,CT,73,False,0,1,0.22377769033751324,Low
CUST03244,MN,155,False,0,1,0.34835600947261147,Medium
CUST02904,MI,91,True,1,1,0.8033118565918671,High
CUST00016,TX,73,False,0,0,0.19929646599826348,Low
CUST00149,NH,19,False,0,1,0.16670848639788702,Low
CUST02969,NM,55,False,0,1,0.11620176838120687,Low
CUST01529,WY,70,False,0,0,0.09101491599654392,Low
CUST00637,OH,61,False,0,0,0.2290367092614114,Low
CUST03308,IL,117,False,0,0,0.07324494188057033,Low
CUST03324,KS,57,False,0,0,0.08186961934817667,Low
CUST00850,ME,177,False,0,1,0.23080387460462654,Low
CUST02141,VA,50,True,1,1,0.6612761526812639,High
CUST02218,OH,134,False,0,1,0.1299113056562186,Low
CUST01782,CA,137,False,0,1,0.14968946007359618,Low
CUST01534,VA,90,False,0,1,0.1137923192060944,Low
CUST02705,IN,65,False,0,0,0.1733225917843507,Low
CUST02637,MD,83,False,0,0,0.14733995819919316,Low
CUST01109,NH,133,False,0,0,0.11344543692839261,Low
CUST02876,NY,104,False,0,0,0.09855270179253978,Low
CUST00847,NV,22,False,0,0,0.13662184846640313,Low
CUST03071,NE,77,False,0,0,0.1434438269918619,Low
CUST01653,MI,91,False,0,1,0.12137187289899899,Low
CUST01975,NC,74,False,0,0,0.1018089479758486,Low
CUST00449,WY,99,False,0,0,0.12941356114828825,Low
CUST02033,VA,106,False,0,0,0.46686055678780164,Medium
CUST01627,ND,56,False,0,1,0.40055001321635686,Medium
CUST01824,UT,144,False,0,0,0.08476078266480094,Low
CUST01311,WI,84,False,0,0,0.10745205384834346,Low
CUST03085,VT,101,False,0,1,0.17317351940712541,Low
CUST02495,GA,73,False,0,0,0.1488482884216611,Low
CUST00458,WI,44,False,0,0,0.2680647089616665,Low
CUST02138,OK,15,False,0,1,0.1388753021372582,Low
CUST03279,OR,113,False,0,1,0.23212463279108841,Low
CUST01224,DC,81,False,0,0,0.38640968355695576,Medium
CUST03000,NM,21,False,0,1,0.06331371384045599,Low
CUST02402,PA,87,False,0,0,0.131278698390158,Low
CUST03248,NC,95,True,1,1,0.8479288535965575,High
CUST01110,NC,103,False,0,0,0.11579516245513552,Low
CUST00542,CO,71,False,0,0,0.3557720838643849,Medium
CUST01005,RI,111,False,0,1,0.28086871332048263,Low
CUST02542,TX,201,True,1,0,0.7711004342952813,High
CUST00994,MT,74,False,0,0,0.1081762202047868,Low
CUST03151,MT,143,False,0,0,0.07286143987582774,Low
CUST00871,NJ,111,True,1,1,0.4708049282274683,Medium
CUST01767,NY,116,False,0,1,0.15159193258116135,Low
CUST00022,WY,57,False,0,0,0.11319557700424124,Low
CUST01302,TN,68,False,0,1,0.10207940426849689,Low
CUST01944,MN,81,False,0,1,0.20907354743259163,Low
CUST02291,AL,19,False,0,0,0.31998771251840485,Medium
CUST03296,WV,58,False,0,0,0.16027215393259367,Low
CUST03262,MD,204,False,0,1,0.15360389781642925,Low
CUST02572,TN,93,False,0,0,0.23505265930137298,Low
CUST02698,OR,65,False,0,0,0.1299805862418031,Low
CUST00374,NV,71,True,1,1,0.8724395260914933,High
CUST00685,MD,42,False,0,0,0.07252932990478234,Low
CUST00900,UT,105,True,1,1,0.7634791889723722,High
CUST03054,WI,107,False,0,0,0.08027806590599912,Low
CUST02155,IA,44,True,1,1,0.566470289035597,Medium
CUST01841,MN,46,False,0,0,0.08148349888442366,Low
CUST02834,AZ,92,False,0,0,0.41265612533255996,Medium
CUST00739,OH,74,False,0,0,0.1319215255274281,Low
CUST00473,AL,109,False,0,1,0.265910480935475,Low
CUST00011,MT,95,False,0,1,0.1613926707814465,Low
CUST03270,AZ,88,False,0,1,0.05525550959649845,Low
CUST01219,ME,118,True,1,1,0.6001994740411086,High
CUST01758,RI,127,False,0,1,0.14105692060983255,Low
CUST01277,NM,141,False,0,1,0.14190622206276357,Low
CUST00479,AZ,84,False,0,0,0.10252818037888702,Low
CUST02949,TN,114,False,0,0,0.1954045800348621,Low
CUST00201,VA,108,True,1,0,0.23131408533817116,Low
CUST00039,OR,59,False,0,1,0.09867596086801794,Low
CUST00776,MO,103,False,0,0,0.07518766607973226,Low
CUST02431,KY,135,False,0,0,0.2434410999735195,Low
CUST03198,AL,117,False,0,1,0.09011196040518969,Low
CUST02242,MN,38,True,1,1,0.5155799964477081,Medium
CUST00304,AZ,90,False,0,1,0.16164902939633805,Low
CUST03119,IN,46,False,0,0,0.17637860654987267,Low
CUST02776,VT,95,True,1,1,0.5258473887046458,Medium
CUST02567,MN,59,False,0,0,0.21046673714734698,Low
CUST02530,ME,56,True,1,0,0.38560029140450147,Medium
CUST00882,OK,189,False,0,1,0.16571786772396563,Low
CUST00832,NC,103,False,0,0,0.6381528012159889,High
CUST02848,CA,75,False,0,1,0.16107096314518654,Low
CUST02247,MS,59,False,0,0,0.06433373886641988,Low
CUST00883,NE,159,True,1,0,0.14894829687558062,Low
CUST00145,KS,70,False,0,1,0.6332937041618382,High
CUST03155,MO,15,False,0,1,0.12205101298522886,Low
CUST01296,NY,87,False,0,0,0.10613809189962108,Low
CUST01953,IA,113,False,0,1,0.24326717622860175,Low
CUST02113,AK,86,False,0,0,0.1875752510542788,Low
CUST00333,TX,145,False,0,1,0.10097333666963522,Low
CUST00746,OH,56,False,0,1,0.15646647193867058,Low
CUST03265,UT,148,False,0,0,0.09226878984997519,Low
CUST01154,ID,87,False,0,0,0.12755632031639869,Low
CUST01290,NC,149,False,0,0,0.05651833325846207,Low
CUST02061,DC,115,False,0,0,0.11370033876000005,Low
CUST01197,MO,22,False,0,0,0.05414476145945409,Low
CUST01564,CO,85,False,0,1,0.2715249227038033,Low
CUST01626,MT,80,False,0,0,0.1765548562730989,Low
CUST01915,WY,157,False,0,0,0.1475152736476816,Low
CUST02801,SD,65,False,0,0,0.08517910515051107,Low
CUST03127,NY,126,True,1,0,0.9210587846664328,High
CUST01363,MA,80,False,0,1,0.11739821900750927,Low
CUST00586,WA,119,False,0,0,0.06253966204948315,Low
CUST03257,MO,101,False,0,0,0.15123177560574805,Low
CUST00810,AR,100,False,0,1,0.06340597179254805,Low
CUST02841,SC,87,True,1,1,0.8608961119886318,High
CUST01049,KS,126,True,1,0,0.8062456176938049,High
CUST00065,NY,144,True,1,1,0.8643194444585316,High
CUST02199,WY,122,False,0,1,0.20076095277419018,Low
CUST01491,CT,56,True,1,1,0.6399553371707275,High
CUST02110,UT,134,False,0,1,0.1913937915418925,Low
CUST01901,IN,68,False,0,1,0.09301742220557946,Low
CUST02829,WI,149,True,1,1,0.7086652615921122,High
CUST03022,NC,83,False,0,0,0.20741315268828292,Low
CUST02568,WA,143,False,0,1,0.11835076063461701,Low
CUST00037,ID,160,False,0,1,0.14669233957189914,Low
CUST01510,DC,91,False,0,0,0.08088344318229819,Low
CUST01753,ID,170,False,0,0,0.15296910062007987,Low
CUST01843,UT,37,False,0,1,0.4105735438467144,Medium
CUST00378,NE,44,False,0,0,0.21734031066076592,Low
CUST00228,MI,86,False,0,0,0.13204880971829985,Low
CUST02598,OK,146,True,1,1,0.6317265825489096,High
CUST02965,MS,73,True,1,1,0.7082654242176681,High
CUST02805,DE,119,False,0,0,0.1537928543993562,Low
CUST03214,RI,155,False,0,0,0.2771060664529675,Low
CUST02504,ND,131,False,0,0,0.07122465805370749,Low
CUST02872,MS,116,False,0,1,0.13981633689890705,Low
CUST01785,DE,87,False,0,1,0.13474905411501875,Low
CUST01936,MD,107,True,1,0,0.6649770994094005,High
CUST03188,DC,102,False,0,1,0.12697806487294053,Low
CUST03060,OH,86,False,0,0,0.13278954661521034,Low
CUST01728,WI,143,False,0,1,0.07531979276927203,Low
CUST00182,WA,81,False,0,1,0.03926943745105532,Low
CUST02083,ME,105,False,0,1,0.12122840070471762,Low
CUST02120,SD,104,False,0,1,0.09553624401640662,Low
CUST02707,MN,139,True,1,1,0.8831873586133198,High
CUST03088,CO,98,False,0,0,0.29315311233031527,Low
CUST03239,IN,72,True,1,1,0.7742076484415825,High
CUST02821,UT,103,True,1,1,0.8493959309322142,High
CUST01941,WV,21,False,0,1,0.17758611905151211,Low
CUST00114,AK,127,False,0,0,0.11901594685053009,Low
CUST03289,IN,64,False,0,1,0.10605223932335152,Low
CUST03130,CO,132,True,1,1,0.5723085692944825,Medium
CUST02167,KS,79,False,0,0,0.10409076168358404,Low
CUST02009,KY,21,True,1,1,0.8262038100565233,High
CUST02914,DE,89,False,0,0,0.1868785074461232,Low
CUST03114,MI,61,False,0,1,0.12525927946109977,Low
CUST01616,NJ,151,False,0,1,0.21475951890049136,Low
CUST02656,GA,122,True,1,1,0.7255383928891493,High
CUST00933,ME,69,False,0,1,0.15193896700496523,Low
CUST02086,VT,93,False,0,0,0.205374456570822,Low
CUST02871,MI,50,False,0,1,0.12221142252651446,Low
CUST00277,IL,44,False,0,0,0.08888453284335583,Low
CUST01962,MN,40,True,1,1,0.8613529824087129,High
CUST01131,VT,122,False,0,0,0.13723683305650242,Low
CUST03204,MS,120,False,0,0,0.08178923609466991,Low
CUST00163,DC,63,False,0,0,0.14903643447687684,Low
CUST00137,GA,185,False,0,0,0.2372240437220588,Low
CUST03112,PA,104,False,0,1,0.08402233538017068,Low
CUST01017,ME,79,False,0,1,0.18107773651818554,Low
CUST01395,TN,127,False,0,0,0.08884075258151179,Low
CUST02813,KS,88,False,0,1,0.06812840373310138,Low
CUST00840,RI,190,False,0,0,0.11195859447199176,Low
CUST00174,PA,82,False,0,0,0.06676098886906441,Low
CUST00595,WY,33,False,0,1,0.13127144283695047,Low
CUST01691,CA,138,True,1,0,0.849616658108802,High
CUST01396,HI,146,False,0,0,0.1507386879342249,Low
CUST01714,OH,98,False,0,1,0.06392907470278973,Low
CUST01874,AZ,124,False,0,0,0.26234640067851206,Low
CUST02106,MD,116,False,0,0,0.14651643279809337,Low
CUST00978,MN,138,False,0,1,0.3735244054643051,Medium
CUST02590,WA,121,True,1,1,0.8297556034800959,High
CUST00948,OH,119,False,0,1,0.2552375854019614,Low
CUST00638,DE,171,False,0,0,0.12276038167502834,Low
CUST02768,IL,87,False,0,0,0.08604515789268045,Low
CUST00205,OR,33,True,1,1,0.5176970068330362,Medium
CUST01940,NY,77,True,1,1,0.6457428288294771,High
CUST02438,RI,39,False,0,0,0.13162093750208226,Low
CUST03082,WA,132,False,0,1,0.08330142730016987,Low
CUST01332,VT,64,False,0,0,0.12409480857695568,Low
CUST00805,SC,41,False,0,0,0.06797464869227582,Low
CUST00610,OR,80,False,0,0,0.13060965692180956,Low
CUST01393,TX,66,False,0,0,0.06523120592187277,Low
CUST03043,NH,83,False,0,1,0.31459937462489873,Medium
CUST01315,UT,111,False,0,1,0.055052890987363184,Low
CUST02067,MS,102,False,0,1,0.34811787422376317,Medium
CUST01707,CT,94,False,0,0,0.22583558873661874,Low
CUST02136,OH,69,False,0,1,0.5290722935805636,Medium
CUST00423,MI,30,False,0,0,0.23752882829332334,Low
CUST02863,CA,158,False,0,1,0.17850852224422858,Low
CUST01165,PA,140,False,0,0,0.08473727738199376,Low
CUST02099,LA,69,False,0,0,0.09180453271295276,Low
CUST03015,OR,95,True,1,1,0.8233769299801513,High
CUST00673,RI,70,False,0,1,0.12020905383620682,Low
CUST00226,VT,146,False,0,1,0.15468088892262127,Low
CUST01920,ND,56,False,0,1,0.11560724790433179,Low
CUST03138,TN,129,False,0,0,0.1729567392582447,Low
CUST01322,UT,78,False,0,0,0.07065629198310884,Low
CUST03115,MD,160,False,0,1,0.23284173635934,Low
CUST02925,ME,80,False,0,1,0.5469066383457231,Medium
CUST02392,NY,46,False,0,0,0.08578025139342134,Low
CUST00173,AZ,144,False,0,0,0.19993009150262187,Low
CUST02296,NH,95,False,0,1,0.11276911902191128,Low
CUST02797,AR,54,False,0,1,0.18157586097582748,Low
CUST02770,LA,67,False,0,1,0.4062356068994427,Medium
CUST01633,NV,183,False,0,1,0.1721486870060362,Low
CUST01830,GA,74,False,0,1,0.26721842475239216,Low
CUST00020,VA,132,False,0,0,0.1831559142521034,Low
CUST00573,IN,48,False,0,1,0.4080513020210348,Medium
CUST01602,NE,64,False,0,0,0.26244912716836266,Low
CUST02758,MI,139,False,0,0,0.15546341303574945,Low
CUST02303,CA,75,False,0,1,0.25614586246702853,Low
CUST02184,WV,63,True,1,0,0.7595425988775817,High
CUST01887,MI,61,False,0,1,0.04825847390939528,Low
CUST03072,KY,72,False,0,0,0.1069078777613217,Low
CUST02026,VA,44,False,0,0,0.11692846011009789,Low
CUST03295,WV,73,False,0,0,0.1733244605609136,Low
CUST00603,PA,122,True,1,0,0.7835623419729746,High
CUST03247,NM,112,False,0,0,0.1594865733924834,Low
CUST01494,AK,51,False,0,1,0.27740327452360103,Low
CUST01919,OR,112,False,0,1,0.056393570043006165,Low
CUST01331,KS,123,False,0,0,0.14283561787893184,Low
CUST02603,MI,63,False,0,0,0.11114562922301273,Low
CUST00807,WY,76,True,1,0,0.701444690678107,High
CUST00619,NJ,24,True,1,1,0.711951544886306,High
CUST01968,ID,88,False,0,0,0.17605115851771774,Low
CUST01442,AR,116,False,0,1,0.06970985237450987,Low
CUST01665,WY,146,False,0,0,0.15616877568566573,Low
CUST01136,WV,79,False,0,1,0.15553428174406914,Low
CUST03297,IA,88,False,0,0,0.14086995155698115,Low
CUST00935,TN,130,False,0,0,0.09479905724650237,Low
CUST00223,PA,92,False,0,0,0.05901133890360441,Low
CUST02423,OR,101,False,0,0,0.11126883479066957,Low
CUST02657,MD,62,True,1,1,0.7500014781922508,High
CUST02209,WY,101,False,0,0,0.09123421627951649,Low
CUST00038,WI,64,False,0,0,0.09030853475609567,Low
CUST03253,NE,95,False,0,0,0.2015149915903959,Low
CUST03250,WI,103,False,0,0,0.10759419465503703,Low
CUST00798,NY,181,False,0,0,0.06489741761957568,Low
CUST00777,ND,84,False,0,0,0.0900136646784183,Low
CUST01486,NY,99,False,0,0,0.120859586925236,Low
CUST01094,OH,94,False,0,0,0.16482867869702883,Low
CUST03168,GA,155,False,0,0,0.205227177479536,Low
CUST03218,SC,112,True,1,1,0.8693146514467714,High
CUST00794,TN,140,False,0,0,0.09757237531116798,Low
CUST02041,CT,119,True,1,0,0.8425900529433311,High
CUST00455,NC,133,True,1,1,0.6556432057057058,High
CUST00703,CO,104,False,0,1,0.09955554770322583,Low
CUST00004,OK,75,False,0,1,0.3124747384441571,Medium
CUST01710,NH,130,False,0,0,0.16996117780358486,Low
CUST01655,NH,95,True,1,1,0.7554030577265871,High
CUST01269,AR,99,True,1,0,0.6500336919262624,High
CUST00989,TN,72,False,0,0,0.08159457464083335,Low
CUST01098,HI,105,False,0,0,0.47648781148379293,Medium
CUST00051,CA,116,False,0,1,0.13877914402192293,Low
CUST01233,ID,169,False,0,0,0.1796772371961496,Low
CUST01289,WI,100,False,0,0,0.2092330603040896,Low
CUST02036,AR,109,False,0,1,0.11588037702342145,Low
CUST00105,TX,92,False,0,1,0.18919655748086303,Low
CUST02877,WV,13,False,0,0,0.1410475173452837,Low
CUST02729,AL,121,False,0,0,0.11101919714445263,Low
CUST03055,SC,140,False,0,0,0.08816579983590123,Low
CUST00432,UT,190,False,0,0,0.06159325185262815,Low
CUST01495,SD,27,False,0,0,0.3694974382468354,Medium
CUST00877,ID,82,False,0,0,0.1590509234155671,Low
CUST00272,SC,99,False,0,0,0.18583262758492977,Low
CUST00720,NC,127,False,0,0,0.04551522029547865,Low
CUST00873,NJ,135,True,1,1,0.08454081527278415,Low
CUST01760,TX,123,False,0,1,0.6112900903514751,High
CUST00331,DE,122,True,1,1,0.8154839846546292,High
CUST02846,MO,120,False,0,1,0.06495639972276585,Low
CUST02197,PA,92,False,0,0,0.564867087515785,Medium
CUST00772,KY,104,False,0,0,0.12037470723817353,Low
CUST02731,MS,64,True,1,1,0.8793377088652643,High
CUST02304,MA,126,False,0,0,0.07689932407864487,Low
CUST01390,NC,118,False,0,0,0.16578902951747237,Low
CUST01942,WA,56,False,0,0,0.04874299266660096,Low
CUST00556,DC,139,False,0,1,0.09483246764492652,Low
CUST02694,MO,6,False,0,0,0.20400877397850864,Low
CUST02853,VA,89,False,0,0,0.08537353759301607,Low
CUST00478,MN,124,False,0,1,0.13373915215905188,Low
CUST01091,SD,20,False,0,0,0.10529456834343842,Low
CUST01724,HI,155,False,0,0,0.1922750598534183,Low
CUST02570,WA,143,False,0,0,0.14446758107021035,Low
CUST01132,WA,136,False,0,0,0.0556099803026888,Low
CUST01157,UT,195,False,0,0,0.1279468013991602,Low
CUST02756,OH,144,False,0,0,0.11403164896670032,Low
CUST02358,UT,97,False,0,0,0.09737048252964381,Low
CUST03113,NE,123,False,0,1,0.097709138175511,Low
CUST00454,IN,108,False,0,1,0.5282240030525827,Medium
CUST00082,MS,120,True,1,0,0.13666592068545225,Low
CUST00905,AL,16,False,0,0,0.04743956705786833,Low
CUST01342,PA,79,True,1,0,0.8447420540504699,High
CUST00966,OR,177,False,0,1,0.18621289384690573,Low
CUST00718,UT,118,False,0,0,0.13191994993712258,Low
CUST00735,NV,143,False,0,0,0.12479181062603445,Low
CUST02191,MI,158,False,0,0,0.12848552259759524,Low
CUST00386,ID,99,False,0,1,0.08633035755858233,Low
CUST02734,MS,77,False,0,1,0.18720598476572722,Low
CUST03007,NH,130,False,0,0,0.2459247135545226,Low
CUST02682,ID,77,True,1,1,0.44418604022121144,Medium
CUST02954,AZ,97,False,0,1,0.08396948422952726,Low
CUST02687,AZ,63,False,0,0,0.07669640039957999,Low
CUST02993,KS,105,True,1,0,0.8636746349704871,High
CUST03165,IL,183,False,0,0,0.17386300395195906,Low
CUST02322,HI,135,False,0,0,0.2256422321082767,Low
CUST03274,MS,130,False,0,1,0.07653122249126705,Low
CUST00765,WV,43,False,0,0,0.1665709154287218,Low
CUST00875,WY,151,False,0,1,0.13497938324779243,Low
CUST01885,ID,101,False,0,0,0.16967457028842833,Low
CUST02616,WV,117,False,0,0,0.22085586278033076,Low
CUST01353,MD,54,False,0,0,0.33946887164412315,Medium
CUST03312,OK,112,False,0,0,0.09278605634643618,Low
CUST03252,NV,116,False,0,1,0.16962312062774815,Low
CUST02620,IN,65,False,0,0,0.09197206706551878,Low
CUST01427,AK,101,False,0,0,0.14206445448619942,Low
CUST02540,AR,54,True,1,1,0.6279555489794201,High
CUST01452,MA,112,False,0,0,0.047890532386520385,Low
CUST02461,IN,148,False,0,0,0.0906495661487445,Low
CUST01961,ID,83,False,0,1,0.12152366087615761,Low
CUST00620,AL,90,False,0,1,0.07400695773777372,Low
CUST00795,VT,93,False,0,1,0.09942297580301551,Low
CUST00087,NM,93,False,0,0,0.10594840403972108,Low
CUST00663,VT,111,False,0,1,0.1247360037890517,Low
CUST01834,TN,68,False,0,0,0.2220640602056613,Low
CUST01902,MA,66,False,0,1,0.09363475257747057,Low
CUST02975,NH,121,False,0,0,0.08634421481383997,Low
CUST02910,WA,161,False,0,0,0.09896834036739649,Low
CUST01273,OR,163,False,0,1,0.16924371767282845,Low
CUST02154,OR,60,False,0,0,0.07177047841449069,Low
CUST00657,FL,104,False,0,1,0.09639240008439481,Low
CUST01956,MN,100,True,1,1,0.8784625364071804,High
CUST01051,WY,97,True,1,0,0.7215396440236571,High
CUST02280,HI,99,False,0,0,0.08433017278105961,Low
CUST02094,MS,78,False,0,1,0.13350530537135408,Low
CUST01286,KS,117,False,0,0,0.06864520708572451,Low
CUST01770,IN,110,False,0,1,0.0803224303093709,Low
CUST02864,MS,114,False,0,0,0.1925857578213127,Low
CUST01580,MA,81,False,0,1,0.06260006649745478,Low
CUST00297,NC,112,False,0,1,0.3959960429313565,Medium
CUST02520,LA,91,False,0,1,0.12025497603349333,Low
CUST01604,MD,165,False,0,1,0.1629975303859226,Low
CUST01251,VT,94,False,0,1,0.1317457023976343,Low
CUST01305,MN,173,True,1,0,0.756208445474994,High
CUST02665,TN,74,False,0,0,0.10459983170376294,Low
CUST00216,RI,114,False,0,1,0.231210338677751,Low
CUST00242,AZ,136,False,0,0,0.11495779537745027,Low
CUST01598,NC,89,False,0,0,0.19698635848146734,Low
CUST01232,CO,86,False,0,0,0.19848341907736342,Low
CUST01765,FL,127,False,0,0,0.16352002488221248,Low
CUST02425,NE,78,False,0,1,0.2508643796177349,Low
CUST02408,WV,95,False,0,0,0.10177123781379827,Low
CUST01090,AZ,113,False,0,0,0.17878550520671582,Low
CUST00866,KY,57,False,0,0,0.059479305004989935,Low
CUST02462,MD,154,True,1,1,0.14808578967905006,Low
CUST00453,MD,85,False,0,1,0.2060160793629986,Low
CUST02579,KS,164,False,0,0,0.18966288014446395,Low
CUST03183,HI,105,False,0,1,0.12105994704224099,Low
CUST02990,VT,137,False,0,0,0.1183136294636238,Low
CUST01938,SD,121,False,0,0,0.0808079649705716,Low
CUST02381,WV,177,False,0,0,0.11834556549150202,Low
CUST02048,MT,160,False,0,1,0.20981531263390046,Low
CUST01683,GA,128,True,1,0,0.855412835249042,High
CUST02775,WI,69,True,1,1,0.759791220436976,High
CUST01634,UT,104,False,0,0,0.42615377769035784,Medium
CUST02712,FL,106,False,0,1,0.5264671004458303,Medium
CUST03266,CO,57,False,0,0,0.18298987886256513,Low
CUST00338,DE,224,True,1,0,0.7280887684810395,High
CUST01047,OK,101,False,0,1,0.14382584268543627,Low
CUST00501,GA,76,True,1,0,0.9115694781357536,High
CUST02409,OH,66,False,0,1,0.2873637498167784,Low
CUST02070,MN,152,True,1,0,0.43394820357466235,Medium
CUST00275,GA,89,True,1,0,0.14951390433662315,Low
CUST01736,MO,160,False,0,1,0.13316485556174815,Low
CUST02724,CT,96,True,1,1,0.6668597477325378,High
CUST03094,VA,75,False,0,1,0.21173461872413463,Low
CUST01066,WI,105,False,0,1,0.14207452640362586,Low
CUST00969,KS,24,True,1,0,0.2678036551598418,Low
CUST00166,MD,97,False,0,1,0.08975457284184421,Low
CUST02335,AK,61,False,0,1,0.058913752764647984,Low
CUST02497,VA,139,False,0,0,0.2099675913769656,Low
CUST02415,LA,153,False,0,0,0.1254379120444905,Low
CUST00975,ND,136,False,0,1,0.5841447767485286,Medium
CUST00688,OK,149,False,0,0,0.1389247981390486,Low
CUST00183,TN,127,False,0,0,0.05267136413656066,Low
CUST00104,MS,61,True,1,1,0.39194953713615166,Medium
CUST01578,DE,99,False,0,1,0.16068567646236406,Low
CUST01319,AL,197,True,1,1,0.8114222432439919,High
CUST01658,MN,122,False,0,1,0.3340723634737224,Medium
CUST00355,OH,100,True,1,0,0.7519481218246239,High
CUST02234,WY,120,False,0,0,0.1061000462521267,Low
CUST00924,IA,134,False,0,0,0.12418303819298894,Low
CUST01209,OK,155,False,0,1,0.08406336767072214,Low
CUST01756,WA,167,True,1,1,0.5830591475551814,Medium
CUST01318,AL,92,False,0,0,0.14148995910376747,Low
CUST01473,WA,63,False,0,0,0.21897203331089074,Low
CUST00696,GA,86,False,0,1,0.14193715824828507,Low
CUST01057,SD,98,True,1,1,0.8173681447694874,High
CUST01083,OH,65,True,1,1,0.4861306144930094,Medium
CUST01221,PA,128,False,0,0,0.34780997624229465,Medium
CUST00995,ND,81,False,0,0,0.3256838508511162,Medium
CUST01115,OH,29,False,0,1,0.217243229863041,Low
CUST01766,WV,121,False,0,0,0.14022908252989338,Low
CUST01881,NY,122,False,0,0,0.11586517035167779,Low
CUST01299,CO,74,False,0,1,0.2824309984998699,Low
CUST02491,AZ,107,False,0,0,0.18030137581516148,Low
CUST01582,MD,84,False,0,0,0.040367367323501366,Low
CUST02281,WV,36,False,0,0,0.20389427489256381,Low
CUST00435,MN,152,True,1,1,0.64,High
CUST00263,GA,143,False,0,0,0.0863483898938845,Low
CUST00407,KS,143,False,0,0,0.0552924620816934,Low
CUST00111,AL,91,False,0,1,0.3349852551400964,Medium
CUST00286,AR,179,False,0,1,0.2831157413513647,Low
CUST02499,PA,129,False,0,0,0.04755701416119611,Low
CUST02080,OK,63,False,0,0,0.15476959537872015,Low
CUST00462,OR,110,False,0,1,0.09298410715947025,Low
CUST01976,AL,125,False,0,1,0.0780526151091355,Low
CUST02549,MD,51,False,0,0,0.06016852267582313,Low
CUST00996,MI,81,False,0,1,0.5549743792062353,Medium
CUST01018,HI,98,False,0,1,0.08393117970505487,Low
CUST02937,UT,73,False,0,0,0.09248351417936221,Low
CUST00908,KS,167,True,1,1,0.7711782336044638,High
CUST03277,ME,57,False,0,0,0.2688881392541328,Low
CUST00962,AK,120,False,0,0,0.06376613480712735,Low
CUST00897,IL,127,False,0,1,0.13538550226677062,Low
CUST01845,NV,113,True,1,1,0.6454182677394554,High
CUST01791,MA,120,False,0,0,0.12668445894838024,Low
CUST02777,NY,157,False,0,1,0.11445906145950367,Low
CUST01929,SC,161,True,1,0,0.9403545411911098,High
CUST02035,WA,184,False,0,1,0.08841143973810936,Low
CUST01951,IL,16,False,0,0,0.18876874086331566,Low
CUST00750,NV,81,True,1,1,0.647873177404617,High
CUST00902,MN,95,False,0,0,0.09807463028616009,Low
CUST01839,AR,98,True,1,1,0.3429471132390938,Medium
CUST02855,MS,1,False,0,0,0.1751193085162264,Low
CUST01965,SD,183,False,0,0,0.09274297455461365,Low
CUST02008,SC,73,False,0,0,0.25414845477411696,Low
CUST01093,IN,99,False,0,1,0.3888224416576403,Medium
CUST03166,KY,58,True,1,1,0.40817200704106965,Medium
CUST02248,ID,151,False,0,0,0.1989122866146417,Low
CUST01348,TX,133,False,0,1,0.41530434417430045,Medium
CUST00384,GA,141,False,0,1,0.05638782294168229,Low
CUST01730,KS,132,False,0,0,0.112815149862057,Low
CUST01757,UT,91,False,0,1,0.10145670002837863,Low
CUST00941,VT,48,False,0,0,0.12077104799887164,Low
CUST02062,MN,61,False,0,0,0.1485423355292117,Low
CUST03139,VT,142,False,0,1,0.32371386919980927,Medium
CUST01113,NV,27,False,0,1,0.11921547775678606,Low
CUST01499,VA,146,False,0,1,0.1368568965181798,Low
CUST01928,MI,108,True,1,1,0.3661407822748554,Medium
CUST02786,NC,63,False,0,0,0.041558679527493966,Low
CUST02435,MN,113,False,0,0,0.10626944099502797,Low
CUST00227,AK,48,False,0,0,0.060828773305816784,Low
CUST02188,WV,137,False,0,1,0.30895453104573645,Medium
CUST01422,WV,92,False,0,0,0.19867794956942142,Low
CUST03199,KS,186,False,0,0,0.15647394413852536,Low
CUST01206,ND,62,False,0,0,0.06802166976820885,Low
CUST00869,WI,116,False,0,0,0.10808081335686719,Low
CUST02852,MO,167,False,0,1,0.31736162168005394,Medium
CUST01948,WI,165,False,0,0,0.16547844708861226,Low
CUST00215,WV,114,False,0,0,0.06722598522636075,Low
CUST00709,VT,125,False,0,1,0.0612917158889353,Low
CUST02158,WI,122,False,0,1,0.09962041228991449,Low
CUST01150,VA,95,False,0,0,0.11705133609490258,Low
CUST01713,VT,48,False,0,1,0.4065383454527144,Medium
CUST01952,DC,114,True,1,1,0.825906404723452,High
CUST01660,AL,82,False,0,0,0.09781752038429392,Low
CUST01159,OH,75,False,0,1,0.108093878721711,Low
CUST00176,FL,70,True,1,1,0.6793874179288543,High
CUST01237,MI,135,False,0,1,0.16985856490534817,Low
CUST01978,ID,119,False,0,1,0.2500044770151235,Low
CUST00816,UT,87,False,0,0,0.09502131491588289,Low
CUST01659,MO,109,False,0,0,0.16885256738959697,Low
CUST01812,NH,148,False,0,0,0.12483249487805954,Low
CUST01248,AZ,127,False,0,0,0.08650807726748959,Low
CUST03201,WI,74,False,0,0,0.1831292429515116,Low
CUST00253,GA,103,False,0,1,0.062021052826264265,Low
CUST00613,LA,115,False,0,1,0.5490312288084799,Medium
CUST01384,ME,23,True,1,0,0.14632013522069193,Low
CUST00863,SD,148,False,0,0,0.07341708796209866,Low
CUST02962,UT,103,False,0,0,0.04751707283686588,Low
CUST01706,MN,129,False,0,1,0.09043316247448828,Low
CUST00999,NV,3,False,0,1,0.07254507340185044,Low
CUST00206,NJ,106,False,0,1,0.2977505100863539,Low
CUST00299,KS,132,False,0,0,0.23543722123844465,Low
CUST00074,KY,74,False,0,1,0.0631015362690521,Low
CUST02739,TX,84,False,0,0,0.14798423645585532,Low
CUST00705,AZ,87,False,0,0,0.1014007920425639,Low
CUST01517,UT,61,False,0,1,0.08141676682586388,Low
CUST00322,TN,98,False,0,0,0.08504513888888889,Low
CUST01698,KS,43,False,0,1,0.10375052681059264,Low
CUST01218,AR,95,False,0,0,0.19712504302430744,Low
CUST00744,NE,91,False,0,0,0.10171956130870166,Low
CUST01281,TN,67,False,0,0,0.09693042182248542,Low
CUST01184,VT,128,False,0,0,0.14823832131982925,Low
CUST00519,NY,140,False,0,1,0.2549285338557259,Low
CUST00986,RI,107,False,0,1,0.20530398846192166,Low
CUST02639,SC,111,False,0,0,0.061757843142140174,Low
CUST01752,DC,157,False,0,0,0.12138594564325528,Low
CUST02650,MO,89,False,0,0,0.12100237354613891,Low
CUST01397,WY,93,False,0,0,0.18431122718748422,Low
CUST02588,AK,121,False,0,0,0.13093635278925853,Low
CUST01379,ND,35,False,0,0,0.5684240836188718,Medium
CUST03006,CT,95,False,0,1,0.18588176143071058,Low
CUST02417,AL,141,False,0,1,0.5239993166718457,Medium
CUST00134,MI,62,False,0,0,0.13331610168154784,Low
CUST03153,OH,169,False,0,1,0.06831792922847994,Low
CUST02007,AZ,138,False,0,1,0.1357730138114183,Low
CUST02747,AZ,140,False,0,1,0.13283888532811752,Low
CUST02666,LA,117,False,0,0,0.34222150353642533,Medium
CUST01773,DE,129,False,0,0,0.1124210471602232,Low
CUST00938,NE,149,False,0,0,0.1445276275784032,Low
CUST01663,MS,136,False,0,1,0.0994486244412283,Low
CUST01964,MD,120,False,0,0,0.16864420658267498,Low
